"my_auc","power","avg_log2fc","pct_1","pct_2","cluster","gene","avg_expr","statistic","pval","padj"
0.673357093668194,0.346714187336387,0.831237837665192,0.542914791246314,0.179143745172694,"Adipocyte","KAZN",1.3393751170012,3027593198,0,0
0.53898394684236,0.0779678936847201,0.0214344492728817,0.198510010864504,0.108115892602024,"Adipocyte","PLA2G2A",0.343347561821528,2423415668.5,1.48936083270114e-88,4.7433314621216e-88
0.477845055535904,0.0443098889281923,-0.274211861326573,0.269750116405401,0.27594779989482,"Adipocyte","PLA2G5",0.478065083328349,2148518896.5,6.93086822842242e-15,1.20286215253228e-14
0.642547908196994,0.285095816393987,0.665533244769967,0.817631538103368,0.578672012587178,"Adipocyte","NFIA",2.09948015176104,2889066877.79688,0,0
0.561665218493806,0.123330436987613,0.209508741631279,0.334161105075275,0.182419506686938,"Adipocyte","NEGR1",0.780371460371359,2525396719,7.24909017047192e-141,3.08906305546459e-140
0.488302417668833,0.0233951646623332,-0.157353072797004,0.103057581871799,0.119793136950045,"Adipocyte","ST6GALNAC3",0.168312892597328,2195537987.5,9.23380032020184e-09,1.41808241401635e-08
0.392268457581474,0.215463084837051,-0.815660777187961,0.229706658388949,0.370888998112783,"Adipocyte","NEXN",0.315022634656144,1763743673.5,5.69219732964751e-260,4.18759312321437e-259
0.505078640261914,0.0101572805238281,-0.0722634203111726,0.099177401831445,0.0830160506582332,"Adipocyte","VAV3",0.113197964379283,2270968361.5,0.00333120416678247,0.00428023402534274
0.518396292018679,0.0367925840373586,-0.0685580343086045,0.584510321278907,0.391444903152956,"Adipocyte","PDE4DIP",1.04593403446567,2330848078,7.56112465857973e-09,1.16343288036787e-08
0.50113446057302,0.00226892114603938,0.00210799059207363,0.0062082880645662,0.00393492612340994,"Adipocyte","ITLN1",0.0130500333828367,2253234277,0.00387561469132238,0.00495948019643753
0.451526653585013,0.0969466928299743,-0.352382976788966,0.0580474934036939,0.148307738162622,"Adipocyte","RGS5",0.0721622659662953,2030184337.5,6.45869369520224e-105,2.26054279332079e-104
0.501898282337257,0.00379656467451439,-0.0294499291921162,0.0333695483470433,0.0289086670115339,"Adipocyte","CD247",0.0344227241549361,2256668623.5,0.0704532004570355,0.0839413994350771
0.514733923448675,0.0294678468973506,0.0461238943025893,0.0346112059599565,0.00509133012253297,"Adipocyte","PRG4",0.0576760377940334,2314381091.5,4.53898456502935e-228,2.90481817439305e-227
0.539915610956776,0.0798312219135513,0.0426730344761768,0.204407884525842,0.110812735633436,"Adipocyte","KCNT2",0.308144076462749,2427604679,8.89131991884237e-91,2.87486554820363e-90
0.475069047830868,0.0498619043382633,-0.158891949718837,0.033059133943815,0.0812606666446945,"Adipocyte","PTPRC",0.0501757325555909,2136037225,2.82042672141181e-48,6.9163680614738e-48
0.351930110374571,0.296139779250857,-1.00267824383675,0.0835014744684153,0.355655130808351,"Adipocyte","TNNT2",0.145478198979881,1582371699,0,0
0.503125366082168,0.00625073216433503,-0.0486241690085623,0.0698432407263697,0.0608236978274794,"Adipocyte","LMOD1",0.0690617508622542,2262185919.5,0.036894415406218,0.0448374581930935
0.860097621887626,0.720195243775253,1.9759830913001,0.777898494490144,0.102409819833117,"Adipocyte","G0S2",2.1445471284593,3867228450,0,0
0.365362691919516,0.269274616160968,-1.60333750333648,0.146826012726991,0.368126238620454,"Adipocyte","RYR2",0.297267123402677,1642768170.5,0,0
0.576435601237083,0.152871202474167,0.262919212841009,0.568834393915878,0.37048203561495,"Adipocyte","SMYD3",1.05886032051851,2591808301.71875,2.44307770283008e-131,9.88001940350022e-131
0.857825089745968,0.715650179491937,1.70635329657309,0.792487971441875,0.15033825175216,"Adipocyte","LPIN1",1.93131972359643,3857010539,0,0
0.362906675784981,0.274186648430039,-1.25651698139515,0.243675306534223,0.428905514485142,"Adipocyte","SLC8A1",0.397124454693519,1631725266.5,0,0
0.515138517203663,0.0302770344073253,0.0139415719021015,0.0727921775570387,0.0415474319090124,"Adipocyte","NRXN1",0.103314638661421,2316200253,1.35591107011532e-33,2.94020016829242e-33
0.560848361576287,0.121696723152574,0.289524413626055,0.735371721247866,0.562902215796163,"Adipocyte","SPTBN1",1.60698704654594,2521723912.29688,3.28429021886387e-69,9.34608488198908e-69
0.815019982491569,0.630039964983137,1.45623146009227,0.817476330901754,0.267758396109209,"Adipocyte","EHBP1",1.968973194432,3664547353,0,0
0.405069522231089,0.189860955537822,-0.834810236096155,0.135651094210771,0.292442677755917,"Adipocyte","TMSB10",0.164526830295746,1821300676.5,2.8817058250157e-235,1.91014689462463e-234
0.499042716187488,0.00191456762502373,-0.0574477150819405,0.0634797454601893,0.0627639345248928,"Adipocyte","IL18R1",0.0673888566339348,2243829236,0.52852995840974,0.576268781496461
0.486565920990563,0.0268681580188737,-0.0845038503235933,0.0117957473226758,0.0382931648928929,"Adipocyte","CXCR4",0.0132344096737136,2187730235,3.32331292767971e-29,6.92255319719634e-29
0.493842849691752,0.012314300616496,-0.149405331176092,0.134254229396244,0.134210213325729,"Adipocyte","ARHGAP15",0.176185064320827,2220449248.5,0.00402169358235585,0.00514230197273495
0.677098468245472,0.354196936490945,0.772384230041441,0.764861089554555,0.405347544540182,"Adipocyte","ZEB2",1.69037374107476,3044415416.59375,0,0
0.49602704154786,0.00794591690427993,-0.160617404053082,0.171969579388484,0.161819179683974,"Adipocyte","SCN7A",0.29168413987288,2230269958,0.0864239999678658,0.102236666270423
0.365733946906135,0.26853210618773,-1.51823345790239,0.2028558125097,0.403188063961895,"Adipocyte","TTN",0.391654081211053,1644437432,0,0
0.542341469295155,0.0846829385903096,0.0428810741914112,0.379015986341766,0.243095608960626,"Adipocyte","TFPI",0.642880270811928,2438511985.5,1.77016354246753e-54,4.53933027226823e-54
0.505349792204806,0.0106995844096114,-0.13814212505741,0.186248641936986,0.154589863481278,"Adipocyte","MYO1B",0.223543550448094,2272187533,0.0186791335952225,0.0230715268166813
0.561136752865777,0.122273505731553,0.0914208937569409,0.362253608567438,0.207651181552562,"Adipocyte","ANKRD44",0.506791320374808,2523020596.5,2.82345849050752e-125,1.10405752519579e-124
0.53076110523746,0.06152221047492,0.147158076667517,0.680583579078069,0.516395286686451,"Adipocyte","CFLAR",1.27302550880141,2386443578.14062,1.63420196525501e-19,3.03827351547252e-19
0.52415717725905,0.0483143545181006,0.0259635677738449,0.106006518702468,0.0547292911257815,"Adipocyte","NRP2",0.126895400948179,2356750555.5,4.89934673922928e-64,1.34844967606354e-63
0.517291479263191,0.0345829585263815,-0.0218145552183127,0.114853329194475,0.0748495743372888,"Adipocyte","DOCK10",0.135337048117704,2325880545,1.23349360012372e-25,2.47937563174834e-25
0.617166968215456,0.234333936430912,0.423127516148696,0.442495731801956,0.176107289070908,"Adipocyte","PID1",0.882983087109996,2774947398,0,0
0.627856375515649,0.255712751031298,0.397431035913802,0.458792487971442,0.157299603211565,"Adipocyte","COL6A3",0.827607193833943,2823009826,0,0
0.56292676860919,0.125853537218381,0.159476799323963,0.185472605928915,0.0573530528635687,"Adipocyte","CHL1",0.254848495916354,2531068985,0,0
0.918193194621533,0.836386389243066,2.51141819790986,0.899736147757256,0.180738636933566,"Adipocyte","PPARG",2.84049493390679,4128441649.5,0,0
0.479995949991295,0.0400081000174101,-0.108453643967721,0.0311966475244451,0.0697826046459641,"Adipocyte","STAB1",0.0332879756148904,2158189892,3.27442296618727e-36,7.25580489185834e-36
0.511720264926027,0.0234405298520537,-0.036358852258039,0.136892751823685,0.106050987815485,"Adipocyte","CADM2",0.197250429380918,2300830878.5,1.33698753427993e-09,2.09493100122226e-09
0.607936521799155,0.215873043598309,0.278413266681401,0.342697501164054,0.106369106387735,"Adipocyte","CCDC80",0.534854802842126,2733444847.5,0,0
0.538522837870007,0.0770456757400142,0.0597451284785445,0.451187335092348,0.325273374191986,"Adipocyte","KALRN",0.734702768856748,2421342399.5,1.74008444314366e-37,3.90399582326701e-37
0.499460541808288,0.00107891638342406,-0.00607915226086185,0.00232810802421232,0.00340186256991085,"Adipocyte","CPA3",0.00288766682118923,2245707891.5,0.138164065494205,0.160892986080663
0.452649722485479,0.0947005550290424,-0.374118838135399,0.100729473847587,0.182471093482438,"Adipocyte","TM4SF1",0.150620915422708,2035233955,1.29819099472928e-84,4.02530630267114e-84
0.527824822651058,0.0556496453021156,0.00242425792470344,0.150861399968959,0.087416690907684,"Adipocyte","KCNAB1",0.217708955081573,2373241268,2.29769594618431e-55,5.93532135585188e-55
0.570581668868949,0.141163337737898,0.129891071878949,0.273940710848983,0.118443282467798,"Adipocyte","RARRES1",0.385173124521543,2565487459.5,8.5245584541399e-263,6.3616323514539e-262
0.4025236249772,0.194952750045601,-0.441502544783546,0.121216824460655,0.293371240074915,"Adipocyte","TNIK",0.147537814311145,1809853643,1.73638544190495e-247,1.21113744169624e-246
0.478441791581123,0.0431164168377537,0.0875976911747267,0.825236690982462,0.666836712029611,"Adipocyte","LPP",1.97146364215986,2151201981.01562,1.21004085505075e-09,1.89804413423172e-09
0.359097114439768,0.281805771120465,-1.21818277828046,0.0903305913394381,0.345488233195243,"Adipocyte","FGF12",0.160469945250212,1614596462,0,0
0.475479891437289,0.0490402171254212,-0.268662966488432,0.173521651404625,0.201493724323031,"Adipocyte","LDB2",0.267496041742087,2137884487.5,3.2718845228381e-22,6.31085644685408e-22
0.533601686480319,0.0672033729606378,-0.010559305437581,0.399348129753221,0.290918001355586,"Adipocyte","RBPJ",0.555452340246393,2399215589.5,5.1697133326791e-31,1.09631536682895e-30
0.542393779468534,0.0847875589370681,0.014977495932589,0.15877696725128,0.0660554586710955,"Adipocyte","RBM47",0.183863665350885,2438747186,1.21513341692371e-161,5.69173663267562e-161
0.499148999802954,0.00170200039409185,-0.010010374973554,0.00403538724196803,0.00572040243432356,"Adipocyte","KIT",0.00365224799004253,2244307115.5,0.0709816096851658,0.0845309425772628
0.359714762916907,0.280570474166187,-0.853052645107494,0.307931088002483,0.515816368203619,"Adipocyte","IGFBP7",0.61511938080416,1617373574.39062,0,0
0.53145361659036,0.0629072331807197,0.00962004932905774,0.32314139376067,0.229495323513691,"Adipocyte","BMP2K",0.411190980252699,2389557294,3.79029723933032e-32,8.11607476949369e-32
0.374895176210163,0.250209647579674,-0.953905353485694,0.268042837187645,0.428445532225268,"Adipocyte","SPARCL1",0.481030178028446,1685628763.89062,0,0
0.500975608569964,0.00195121713992896,-0.00512173186496639,0.00869160329039267,0.00670485044844688,"Adipocyte","MMRN1",0.00920520461579355,2252520036,0.0564170871659412,0.0676759119443234
0.49727793726899,0.00544412546201978,-0.0188150323628791,0.0124165761291324,0.0177229301873031,"Adipocyte","HPGDS",0.0109442067697933,2235894319,0.000963205923822833,0.00126795595562955
0.417764942354443,0.164470115291115,-0.675785148569453,0.487971441874903,0.483108906890133,"Adipocyte","PDLIM5",0.84542305839698,1878382673.51562,9.84984257495588e-133,4.00913860480987e-132
0.527894230786384,0.0557884615727677,0.0240990939946546,0.156914480831911,0.0956548155557116,"Adipocyte","SMAD1",0.16467303655394,2373553345.5,1.87580242899557e-51,4.70272347038718e-51
0.364775541607703,0.270448916784595,-1.03583332676387,0.211702623001707,0.409881450678008,"Adipocyte","PALLD",0.314947743252166,1640128186,0,0
0.875522887973127,0.751045775946255,1.91250485427248,0.799161881111284,0.0924721968666754,"Adipocyte","TENM3",2.06683474158643,3936584563,0,0
0.919573221912391,0.839146443824782,2.40051755090609,0.912773552692845,0.212828489667595,"Adipocyte","ACSL1",2.78341054145131,4134646620.5,0,0
0.345734466243635,0.30853106751273,-1.21825854678041,0.101660717057271,0.377371738747272,"Adipocyte","SORBS2",0.168290225526997,1554514429.5,0,0
0.532601890066766,0.0652037801335323,-0.0391499709732033,0.165761291323917,0.0884899828473905,"Adipocyte","EGFLAM",0.213839271944414,2394720238,2.00701563224399e-74,5.88243623149961e-74
0.631697082254089,0.263394164508179,0.512648033772182,0.488747477882974,0.183813783131978,"Adipocyte","C7",1.05810389444438,2840278668.5,0,0
0.865387144538312,0.730774289076625,2.0262452839807,0.843706347974546,0.242794685986877,"Adipocyte","GHR",2.48255436827401,3891011555.5,0,0
0.38954598539968,0.220908029200639,-0.753788251425874,0.159397796057737,0.334616316043637,"Adipocyte","CMYA5",0.226676730772578,1751502712,5.73294037876053e-291,4.75593716206926e-290
0.579121944853504,0.158243889707008,0.240844089729012,0.557504268198044,0.350861857726484,"Adipocyte","FER",0.943668309701001,2603886819.54688,4.04217955499471e-145,1.75910220713039e-144
0.477692333395853,0.0446153332082938,-0.290623237301261,0.173832065807853,0.192705340523004,"Adipocyte","PDGFRB",0.233302366771221,2147832217,2.89513997227477e-19,5.35544640181738e-19
0.421309890622264,0.157380218755471,-0.50401941641512,0.0389570076051529,0.189890994235176,"Adipocyte","CD74",0.0401503549017275,1894321707,1.4787312123729e-223,9.2549446028115e-223
0.44418044707884,0.11163910584232,-0.620092482393146,0.384137823995033,0.373135889650113,"Adipocyte","SGCD",0.632375605998372,1997153832.5,7.71099194299138e-71,2.21543213866173e-70
0.873979318898029,0.747958637796058,2.36674049210604,0.93388173211237,0.290349113638546,"Adipocyte","EBF1",3.19334362909115,3929644264.49219,0,0
0.486776108469517,0.0264477830609663,-0.10140970661768,0.0408194940245227,0.0652787908055135,"Adipocyte","DOCK2",0.0431846846984423,2188675294,1.10901742798422e-17,2.00534034308604e-17
0.559202013840246,0.118404027680493,0.150146389129502,0.205028713332299,0.079986759389155,"Adipocyte","GFPT2",0.322294864169092,2514321493.5,1.9107148505946e-262,1.42289682658233e-261
0.489727750433206,0.0205444991335889,-0.123244733371991,0.0361632779760981,0.055209334917239,"Adipocyte","F13A1",0.0442372635009358,2201946664,6.28160561937839e-13,1.05233176227996e-12
0.376356424571567,0.247287150856865,-0.959193451741923,0.126804283718765,0.335777018942385,"Adipocyte","MLIP",0.202806068955291,1692198926.5,0,0
0.364796759164276,0.270406481671448,-0.631969529471439,0.475399658544156,0.570574318660234,"Adipocyte","DST",0.823423588014047,1640223585.79688,0,0
0.530107823032539,0.0602156460650787,-0.0300524593028484,0.275027161260282,0.18140496637544,"Adipocyte","ADGRB3",0.477519904696841,2383506247,3.39958142512572e-35,7.46272317827673e-35
0.509220207033,0.0184404140659997,0.0076939655025009,0.0918826633555797,0.0721828236032517,"Adipocyte","SLC35F1",0.128776725909985,2289589951,1.33517068810929e-08,2.04247599747944e-08
0.396351471152854,0.207297057694293,-0.785760862689298,0.456309172745615,0.54710805857394,"Adipocyte","LAMA2",1.31127686919911,1782101992.1875,1.97709677881261e-199,1.10893721237094e-198
0.511076057947672,0.022152115895343,-0.0495904152640688,0.12401055408971,0.0945585961513385,"Adipocyte","ARHGAP18",0.134993318063286,2297934352,1.62637462069112e-09,2.54452427996909e-09
0.750636135115413,0.501272270230826,1.10162869464251,0.640850535464846,0.139186906124929,"Adipocyte","AKAP12",1.40526275040506,3375060392.5,0,0
0.524097418239572,0.0481948364791449,0.0234709769707541,0.152103057581872,0.0996628229727464,"Adipocyte","SYTL3",0.190271020138109,2356481863,1.55624294408096e-37,3.49376045011521e-37
0.541925119499368,0.0838502389987359,0.321424568912459,0.808163898804905,0.58239342669588,"Adipocyte","QKI",1.84994355324493,2436639965.70312,2.0784740402654e-33,4.49982603529861e-33
0.489598517668417,0.0208029646631659,-0.0690326401589763,0.0225050442340525,0.0426379194472188,"Adipocyte","IKZF1",0.024381398263707,2201365599,1.70253277824642e-16,3.02756535646971e-16
0.880094288993827,0.760188577987655,1.58623274289019,0.770293341611051,0.0176197565963032,"Adipocyte","MLXIPL",1.60927456875854,3957138802,0,0
0.510271384922417,0.0205427698448346,0.0765120934405432,0.689275182368462,0.545477342649527,"Adipocyte","CD36",1.69265474099099,2294316327.32812,0.0028331932186987,0.00365420717449444
0.656320553787128,0.312641107574255,0.511809211923347,0.37917119354338,0.067521383443218,"Adipocyte","SEMA3A",0.620816985415791,2950992368,0,0
0.512657748979673,0.0253154979593462,0.0161971406872129,0.04407884525842,0.0183777958968436,"Adipocyte","RELN",0.0483389974328338,2305046057,1.24003643560393e-50,3.09254059811051e-50
0.679303536955374,0.358607073910748,0.852266575869974,0.657612913239174,0.320174879236745,"Adipocyte","NAMPT",1.54488231842903,3054329994,0,0
0.858443316616126,0.716886633232253,1.78760965446619,0.804749340369393,0.167092496557298,"Adipocyte","PLXNA4",2.06704908408123,3859790252,0,0
0.320145777080218,0.359708445839565,-0.936236467060333,0.434269750116405,0.631952574539337,"Adipocyte","CALD1",0.783410629456749,1439460853.9375,0,0
0.506176922599883,0.0123538451997658,-0.00233556886426269,0.039112214806767,0.0263422239354133,"Adipocyte","KIAA1549",0.0381232696944495,2275906532,7.77677181417111e-10,1.22508501959912e-09
0.39198886908421,0.21602226183158,-0.991093356104628,0.189663200372497,0.352220310007982,"Adipocyte","TMSB4X",0.27375300147355,1762486569,1.40509431081381e-269,1.07687210626861e-268
0.525628346604201,0.0512566932084015,0.0273259941955563,0.107248176315381,0.0532017487923675,"Adipocyte","GPM6B",0.127143000127581,2363365325.5,1.09043375788574e-73,3.18169637903971e-73
0.778187539714488,0.556375079428976,1.51492611513158,0.85767499611982,0.454577110079057,"Adipocyte","SAT1",2.55604619881937,3498938860.46875,0,0
0.632149013908239,0.264298027816478,1.00775343630641,0.88530187800714,0.45145467598477,"Adipocyte","DMD",2.65242484279402,2842310673.82812,0,0
0.459279573715891,0.0814408525682179,-0.319979380263348,0.133322986186559,0.19711887747133,"Adipocyte","TIMP1",0.182044397317459,2065043535.5,2.40147972915203e-59,6.38798685845423e-59
0.474083837184078,0.0518323256318434,-0.15888234464396,0.200838118888716,0.233566381458559,"Adipocyte","FLNA",0.248735759270875,2131607455,3.7091866167264e-22,7.14572245611303e-22
0.47894813807826,0.0421037238434796,-0.223498101686313,0.128045941331678,0.155574311495401,"Adipocyte","F8",0.161117809518506,2153478650,2.37994098812821e-20,4.47528514658488e-20
0.476873708723641,0.0462525825527181,-0.176962124930767,0.139531274251125,0.174144124908827,"Adipocyte","CTSB",0.169158343584325,2144151462,3.22899487451006e-22,6.22949476721122e-22
0.736532623565521,0.473065247131041,1.22400349293289,0.909514201458948,0.550472664013768,"Adipocyte","DLC1",2.72415886635811,3311647240.64062,0,0
0.489641380893663,0.0207172382126741,-0.076459736238384,0.0262300170727922,0.0460999666118796,"Adipocyte","MSR1",0.0299347970564595,2201558323.5,2.66644841869324e-15,4.6611900297792e-15
0.619037018774487,0.238074037548973,0.575445759145927,0.787676548191836,0.513848905141914,"Adipocyte","RBPMS",1.81264038699893,2783355644.39062,3.70635344248815e-268,2.82581371554551e-267
0.515986586302454,0.0319731726049084,0.0213758822258009,0.0512183765326711,0.018734604565718,"Adipocyte","XKR4",0.0681664838541035,2320013398,5.37341464736422e-78,1.60755187309969e-77
0.470858274869764,0.0582834502604711,-0.386297136019323,0.149774949557659,0.185351356231183,"Adipocyte","FABP5",0.204319971061778,2117104466,1.05879677988958e-32,2.27742170095447e-32
0.558797303832568,0.117594607665136,0.350122431219998,0.746236225360857,0.496464155058444,"Adipocyte","ZFPM2",1.6357260408023,2512501809.29688,7.29224426676898e-68,2.05917918913476e-67
0.50407918368584,0.0081583673716803,-0.0108425958902206,0.0291789539034611,0.0206533467650064,"Adipocyte","PKHD1L1",0.0472634488363122,2266474538,4.77086059567533e-06,6.8185017293706e-06
0.622408834477072,0.244817668954143,0.564736830053011,0.795902529877386,0.57578888390535,"Adipocyte","NFIB",1.95602577647098,2798516227.65625,6.40539729513897e-272,4.95658423383074e-271
0.746276025489456,0.492552050978912,1.00813820633024,0.698277200062083,0.177389794125697,"Adipocyte","BNC2",1.42036386936887,3355456176,0,0
0.500164601439353,0.000329202878706525,-0.00565509145477322,0.00527704485488127,0.0049337038029499,"Adipocyte","CCL21",0.00726955481246779,2248873531.5,0.707449538531751,0.749908117225011
0.484818997773731,0.0303620044525387,-0.211830975821861,0.219152568679187,0.22627401472803,"Adipocyte","FRMD3",0.316674100183975,2179875602,9.71799085145522e-09,1.49153163290483e-08
0.494339840208582,0.0113203195828359,-0.13817813498099,0.464379947229551,0.409526074975675,"Adipocyte","GSN",0.962078717485301,2222683850.5,0.0788435677763846,0.0935772569362952
0.481861584466681,0.0362768310666374,-0.227421970025461,0.302498835945988,0.29291842264775,"Adipocyte","STOM",0.418289343191464,2166578282.5,4.284060239732e-10,6.78759166446204e-10
0.464179594242453,0.0716408115150943,-0.323366769686626,0.258419990687568,0.281529204574602,"Adipocyte","ENG",0.366252725609284,2087075335.5,7.18982142604001e-36,1.59059332942365e-35
0.4460614942292,0.107877011541601,-0.329171162434145,0.0495110973149154,0.151408677758783,"Adipocyte","EGFL7",0.0607316520857113,2005611522.5,2.69715370438447e-127,1.06722693870185e-126
0.406668543195254,0.186662913609493,-0.780710990907102,0.185938227533758,0.324373471203821,"Adipocyte","IFITM3",0.257980802184922,1828490301.5,2.27078110835404e-212,1.34159667495241e-211
0.897382170605803,0.794764341211606,1.81590125842943,0.83749805990998,0.0908113886448865,"Adipocyte","PNPLA2",1.94582051827036,4034869731.5,0,0
0.919451411416097,0.838902822832194,2.57341405744956,0.905168399813751,0.192895925073045,"Adipocyte","PDE3B",2.93099863493224,4134098928,0,0
0.418085968112748,0.163828063774504,-0.495439297345449,0.120440788452584,0.26238620454451,"Adipocyte","CD59",0.13689096088828,1879826091,2.1134924021657e-189,1.1307055949861e-188
0.35434078689616,0.291318426207681,-1.05802539569888,0.0664286822908583,0.338283277423755,"Adipocyte","MYBPC3",0.120718439342643,1593210744,0,0
0.483998794236164,0.0320024115276721,-0.0928826476337388,0.0138134409436598,0.0453204328132142,"Adipocyte","MS4A6A",0.0140978829696713,2176187748,6.5646217973589e-35,1.43765380620598e-34
0.871427445132311,0.742854890264622,1.87136148915667,0.864348905789229,0.25768464132131,"Adipocyte","TMEM135",2.34042553906141,3918170359,0,0
0.479481801240295,0.0410363975194098,-0.20229923224119,0.068135961508614,0.103709520486406,"Adipocyte","GUCY1A2",0.0821243674891737,2155878142,6.05852054680873e-27,1.2351274901076e-26
0.853786700235593,0.707573400471187,1.78247260165908,0.853173987273009,0.278571561632607,"Adipocyte","SIK2",2.29620601876361,3838852862,0,0
0.546781967943767,0.0935639358875344,0.0265040958201982,0.218376532671116,0.111853069342684,"Adipocyte","TAGLN",0.300583213644505,2458477652.5,7.35093364161646e-123,2.83416469562498e-122
0.702748666956964,0.405497333913929,0.63235600060255,0.535154431165606,0.111990634130684,"Adipocyte","MCAM",0.853862739890855,3159745555.5,0,0
0.676566912143918,0.353133824287835,0.624623307190607,0.44715194785038,0.0906537623253035,"Adipocyte","NTM",0.80026627554638,3042025398.5,0,0
0.503954439756021,0.00790887951204278,-0.0238926219399896,0.0474934036939314,0.0385081098741425,"Adipocyte","ITGA8",0.0550766076690169,2265913656,0.00103852222879785,0.00136567262701319
0.489910724892271,0.0201785502154576,-0.0998240422941374,0.0305758187179885,0.0495347874122487,"Adipocyte","MRC1",0.0334335518337323,2202769366,1.00966933868911e-13,1.71710084907229e-13
0.355861107460743,0.288277785078513,-0.968077920171666,0.0968492938072327,0.356484818435974,"Adipocyte","NEBL",0.149725603463121,1600046511,0,0
0.577662437895071,0.155324875790141,0.3858090583367,0.708055253763775,0.437766979578794,"Adipocyte","SVIL",1.53905592004396,2597324486.75,7.09176721686324e-124,2.74868407181768e-123
0.535158080585462,0.0703161611709238,0.129141116346591,0.628744373738942,0.490249379167246,"Adipocyte","NRP1",1.25212857846688,2406213552.76562,1.59896355835618e-25,3.20995625097106e-25
0.313648641702019,0.372702716595963,-1.15238291047915,0.373894148688499,0.618320763828485,"Adipocyte","PRKG1",0.918456138346701,1410247999.32812,0,0
0.548804758014899,0.0976095160297978,0.0956053591797837,0.307155051994413,0.180113863521401,"Adipocyte","BICC1",0.585642088563701,2467572656.5,6.01381239688561e-90,1.93558596370521e-89
0.401835447299302,0.196329105401397,-0.537872377543674,0.195405866832221,0.354366893887395,"Adipocyte","ANK3",0.319161847803376,1806759412.5,3.3100467144585e-222,2.05486579961378e-221
0.381983081236046,0.236033837527908,-1.02934425811645,0.181437218686947,0.35824593431568,"Adipocyte","CTNNA3",0.28618429870328,1717497876.5,0,0
0.604741184284498,0.209482368568997,0.407312511925468,0.619587148843706,0.360584535711676,"Adipocyte","LRMDA",1.26346498110894,2719077757.26562,1.73438681777597e-248,1.21697293365221e-247
0.345991320436475,0.308017359127049,-1.04487874359231,0.0715505199441254,0.357384721424139,"Adipocyte","LDB3",0.112677412752897,1555669314.5,0,0
0.464176162173046,0.0716476756539077,-0.277866808365202,0.0765171503957784,0.140106870644677,"Adipocyte","ACTA2",0.0927380292074707,2087059904,7.13842060218579e-61,1.92176495942672e-60
0.710614719023443,0.421229438046887,1.31428277157119,0.905789228620208,0.428044301593602,"Adipocyte","SORBS1",2.62112477635813,3195113424.875,0,0
0.512688112835662,0.0253762256713232,-0.0157592235532021,0.104764861089555,0.0755302334445793,"Adipocyte","SORCS1",0.129405244055329,2305182581,1.96816565113063e-14,3.38674484100759e-14
0.369374979220401,0.261250041559199,-0.905098696478989,0.0897097625329815,0.324836319396778,"Adipocyte","RBM20",0.127906912757459,1660808485,0,0
0.950144405118173,0.900288810236346,3.31326840938228,0.906565264628279,0.0365865017417708,"Adipocyte","GPAM",3.35863498593485,4272102819,0,0
0.400280676353203,0.199438647293594,-0.729805054736957,0.466087226447307,0.488908122484248,"Adipocyte","ABLIM1",0.778269745789011,1799768747.39062,3.05653665901458e-193,1.66198591042188e-192
0.415531879841512,0.168936240316975,-0.326428758363543,0.0678255471053857,0.228595420525526,"Adipocyte","PTPRE",0.0776916058538806,1868342228.5,8.31418342760056e-223,5.17601267327328e-222
0.309395086273637,0.381209827452727,-1.47171379308275,0.177712245848207,0.485971974040378,"Adipocyte","CACNA1C",0.300565469316933,1391122878.9375,0,0
0.445213594048317,0.109572811903366,-0.432073682284064,0.0766723575973925,0.175519772788825,"Adipocyte","VWF",0.110203227480681,2001799137,2.9032083138228e-116,1.07985860238748e-115
0.483843289009536,0.0323134219809287,-0.142391706450386,0.0285581250970045,0.0594179576501068,"Adipocyte","CD163",0.0317262895722326,2175488555,7.50979552722341e-28,1.54331993962029e-27
0.491863396905805,0.0162732061883909,-0.0605434313279649,0.0114853329194475,0.0275186894661197,"Adipocyte","CD69",0.0156609428247665,2211549100.5,1.61516546467687e-15,2.83244988189675e-15
0.465016274003961,0.0699674519920773,-0.355662559274589,0.21403073102592,0.252268027793819,"Adipocyte","MGP",0.369635199542209,2090837271,5.95542963191823e-37,1.32852472042234e-36
0.693741727624883,0.387483455249766,0.84133214650906,0.70526152413472,0.271866711184161,"Adipocyte","EPS8",1.52703714293317,3119247952.5,0,0
0.931062695044264,0.862125390088527,2.60805706101966,0.937296290547881,0.134763338410811,"Adipocyte","MGST1",2.94377342588825,4186306358,0,0
0.437273365307282,0.125453269385436,-0.371924425738646,0.187645506751513,0.280576281824396,"Adipocyte","ABCC9",0.224280396149805,1966097749.5,1.13568048517507e-106,4.00352375998865e-106
0.886024494032264,0.772048988064527,2.36646869212557,0.922706813596151,0.283950918030015,"Adipocyte","SOX5",3.08226713155045,3983802586.5,0,0
0.378378517112652,0.243242965774697,-0.610739760164635,0.295669719074965,0.448373797920192,"Adipocyte","PPFIBP1",0.398134363915341,1701290794.21875,1.50583957917132e-298,1.27996364229562e-297
0.522322232687914,0.0446444653758284,-0.0800858095040241,0.299549899115319,0.215261666855341,"Adipocyte","DCN",0.636747074891471,2348500155,9.2412965068818e-18,1.67308505426812e-17
0.55705066990086,0.11410133980172,0.0884316737919733,0.447307155051994,0.282426241629684,"Adipocyte","BTG1",0.6719163662695,2504648477,1.10924276782264e-87,3.51493048342792e-87
0.497420262450573,0.00515947509885339,-0.0932928221731746,0.118112680428372,0.113946633460055,"Adipocyte","ELK3",0.114555544182076,2236534251,0.195648386363027,0.224757640116472
0.902786232498456,0.805572464996912,2.67401531853531,0.897563246934658,0.315355812757128,"Adipocyte","ACACB",3.34296035909798,4059167836,0,0
0.436709877069555,0.126580245860891,-0.401409057845175,0.063169331056961,0.181184289528024,"Adipocyte","FLT1",0.0856330811123668,1963564156,1.05681145009947e-150,4.72640001502078e-150
0.643611800825308,0.287223601650615,0.60541563784408,0.732267577215583,0.424854518071858,"Adipocyte","STARD13",1.53100955821022,2893850422.98438,0,0
0.404579525707325,0.19084094858535,-0.491778823718442,0.478814216979668,0.55918796652017,"Adipocyte","LHFPL6",0.905792890408327,1819097521.35938,5.331337487862e-168,2.57247988592399e-167
0.425001300061842,0.149997399876316,-0.460273189512709,0.0223498370324383,0.169148803544586,"Adipocyte","RNASE1",0.0254531958250287,1910919269,3.45739930854291e-223,2.16004670528761e-222
0.500199770170271,0.000399540340541238,-0.107088153591383,0.124631382896166,0.113618484122014,"Adipocyte","RHOJ",0.13399701344683,2249031659.5,0.920096740013189,0.935521649057888
0.538258596882545,0.0765171937650901,0.0583652693754273,0.156448859227068,0.0757910333551622,"Adipocyte","NRXN3",0.218445551659668,2420154301.5,8.61243070224729e-117,3.2183774565665e-116
0.490482714515933,0.0190345709681349,-0.115041966771032,0.0538568989601117,0.07026121547088,"Adipocyte","FMN1",0.0601387988786476,2205341184,2.66287973360575e-09,4.14775253102189e-09
0.461462567355758,0.0770748652884846,-0.170978608221777,0.0723265559521962,0.144261040648962,"Adipocyte","FRMD5",0.0847214911441348,2074858857.5,1.68861141954781e-68,4.78670920989475e-68
0.380313955113873,0.239372089772254,-1.11756847494621,0.245693000155207,0.407737732731678,"Adipocyte","B2M",0.354006423419379,1709993040,8.91318076731635e-304,7.72154154815424e-303
0.640935077265906,0.281870154531813,0.493323298670081,0.484556883439392,0.163620418626845,"Adipocyte","FBN1",0.92082244542537,2881815159.5,0,0
0.613660579547112,0.227321159094224,0.543410510461579,0.651404625174608,0.416136349632372,"Adipocyte","RORA",1.58401185862461,2759181738.76562,5.98974814726325e-270,4.59858083564082e-269
0.283218333443481,0.433563333113039,-1.20748296392102,0.143566661493093,0.522681710904732,"Adipocyte","TPM1",0.214665097424913,1273425212.1875,0,0
0.628545182048568,0.257090364097135,0.411061643267023,0.293186403849139,0.0344872057582328,"Adipocyte","NTRK3",0.476068724048348,2826106884,0,0
0.889082177966509,0.778164355933019,1.80582321767348,0.7796057737079,0.00346204716466075,"Adipocyte","PLIN1",1.80974341861273,3997550749.5,0,0
0.497022762246938,0.00595447550612349,-0.0376066183076227,0.0364736923793264,0.0415904209052623,"Adipocyte","MCTP2",0.0409042183378489,2234746984,0.0171468754578718,0.0212161564257438
0.442392134970954,0.115215730058091,-0.383776024433465,0.0305758187179885,0.141926738152591,"Adipocyte","SLC9A3R2",0.0313734098880154,1989113104,4.20103790748599e-153,1.89617323492166e-152
0.501709531197069,0.00341906239413858,-0.0595554658702732,0.0603756014279063,0.0548066713190314,"Adipocyte","MYH11",0.0636288707510719,2255819948,0.230486612402821,0.262978117234937
0.512138812145452,0.0242776242909046,0.0287226418942961,0.0428371876455067,0.0184193519265519,"Adipocyte","HP",0.0594689974184476,2302712778.5,1.22401744456124e-46,2.96606978998523e-46
0.600121164197636,0.200242328395271,0.30359060851405,0.572404159553003,0.321775502863784,"Adipocyte","ZFHX3",1.01065248305186,2698304913.96875,1.30011140937178e-243,8.94785546770446e-243
0.499884481946028,0.000231036107943616,-0.00272974340458671,0.00279372962905479,0.00302069346982817,"Adipocyte","KRT19",0.00332515428712662,2247614039.5,0.736497187565968,0.777229820085795
0.454918540768407,0.0901629184631858,-0.299101439471862,0.0880024833152258,0.16683599554634,"Adipocyte","PECAM1",0.105421784102557,2045435167.5,1.40447545402989e-82,4.30409286521219e-82
0.569736309907328,0.139472619814657,0.149943279344094,0.366599410212634,0.204788114402317,"Adipocyte","PRKCA",0.52034542530458,2561686500,4.42340248663719e-164,2.09253195258271e-163
0.575145078927153,0.150290157854307,0.223672426868884,0.420456309172746,0.243909533956292,"Adipocyte","ABCA8",0.82478656422641,2586005769,6.50968722017418e-167,3.12394036298931e-166
0.603071605060746,0.206143210121492,0.324930568682815,0.385224274406332,0.154718830470027,"Adipocyte","ABCA9",0.715645713127138,2711570883.5,0,0
0.632195457030388,0.264390914060775,0.447187121082645,0.473226757721558,0.170137550458334,"Adipocyte","ABCA6",0.912845030672032,2842519494.5,0,0
0.916469076323261,0.832938152646521,2.33705143455969,0.840446996740649,0.0200328722524658,"Adipocyte","FASN",2.36548299922667,4120689553.5,0,0
0.399719336255173,0.200561327489653,-0.804708152336198,0.199751668477417,0.340095980098961,"Adipocyte","MYOM1",0.292356284121296,1797244812.5,1.20474178720646e-237,8.08609464797262e-237
0.672259285000952,0.344518570001903,0.876657890598293,0.868849914636039,0.518834195740364,"Adipocyte","PTPRM",2.20956554167217,3022657157.25,0,0
0.844549158822296,0.689098317644592,1.6664096557978,0.801955610740338,0.166416136349632,"Adipocyte","BCL2",1.98423100537254,3797318410.5,0,0
0.543910971326486,0.0878219426529729,0.142990299920914,0.252677324227844,0.150944396599284,"Adipocyte","CDH19",0.608622848885694,2445568885.5,2.24467585748558e-84,6.95150891542746e-84
0.418841447400658,0.162317105198684,-0.393572905706918,0.26261058513115,0.366915381892748,"Adipocyte","DSTN",0.313471092884418,1883222927.5,2.7007251148988e-149,1.20114067483833e-148
0.741933863307939,0.483867726615878,0.919765721657345,0.540741890423716,0.0553254052071138,"Adipocyte","SLC24A3",1.0302959908871,3335932656,0,0
0.614683246096522,0.229366492193045,0.332758776996482,0.488902685084588,0.240847284456755,"Adipocyte","RALGAPA2",0.771500605243451,2763779920.5,0,0
0.457630478877987,0.084739042244027,-0.364516215129749,0.109576284339593,0.178599217886862,"Adipocyte","ID1",0.136463479074493,2057628765,2.98191665537679e-69,8.48836530378149e-69
0.418406515255252,0.163186969489495,-0.417892633210407,0.214185938227534,0.339954116411336,"Adipocyte","MYL9",0.28506266151016,1881267356.5,4.93882029479348e-158,2.28660628369881e-157
0.498973789785133,0.00205242042973486,-0.00894133373860626,0.00698432407263697,0.00900762768090128,"Adipocyte","SLPI",0.00836729741354009,2243519324.5,0.0823088810494071,0.09755208701495
0.593714697401084,0.187429394802167,0.30902531733534,0.363029644575508,0.152559349891739,"Adipocyte","TSHZ2",0.69437964655274,2669499729.5,0,0
0.568513291979793,0.137026583959586,0.106846060343861,0.340524600341456,0.170396917402376,"Adipocyte","CFD",0.608458828476327,2556187485,6.07839464214862e-183,3.14029587672401e-182
0.871443162393297,0.742886324786594,1.61228329611314,0.771690206425578,0.0574132374583186,"Adipocyte","PLIN4",1.6831463487794,3918241028,0,0
0.574162120482084,0.148324240964167,0.132053397756988,0.273009467639298,0.10551219239582,"Adipocyte","C3",0.3928999366366,2581586125.5,0,0
0.475510392851839,0.0489792142963229,-0.0972368369537727,0.0392674220083812,0.0867088054361019,"Adipocyte","ZNF536",0.0432125183385927,2138021630,4.82770953592553e-44,1.14543473456447e-43
0.503486856301441,0.00697371260288127,0.00359179554898778,0.0122613689275182,0.00525325534174103,"Adipocyte","HAS1",0.0135030496350535,2263811276,1.83629468953958e-14,3.16198886118215e-14
0.464259167081072,0.0714816658378565,-0.213735595908027,0.524755548657458,0.526910395169183,"Adipocyte","TIMP3",1.14312405295552,2087433116.21875,1.29266571543584e-25,2.59712851702671e-25
0.547253946933696,0.0945078938673916,0.077521442178113,0.234362874437374,0.12273358429354,"Adipocyte","NCAM2",0.389589535600838,2460599796,1.04945060257873e-115,3.89196125765775e-115
0.426343148857574,0.147313702284853,-0.366068712932827,0.307775880800869,0.397446167029446,"Adipocyte","APP",0.4420450871401,1916952579.29688,7.57911825525864e-118,2.84552186552153e-117
0.487444004210765,0.0251119915784697,-0.185540911128972,0.271612602824771,0.25558391237123,"Adipocyte","COL6A2",0.42493206708842,2191678331.5,5.80990619133052e-06,8.28132630638663e-06
0.431689818563436,0.136620362873127,-0.401387634941757,0.0481012658227848,0.18284943779269,"B","KAZN",0.115479505087891,598790029.5,8.20514805160624e-55,9.10580135380524e-54
0.449923421182917,0.100153157634166,-0.304949868241124,0.00962025316455696,0.109222136316585,"B","PLA2G2A",0.0180144758159242,624081567.5,5.64412857671742e-46,5.2456143795856e-45
0.365817510796345,0.268364978407309,-0.732549536090484,0.00911392405063291,0.276641307891975,"B","PLA2G5",0.0192731085417923,507419607,3.37522887582068e-151,1.17016793230224e-149
0.229111832860552,0.541776334278896,-1.34366705968426,0.0460759493670886,0.582361911433661,"B","NFIA",0.100136176377153,317797351.84375,0,0
0.418258061124237,0.163483877751526,-0.516405936974189,0.0222784810126582,0.184261897337542,"B","NEGR1",0.0578215127140348,580159054,3.01005926949096e-77,4.8062705216931e-76
0.508764804596636,0.0175296091932717,0.0411078652027144,0.137721518987342,0.119589190697701,"B","ST6GALNAC3",0.36521906685878,705699507.5,0.0168217095511959,0.0268136436433761
0.320226874872518,0.359546250254964,-1.09757340258139,0.0146835443037975,0.370595496930891,"B","NEXN",0.0287260642774747,444181566.5,1.25968257745382e-223,7.27394411610383e-222
0.540908750676036,0.0818175013520721,0.22070940381686,0.162025316455696,0.0829421304503211,"B","VAV3",0.404890795025025,750285860,2.13291727149498e-39,1.71686192804249e-38
0.324960317561163,0.350079364877674,-1.00505721551194,0.0572151898734177,0.394155948633175,"B","PDE4DIP",0.111626074830519,450747249,8.7877045035711e-205,4.49910034060739e-203
0.499029040040636,0.00194191991872739,-0.00883886496097921,0.0020253164556962,0.00396115166711518,"B","ITLN1",0.00214724813783997,692195184.5,0.169771343640344,0.228926797656668
0.441060490227349,0.117879019545302,-0.356325357690189,0.0318987341772152,0.147807056887093,"B","RGS5",0.0659954496884509,611787938,7.36797887152093e-49,7.2656687505726e-48
0.504167902667897,0.00833580533579448,0.00806332959869946,0.0374683544303797,0.0289255198121657,"B","CD247",0.0716439594645134,699323218.5,0.0273798211117469,0.0425419858332674
0.498325240546449,0.00334951890710145,-0.00904238369865434,0.0020253164556962,0.00537076351127191,"B","PRG4",0.00295706456066643,691218955.5,0.0417951430873883,0.0631720400963363
0.447734518741016,0.104530962517969,-0.250821514579596,0.00759493670886076,0.111961624385431,"B","KCNT2",0.0157432647736874,621045376,7.00439666185251e-49,6.91100470636114e-48
0.70759406437523,0.41518812875046,1.10319468717783,0.491645569620253,0.0796644269500698,"B","PTPRC",1.3077152041422,981492387.5,0,0
0.335304826804015,0.32939034639197,-1.07681022826297,0.0329113924050633,0.354066018245218,"B","TNNT2",0.0651931826974185,465095952,3.77607242205444e-193,1.7877469757318e-191
0.471760537425285,0.0564789251494309,-0.107940798157639,0.00455696202531646,0.0610646698589391,"B","LMOD1",0.00960299050050442,654371481.5,1.14422259039254e-25,6.33313898868428e-25
0.464481962961183,0.0710360740776347,-0.0985655710650516,0.0359493670886076,0.108793557361947,"B","G0S2",0.0883514399291535,644275487.5,4.97249699192255e-24,2.61888806883194e-23
0.324412998499244,0.351174003001513,-1.83713366854123,0.0227848101265823,0.367067195769456,"B","RYR2",0.0539551231816408,449988071.5,1.28303915964313e-214,6.99593983889622e-213
0.46086605175842,0.0782678964831599,-0.119546320942063,0.259746835443038,0.372613092873487,"B","SMYD3",0.679135243123372,639259915.015625,4.07748040016968e-12,1.31814582980522e-11
0.497037404674796,0.00592519065040742,0.0366262905004189,0.143291139240506,0.156249065598209,"B","LPIN1",0.277099972095811,689432619,0.471029531765603,0.561131771743493
0.297015455751336,0.405969088497328,-1.57339895608526,0.0313924050632911,0.428324085425325,"B","SLC8A1",0.0731598386525248,411985379,9.53753988338333e-263,6.91255771301018e-261
0.489606525444864,0.0207869491102729,-0.03173657740242,0.0207594936708861,0.04189252492806,"B","NRXN1",0.0578530251431809,679125365.5,4.09930389283848e-06,9.21702287254837e-06
0.265387910015055,0.46922417996989,-1.0980153015063,0.117974683544304,0.565735610924349,"B","SPTBN1",0.225175016956975,368115317.140625,0,0
0.424899120112753,0.150201759774494,-0.27515605724106,0.116962025316456,0.273225490908004,"B","EHBP1",0.251679087412545,589370760.5,5.00590863637399e-49,4.95860871225077e-48
0.613614393822119,0.227228787644238,0.735198671562354,0.534683544303797,0.290323085882381,"B","TMSB10",1.72483711730682,851134692.5,4.33620039156603e-105,9.67923463830936e-104
0.483116459837985,0.0337670803240301,-0.0623425767487996,0.0288607594936709,0.062865840548695,"B","IL18R1",0.0621432773154149,670123099.5,6.66102828951191e-10,1.90043787842028e-09
0.735296747264346,0.470593494528693,1.40146267599174,0.502278481012658,0.0367453059213664,"B","CXCR4",1.49449787492847,1019918335,0,0
0.658515406754663,0.317030813509326,0.972923958214515,0.427848101265823,0.133384876715918,"B","ARHGAP15",1.29441928094907,913416168,0,0
0.399119110481847,0.201761779036305,-0.450602537852808,0.199493670886076,0.409224556862176,"B","ZEB2",0.475716442049301,553611722.265625,6.52991659673458e-68,8.82616201854869e-67
0.42307550233215,0.153848995335701,-0.432561287172286,0.00911392405063291,0.162341721235731,"B","SCN7A",0.0194839023342997,586841249.5,6.42153030071389e-76,9.98199396788818e-75
0.319517375290851,0.360965249418299,-1.75968890733086,0.059746835443038,0.40231603497546,"B","TTN",0.141244168634586,443197431,3.78259102740216e-215,2.08184353670646e-213
0.386608308628178,0.226783382743644,-0.565791675331107,0.0207594936708861,0.244967756908878,"B","TFPI",0.0361864070416986,536258189.5,2.94163009383871e-118,7.41172950109976e-117
0.435993707590775,0.12801258481845,-0.310157402928908,0.0288607594936709,0.155233860300347,"B","MYO1B",0.0511342779479737,604759885,4.63606241175024e-55,5.17757331615379e-54
0.639251623536347,0.278503247072694,0.859730262332801,0.436962025316456,0.208424637736875,"B","ANKRD44",1.27352614863008,886695683,2.80136100681501e-199,1.39766487399507e-197
0.409792604312673,0.180414791374653,-0.396087482085021,0.337721518987342,0.518403977668331,"B","CFLAR",0.732236888985179,568416754.515625,5.03149758371572e-49,4.98115432514903e-48
0.478457772897275,0.0430844542054493,-0.076717020251101,0.0121518987341772,0.0553194337062397,"B","NRP2",0.0246674626360854,663661109.5,5.85508962811902e-17,2.3550552908375e-16
0.580823345969374,0.161646691938749,0.400465404851476,0.232405063291139,0.0747735010059503,"B","DOCK10",0.55629445296376,805650755.5,1.38648562470343e-162,5.25135157468318e-161
0.417760816175531,0.164478367648938,-0.431141297091484,0.0151898734177215,0.179003618003733,"B","PID1",0.0337941190603351,579469333.5,5.58239057014004e-80,9.24901812994416e-79
0.425958296793098,0.148083406413804,-0.410077602320886,0.0136708860759494,0.160469358028594,"B","COL6A3",0.0248842585266839,590839927.5,3.93005587959482e-71,5.59096479413763e-70
0.477939514440717,0.0441209711185655,-0.0656161364255611,0.0141772151898734,0.0586498196693535,"B","CHL1",0.0313984786094797,662942241.5,7.65702835663288e-17,3.06420321329285e-16
0.411789656066065,0.17642068786787,-0.333293909904516,0.0116455696202532,0.187810132403844,"B","PPARG",0.0196922660454976,571186833,2.53137693438019e-88,4.64886450138726e-87
0.475551831676233,0.0488963366475342,-0.101256762226332,0.0207594936708861,0.0695664802846562,"B","STAB1",0.0397766540970144,659630325,1.46867300989822e-17,6.06051289838974e-17
0.454939395071593,0.0901212098568149,-0.193984484540523,0.0162025316455696,0.106586589323116,"B","CADM2",0.0398361560609565,631039144.5,2.44760301143887e-38,1.92271116134975e-37
0.448043858339579,0.103912283320842,-0.249322476052006,0.00506329113924051,0.1088220343689,"B","CCDC80",0.010365179023822,621474456,1.62573715165467e-49,1.62777047839353e-48
0.348561062425943,0.302877875148114,-0.625250829170503,0.0232911392405063,0.32727769780485,"B","KALRN",0.0520067081976018,483483464,9.18361886119009e-172,3.77901624727289e-170
0.50007565727951,0.000151314559019289,-0.00042081909940422,0.00354430379746835,0.00339161152806195,"B","CPA3",0.00849156710173398,693646930.5,0.908053743130418,0.940024835361954
0.422095346822819,0.155809306354361,-0.468278680595994,0.0293670886075949,0.18215175112235,"B","TM4SF1",0.0543517364332537,585481691.5,5.71572208482352e-71,8.0920657040122e-70
0.4641494037879,0.0717011924242006,-0.178619779412382,0.0167088607594937,0.0881975620834348,"B","KCNAB1",0.0371879841230396,643814200,3.38746358964159e-29,2.09922620481238e-28
0.446897769834015,0.106204460331971,-0.230878872400295,0.0141772151898734,0.120163002387797,"B","RARRES1",0.0262388770929227,619884735,1.83235190473028e-47,1.75674369875393e-46
0.372106868295411,0.255786263409178,-0.50927550070126,0.0344303797468354,0.292520086968779,"B","TNIK",0.0771540501790504,516143474,2.13688702270865e-132,6.1797790219942e-131
0.262645342982479,0.474709314035042,-1.29291093843388,0.249113924050633,0.669464532599766,"B","LPP",0.595381973697767,364311146.359375,1.81489476782328e-302,1.63917572562815e-300
0.335659542170113,0.328680915659775,-1.31983642709433,0.020253164556962,0.344062045702748,"B","FGF12",0.0513732970483711,465587972,1.02612201712189e-195,5.0061110707897e-194
0.408165034492594,0.183669931014811,-0.495586659945304,0.0192405063291139,0.201749627307171,"B","LDB2",0.0395043146179889,566159178.5,2.16126916867517e-90,4.08853626194491e-89
0.424928635989757,0.150142728020486,-0.300299968707107,0.139746835443038,0.292337834124282,"B","RBPJ",0.266457185730661,589411701.5,7.93754643429905e-47,7.50381469677267e-46
0.52262464859058,0.0452492971811602,0.0726587034813643,0.113924050632911,0.0667714620522525,"B","RBM47",0.241478138269502,724924275,9.69666519912918e-16,3.69249010782839e-15
0.49967401973626,0.000651960527479956,-0.00451042995578342,0.00506329113924051,0.00570679219331331,"B","KIT",0.00907326490543577,693089825.5,0.700863283752592,0.779415555562963
0.267024654444137,0.465950691111726,-1.33847634193266,0.0637974683544304,0.51518038048129,"B","IGFBP7",0.125645217389508,370385619.109375,0,0
0.492582066994178,0.014835866011645,0.0614130219884739,0.193924050632911,0.230454450315454,"B","BMP2K",0.462899742948407,683252691.5,0.122103731086885,0.169878419456689
0.307114834180506,0.385770331638987,-1.30729686984508,0.0587341772151899,0.428013686049541,"B","SPARCL1",0.122578146098101,425994064.976562,1.58818582392667e-237,1.01344669315204e-235
0.500945212779926,0.00189042555985131,0.00327796865127806,0.00860759493670886,0.00671772594013279,"B","MMRN1",0.0175488586594011,694853077,0.304596878530113,0.385884061622238
0.493944651404397,0.0121106971912065,-0.0177391954442072,0.00556962025316456,0.0177084267735124,"B","HPGDS",0.0118976656790605,685142710.5,4.5292101246458e-05,9.38121236213829e-05
0.284093616610343,0.431812766779315,-1.37477610992739,0.0769620253164557,0.484295642590781,"B","PDLIM5",0.144105091213185,394061703,6.3043028846227e-280,5.06992613716781e-278
0.45491041809491,0.0901791638101795,-0.129055406792595,0.00607594936708861,0.0964687087528352,"B","SMAD1",0.0121008972894352,630998951,8.10761562848691e-42,6.9688299877458e-41
0.304152837249814,0.391694325500372,-1.29746621955949,0.0227848101265823,0.409151940494446,"B","PALLD",0.0474772788379182,421885526.5,1.05254583408376e-250,7.15731167176954e-249
0.460516361311146,0.0789672773777089,-0.125470726295684,0.0192405063291139,0.0991612097602094,"B","TENM3",0.0467068748495396,638774865,1.05564434230633e-31,6.98685011525705e-31
0.414431454663731,0.171137090672538,-0.313555518922569,0.0470886075949367,0.219715770993605,"B","ACSL1",0.0921770259156743,574851229.5,8.6564660669251e-74,1.28873778842506e-72
0.321168644097413,0.357662711805174,-1.32040609428913,0.0243037974683544,0.37583526621018,"B","SORBS2",0.0587005829606824,445487879.5,1.64546920183432e-219,9.28846268676476e-218
0.457767773937407,0.0844644521251858,-0.240300741233522,0.00506329113924051,0.0894334641851803,"B","EGFLAM",0.0130042080077936,634962343.5,2.16040590138165e-39,1.73740039886455e-38
0.412265990961362,0.175468018077276,-0.527044142220315,0.0131645569620253,0.187091087978289,"B","C7",0.0245794426225109,571847549.5,1.18165253344808e-87,2.14549117722553e-86
0.379503705246108,0.240992589507784,-0.45918645292745,0.00759493670886076,0.248968776385727,"B","GHR",0.0169466707033271,526403508,9.53673098012354e-132,2.71781401329993e-130
0.338821136982712,0.322357726034575,-0.950298525805137,0.0151898734177215,0.333907145023429,"B","CMYA5",0.0259355391149669,469973369.5,7.240428085132e-192,3.40049118494253e-190
0.400213872595565,0.19957225480887,-0.386532145717479,0.144303797468354,0.353338430717578,"B","FER",0.319579270913183,555130249.25,3.42934226240019e-72,4.96282464465013e-71
0.410001601381056,0.179996797237889,-0.497802436350588,0.0146835443037975,0.193032815478962,"B","PDGFRB",0.0248604518948274,568706651,6.538214987643e-90,1.22631568011042e-88
0.753689216977653,0.507378433955305,1.81843094040699,0.652151898734177,0.187206419856447,"B","CD74",2.35289059238869,1045430235,0,0
0.319531898203928,0.360936203592144,-1.20776133196394,0.0167088607594937,0.374239129970484,"B","SGCD",0.0424208890743226,443217575.5,4.58905279531568e-224,2.68512949604983e-222
0.480904629812067,0.0381907403758666,-0.113873959688527,0.260759493670886,0.296336005900436,"B","EBF1",0.73469978349203,667055105.515625,0.000275720023228453,0.000534858580140931
0.621615565128276,0.243231130256551,0.589887630518909,0.304810126582278,0.0643808173185765,"B","DOCK2",0.73190013749945,862232989,0,0
0.46236235589125,0.0752752882174996,-0.161444694702358,0.00607594936708861,0.0813417226595816,"B","GFPT2",0.0125300670933667,641335414.5,2.41624670721329e-34,1.72987548810733e-33
0.481572844571288,0.0368543108574231,-0.128884042583336,0.0187341772151899,0.0551371808617427,"B","F13A1",0.0378319129759758,667981975.5,7.60632272167816e-13,2.54343185445597e-12
0.335634421124359,0.328731157751282,-1.13860815972744,0.00810126582278481,0.334781389136876,"B","MLIP",0.0178094290915372,465553127,3.97359600417359e-199,1.97692013631371e-197
0.240459077277117,0.519081845445767,-1.31799516921892,0.0622784810126582,0.571130579891531,"B","DST",0.135312547782715,333536932.734375,0,0
0.417297741111889,0.165404517776222,-0.465460023032244,0.0182278481012658,0.182722715111751,"B","ADGRB3",0.0431426684862731,578827009.5,1.48020182127762e-79,2.43183903697214e-78
0.467147347369506,0.0657053052609883,-0.105051605056379,0.00658227848101266,0.0725480229125998,"B","SLC35F1",0.016396128515398,647972599.5,2.48077530899217e-29,1.546051477069e-28
0.234028300269275,0.531943399461449,-2.03274581368392,0.0253164556962025,0.54774241408131,"B","LAMA2",0.0628039298355621,324616905,0,0
0.487258077507528,0.025483844984944,-0.0432733612719062,0.0688607594936709,0.0949010495200912,"B","ARHGAP18",0.14097805985002,675867871,0.00011630943448798,0.000233042293538374
0.436536020106497,0.126927959787006,-0.28048302965655,0.0177215189873418,0.144130675289504,"B","AKAP12",0.0340154178718981,605512118,1.49620915694249e-57,1.7509126692406e-56
0.495064105978155,0.00987178804369071,0.00939476333301845,0.0881012658227848,0.100176415058072,"B","SYTL3",0.176383177365805,686695488,0.145201281978338,0.198639504287905
0.279611921319508,0.440776157360985,-1.13931159395067,0.185822784810127,0.585579813219311,"B","QKI",0.395342706918533,387845215.28125,6.66709639477177e-271,5.15003954845265e-269
0.654336395891244,0.308672791782487,0.711644160218389,0.348860759493671,0.0415920925047094,"B","IKZF1",0.802431072380273,907619529,0,0
0.489259142727822,0.0214817145443555,-0.0308074819462998,0.0030379746835443,0.0245656900477132,"B","MLXIPL",0.00683181762527176,678643516.5,7.03435696719586e-10,2.0030573145716e-09
0.249201553636109,0.501596892727782,-1.47897647635803,0.0637974683544304,0.548151059131081,"B","CD36",0.142013488171136,345663481.59375,0,0
0.470814749337725,0.0583705013245504,-0.0841152880519637,0.0116455696202532,0.0705375462217419,"B","SEMA3A",0.0298104665823935,653059594,4.56305231523872e-24,2.40684268870873e-23
0.497065681982232,0.00586863603553633,-0.00233940136037828,0.0126582278481013,0.018629657948431,"B","RELN",0.0299571893254246,689471842,0.0539929158499763,0.0800305701018165
0.42938446787261,0.141231064254779,-0.324207122796388,0.184810126582278,0.323651150969429,"B","NAMPT",0.37711442331097,595592314.5,5.00034817615027e-39,3.99211840790383e-38
0.423422308299683,0.153155383400634,-0.253704559199742,0.0187341772151899,0.173359475225716,"B","PLXNA4",0.0427996209010898,587322298.5,2.21076708908708e-71,3.16039204326311e-70
0.198280670042886,0.603438659914228,-1.63609378573637,0.0379746835443038,0.631809386306262,"B","CALD1",0.0795764511500463,275031939.96875,0,0
0.491077042757992,0.0178459144840167,-0.023427444347768,0.00860759493670886,0.0265092457722324,"B","KIAA1549",0.0170757237718027,681165096.5,8.05771737174716e-07,1.89494616572588e-06
0.642069290721926,0.284138581443852,1.18558587243876,0.58379746835443,0.350077813421498,"B","TMSB4X",2.43804092495281,890604024,7.54540465334944e-145,2.4700681552935e-143
0.489102583352965,0.0217948332940693,-0.0400987530888829,0.0318987341772152,0.0537574698748863,"B","GPM6B",0.0600806805978815,678426355.5,1.79770407196854e-05,3.84704302740095e-05
0.538576648337928,0.0771532966758555,0.244623003732456,0.469873417721519,0.458232061977358,"B","SAT1",1.29891587063558,747051038.21875,1.00122040929042e-10,3.00451420146923e-10
0.283154989205863,0.433690021588275,-1.58158231230147,0.0313924050632911,0.456615991832794,"B","DMD",0.0767432686481874,392759747.96875,3.5337225528733e-290,3.03589861469291e-288
0.451875972397417,0.0962480552051652,-0.284677755432075,0.106835443037975,0.19678750884567,"B","TIMP1",0.215217103938125,626789920,1.50421636913161e-26,8.57077278975929e-26
0.447020996331531,0.105958007336939,-0.166386562755265,0.123037974683544,0.233576954127813,"B","FLNA",0.240244647175932,620055660.5,4.28867963852408e-28,2.57174755851843e-27
0.432227791760048,0.135544416479903,-0.342528855328211,0.0212658227848101,0.155699459364023,"B","F8",0.0410029892627236,599536243.5,2.28554324968923e-61,2.81489424570117e-60
0.463798762436139,0.0724024751277226,-0.140961383432253,0.100253164556962,0.174034380290494,"B","CTSB",0.203935496934318,643327831,3.52996880306985e-17,1.43347499561139e-16
0.233347627439067,0.533304745121866,-1.46103202148791,0.0258227848101266,0.555241833862294,"B","DLC1",0.0544177633032801,323672754.625,0,0
0.489480722679389,0.0210385546412214,-0.0452534462912847,0.0248101265822785,0.0459775515754192,"B","MSR1",0.0605685230188726,678950866.5,8.23162495528511e-06,1.80362501508437e-05
0.252379207385407,0.495241585229186,-1.19256553354729,0.0268354430379747,0.517730496453901,"B","RBPMS",0.0532375685195869,350071154.1875,0,0
0.49451130094701,0.0109773981059799,-0.0297058949301975,0.00810126582278481,0.0190625084541114,"B","XKR4",0.0173635581350974,685928701,0.000363634005767004,0.000696727818708494
0.440787159263375,0.11842568147325,-0.437753230518989,0.0754430379746835,0.18533405664931,"B","FABP5",0.150557531194401,611408805,3.50607759535798e-41,2.96442816175923e-40
0.260636878381408,0.478726243237184,-1.23736611653899,0.020253164556962,0.500094686048118,"B","ZFPM2",0.0549103080309199,361525237.296875,0,0
0.506647161719246,0.0132943234384926,-0.00231692234782015,0.0344303797468354,0.0206928171021513,"B","PKHD1L1",0.0556964299259886,702762159,3.46686428781289e-05,7.24299096523851e-05
0.222822257334402,0.554355485331196,-1.3396779643022,0.0293670886075949,0.579344772547026,"B","NFIB",0.0605340249493621,309073182.421875,0,0
0.418360761467236,0.163278477065529,-0.380774264535344,0.019746835443038,0.182611654784636,"B","BNC2",0.0417417645366643,580301508,1.31382904800369e-77,2.10739136552286e-76
0.498793350633295,0.00241329873340945,-0.00745723398019677,0.00253164556962025,0.00494360840698199,"B","CCL21",0.00543659042076612,691868263.5,0.126504476286257,0.175446636455906
0.401372251813377,0.197255496373246,-0.465910358435221,0.030379746835443,0.226759558663346,"B","FRMD3",0.0619633721997626,556737018.5,3.70857238676174e-95,7.49029551326237e-94
0.319701317549556,0.360597364900889,-0.985239907848224,0.0622784810126582,0.411005793647065,"B","GSN",0.116515699536905,443452574.359375,2.9549210550071e-212,1.60129444987031e-210
0.391841769349257,0.216316461301487,-0.483947964097613,0.08,0.293605060933676,"B","STOM",0.161039956506289,543517439,5.50964299959109e-95,1.1089809429577e-93
0.375374600517607,0.249250798964785,-0.621029946972702,0.0369620253164557,0.282004952151509,"B","ENG",0.0673728468911118,520676093,5.71970659181625e-129,1.58638539362311e-127
0.432614619817809,0.134770760364382,-0.355830861733864,0.0172151898734177,0.150851248930332,"B","EGFL7",0.0320584757143653,600072806.5,2.81629398548525e-62,3.51030217072656e-61
0.378396692601109,0.243206614797781,-0.826416732543778,0.0967088607594937,0.323743701242025,"B","IFITM3",0.207450458580265,524867988.5,3.49576821673449e-112,8.4687028656297e-111
0.479818301916436,0.0403633961671283,-0.0533196827783132,0.0567088607594937,0.0977572933174432,"B","PNPLA2",0.0933612201523769,665548277.5,1.70090849585122e-09,4.74594430116155e-09
0.434022812858176,0.131954374283648,-0.232222477280411,0.0637974683544304,0.199793256929524,"B","PDE3B",0.149555260698391,602026088.5,7.14338207651738e-48,6.91259588635297e-47
0.398698960890237,0.202602078219525,-0.520039747364478,0.0663291139240506,0.26163534907827,"B","CD59",0.109216466871057,553028939.5,2.07784179810588e-90,3.93494083314418e-89
0.337009120878929,0.325981758242142,-1.13841868105425,0.0136708860759494,0.336702163255833,"B","MYBPC3",0.0338385620864135,467459951,3.83593677333169e-195,1.86111621079663e-193
0.490514602405381,0.0189707951892386,-0.0512846324821094,0.0263291139240506,0.0450847974074533,"B","MS4A6A",0.0549900077718567,680384944.5,4.94209196457068e-05,0.000102087876706567
0.412743315703002,0.174513368593996,-0.317004428676329,0.0865822784810127,0.263731256789986,"B","TMEM135",0.17006805208883,572509639,3.52463573459304e-67,4.71343086998122e-66
0.453052723430101,0.0938945531397982,-0.261345426813871,0.010126582278481,0.103646338355254,"B","GUCY1A2",0.0219603804892001,628422172.5,1.78129154395865e-42,1.5500052703656e-41
0.395510231094696,0.208979537810607,-0.381594696220309,0.0718987341772152,0.284424073892138,"B","SIK2",0.149515108791476,548605903.5,1.07915544336796e-90,2.0547119641726e-89
0.456817647612143,0.0863647047757148,-0.22240956637246,0.0273417721518987,0.113067956105541,"B","TAGLN",0.0525356997516456,633644438.5,1.26113882497168e-33,8.81046290575219e-33
0.447843024067811,0.104313951864378,-0.207980851039727,0.0121518987341772,0.116153439808862,"B","MCAM",0.0198939946877532,621195882,3.47725392405987e-47,3.31751874921682e-46
0.459709963126061,0.0805800737478781,-0.150327459243064,0.0131645569620253,0.0941421372848028,"B","NTM",0.0314512030542266,637656323,1.92411023935106e-34,1.38203219965134e-33
0.500113719502815,0.000227439005630492,-0.00576148548599965,0.0389873417721519,0.0385891921215513,"B","ITGA8",0.0730053274838033,693699726,0.958219560001696,0.970842943723745
0.482444026144848,0.0351119477103036,-0.104360910841799,0.0146835443037975,0.0494588656753821,"B","MRC1",0.0282761295620846,669190377.5,6.46908483965398e-13,2.16974904201078e-12
0.328265049345697,0.343469901308607,-1.08013074188601,0.0151898734177215,0.355062713488562,"B","NEBL",0.0318455900219409,455331189.5,1.70218708515398e-209,9.00267836148102e-208
0.292407749682207,0.415184500635587,-1.09218861728926,0.0313924050632911,0.441389336215206,"B","SVIL",0.06765041629178,405594103.75,1.43595078301381e-270,1.10436529215892e-268
0.27089972788057,0.458200544238859,-1.05050878446804,0.0389873417721519,0.492788909914412,"B","NRP1",0.0766059353137165,375760671.375,0,0
0.201857444375799,0.596285111248402,-1.98851461790953,0.030379746835443,0.617731777919214,"B","PRKG1",0.0773584979536936,279993226.328125,0,0
0.415341540514878,0.169316918970245,-0.46259635641956,0.0131645569620253,0.18174880147397,"B","BICC1",0.02961220573513,576113595,1.24681528140588e-83,2.16985283953759e-82
0.392254760927506,0.215490478144988,-0.517956860367719,0.132151898734177,0.353533498215204,"B","ANK3",0.335609296256398,544090293,7.8409223695065e-84,1.36727054229454e-82
0.332782311539573,0.334435376920853,-1.22679103360474,0.0293670886075949,0.357548756195529,"B","CTNNA3",0.0827611258427483,461597011.5,6.91901706342581e-198,3.40384716539261e-196
0.339320051621244,0.321359896757512,-0.762159636468908,0.0420253164556962,0.363856413235543,"B","LRMDA",0.0998562478075917,470665406,5.60488124799668e-181,2.4433952608841e-179
0.325292310438523,0.349415379122955,-1.13567875248786,0.00911392405063291,0.355741890104382,"B","LDB3",0.0155033960413125,451207751,1.70262337301947e-216,9.45949616581037e-215
0.439619170137122,0.120761659725757,-0.331205311698894,0.020253164556962,0.139860548096953,"B","ACTA2",0.0377863329042157,609788706,1.4229540363098e-53,1.53748874156369e-52
0.295562425111555,0.408875149776891,-1.2543859923809,0.0339240506329114,0.433535377697662,"B","SORBS1",0.0679968308008359,409969903.484375,7.5347168465956e-265,5.55236121766702e-263
0.469753018017528,0.0604939639649431,-0.111801554371175,0.0151898734177215,0.0759681114476144,"B","SORCS1",0.0335322616257182,651586883.5,3.95635315934516e-24,2.0930997849921e-23
0.34127883857933,0.317442322841341,-1.00889660062045,0.00759493670886076,0.323571415349961,"B","RBM20",0.0186582036771831,473382408,7.34166471393181e-190,3.37601563816624e-188
0.482007454162968,0.0359850916740639,-0.0597508507753901,0.00860759493670886,0.0446462515003823,"B","GPAM",0.0160935309783042,668584815.5,1.00829162827726e-14,3.6834748303711e-14
0.282164126702387,0.435671746595227,-1.34190618373661,0.0759493670886076,0.489860049749331,"B","ABLIM1",0.163255254716036,391385338.46875,1.76984713942204e-283,1.43643077509221e-281
0.424940475575749,0.150119048848502,-0.251226327798284,0.0734177215189873,0.227556914858021,"B","PTPRE",0.150612313261924,589428124,9.88787868474034e-56,1.11560102111241e-54
0.262819286049354,0.474361427901292,-1.72878700748507,0.0141772151898734,0.48447077618354,"B","CACNA1C",0.0348767045933726,364552420,0,0
0.429384282231362,0.141231435537275,-0.467771007505341,0.0379746835443038,0.174999750826189,"B","VWF",0.0718649629453474,595592057,1.65350458029539e-60,2.01115488039796e-59
0.481653155137922,0.0366936897241568,-0.127085944550414,0.0232911392405063,0.0592364460125783,"B","CD163",0.0460858086649585,668093373,5.2243322481078e-12,1.68117923540425e-11
0.640281402933806,0.280562805867612,0.797190985405516,0.306835443037975,0.0265861336910045,"B","CD69",0.870606001782224,888124073.5,0,0
0.388067277613816,0.223865444772369,-0.661434983336846,0.0329113924050633,0.2525340976562,"B","MGP",0.0624639321281284,538281902,8.85793905203206e-113,2.16074823524084e-111
0.377135624395055,0.24572875120989,-0.629582797546683,0.0344303797468354,0.276510313659993,"B","EPS8",0.0655843128822146,523118781,4.1309236921162e-127,1.12622024869273e-125
0.434112657815112,0.131774684369777,-0.337115853644926,0.0111392405063291,0.142473313484859,"B","MGST1",0.0234047348101952,602150711,1.72864158768637e-62,2.16535104141767e-61
0.364183994700105,0.271632010599791,-0.578789482944182,0.00962025316455696,0.280485703830585,"B","ABCC9",0.0156359736685617,505153783,2.17977765756152e-153,7.67804882099471e-152
0.404524325212538,0.190951349574924,-0.477940723767561,0.0972151898734177,0.29033590053551,"B","SOX5",0.260846758208751,561109209,5.56075530455e-75,8.47197425810853e-74
0.294521096834638,0.410957806330723,-0.92464990478629,0.039493670886076,0.448122724509163,"B","PPFIBP1",0.0812300056210428,408525493.71875,3.7576255485647e-263,2.73468186617031e-261
0.399304252289412,0.201391495421177,-0.680929440217421,0.0177215189873418,0.216590419480551,"B","DCN",0.0370802828564065,553868529.5,1.39845570393338e-102,3.03320219922103e-101
0.665872940389208,0.331745880778415,0.960462185885521,0.53873417721519,0.283218072647692,"B","BTG1",1.5420625178912,923621685,1.88031373822264e-225,1.11501971574334e-223
0.488943007578182,0.0221139848436357,-0.0301902306302423,0.0906329113924051,0.114050412845408,"B","ELK3",0.176889339724794,678205010.5,0.00206572431844353,0.00368047918021522
0.352892216565331,0.294215566869338,-0.637166075728463,0.0273417721518987,0.321506832345893,"B","ACACB",0.0580279903815425,489491138.5,4.92800792483283e-164,1.8950234841082e-162
0.420193560379068,0.159612879241864,-0.440116758675428,0.0227848101265823,0.180547071780568,"B","FLT1",0.0444874167535513,582843754,6.54188574482642e-75,9.932387218783e-74
0.298846416702168,0.402307166595663,-0.877867917969292,0.0288607594936709,0.428788260638654,"B","STARD13",0.0557261643921197,414525075.59375,6.32079237825858e-258,4.4351312894777e-256
0.232074004995804,0.535851990008392,-1.33811634407996,0.0278481012658228,0.559944811560526,"B","LHFPL6",0.0587088782569108,321906133.34375,0,0
0.433512434602238,0.132975130795524,-0.405508205123316,0.0384810126582278,0.168169540708593,"B","RNASE1",0.0771446692830633,601318151,1.43445906641121e-55,1.61429348738877e-54
0.44540011645654,0.109199767086921,-0.233037842852539,0.00506329113924051,0.114024783539151,"B","RHOJ",0.00772115559468995,617807364,2.31021754828474e-52,2.43346599643486e-51
0.477076164044069,0.045847671911861,-0.0772150328744633,0.029873417721519,0.0766601027165641,"B","NRXN3",0.0836157110345956,661744702,2.0808133020295e-14,7.50200284039786e-14
0.47387934065059,0.0522413186988192,-0.134897406059405,0.0182278481012658,0.0702570477032582,"B","FMN1",0.0396092211386313,657310439.5,1.17004670958649e-19,5.2689497952537e-19
0.436908023539094,0.126183952921812,-0.218940612592477,0.0172151898734177,0.143958389397441,"B","FRMD5",0.0358093074980977,606028118,5.88936853023287e-57,6.79708771654399e-56
0.69894003533564,0.39788007067128,1.63754404364279,0.744303797468354,0.405304696855142,"B","B2M",3.09430323501832,969488522.5,3.08584403928665e-259,2.19144698467405e-257
0.422679437270552,0.154641125458897,-0.405413251119954,0.0131645569620253,0.166987744920058,"B","FBN1",0.0277357547631631,586291874,5.91972782598343e-75,9.00330280407774e-74
0.350403453312911,0.299193093374177,-0.771145133584985,0.135189873417722,0.419084720519535,"B","RORA",0.276589870821632,486039014.875,3.12866301359604e-145,1.02610824944978e-143
0.261525918462777,0.476948163074445,-1.29784403630859,0.0541772151898734,0.520521243135261,"B","TPM1",0.116897237600194,362758410.546875,0,0
0.482811592571387,0.0343768148572259,-0.0627498905964467,0.00253164556962025,0.0369503403714256,"B","NTRK3",0.00619360498987104,669700223,5.69773696537431e-16,2.19245233633761e-15
0.495468618257233,0.00906276348553448,-0.0167249165622232,0.00151898734177215,0.0105877511849995,"B","PLIN1",0.00376211238921917,687256580.5,8.3488160529942e-05,0.000169517348772578
0.585327523519259,0.170655047038518,0.413859823747736,0.208607594936709,0.0410738109781709,"B","MCTP2",0.490866076250095,811898428,0,0
0.439123221793403,0.121753556413194,-0.374004264826366,0.0212658227848101,0.141244530634852,"B","SLC9A3R2",0.0386831215743639,609100784,5.49849452111796e-54,5.98970638443987e-53
0.486720918248659,0.0265581635026819,-0.0608693972887451,0.0283544303797468,0.0549321464116835,"B","MYH11",0.0619408085595203,675122786,2.29901569265898e-07,5.60418884139929e-07
0.491659489109158,0.0166810217816842,-0.0286377170997681,0.0020253164556962,0.0186894596630316,"B","HP",0.00245170365973474,681972998.5,4.43214655653018e-08,1.13227393608369e-07
0.365522571540324,0.268954856919351,-0.591338375280483,0.0562025316455696,0.324821555955183,"B","ZFHX3",0.120159031450944,507010501.484375,1.70515834388397e-136,5.10735523001437e-135
0.499499581126658,0.00100083774668369,-0.00448443853661164,0.0020253164556962,0.00302141043767736,"B","KRT19",0.00155806242042488,692847864.5,0.418150690878691,0.50722983454477
0.464397569368502,0.071204861262996,-0.210198825807165,0.101772151898734,0.166295753651108,"B","PECAM1",0.19217761872329,644158426.5,3.06890735945654e-17,1.24970165120806e-16
0.429566947091289,0.140866105817422,-0.233805559350974,0.0617721518987342,0.206674725659634,"B","PRKCA",0.138623930976841,595845428.5,6.19052470467705e-53,6.61173566396435e-52
0.380143116785701,0.239713766428597,-0.592317488488636,0.00708860759493671,0.246195115908538,"B","ABCA8",0.0125038238153349,527290425.5,1.9648201038312e-131,5.58135672075404e-130
0.425500566395052,0.148998867209896,-0.376726409750512,0.00860759493670886,0.157244336991205,"B","ABCA9",0.0180176689959798,590205017,3.41807870935404e-73,5.04180923192155e-72
0.418717066138696,0.162565867722609,-0.452769193378911,0.0121518987341772,0.173362322926411,"B","ABCA6",0.0182493114404055,580795732.5,3.42553602872708e-80,5.68619609217167e-79
0.492008692552302,0.015982614895396,-0.0316051644352122,0.0116455696202532,0.0275828289343477,"B","FASN",0.0182947070127603,682457373,1.4660785398427e-05,3.15423592031635e-05
0.335547932128623,0.328904135742755,-1.0639837403629,0.0141772151898734,0.339724997543858,"B","MYOM1",0.0287027545213237,465433159.5,1.60417474421951e-197,7.86983999866127e-196
0.258622760970546,0.482754478058908,-1.24211236465696,0.0450632911392405,0.523377486932613,"B","PTPRM",0.102298232208632,358731487.3125,0,0
0.620550573010549,0.241101146021098,0.684991903812939,0.382784810126582,0.171638040155427,"B","BCL2",1.01613693888678,860755755.5,1.3683965356389e-174,5.71094781651003e-173
0.426858931161684,0.146282137676632,-0.454826912994741,0.00658227848101266,0.152283642380051,"B","CDH19",0.0133891657012244,592089183,1.72903132427287e-72,2.51044515112068e-71
0.371975684817496,0.256048630365007,-0.499587833829109,0.114430379746835,0.366668517672119,"B","DSTN",0.205256657368096,515961511.5,4.52722477285351e-115,1.12300679858445e-113
0.477638685862548,0.0447226282749031,-0.0769878227395118,0.0146835443037975,0.0598928410228371,"B","SLC24A3",0.0421724848470524,662524967,5.899848637355e-17,2.37233183107526e-16
0.427170302720857,0.145659394558285,-0.244733234006696,0.0911392405063291,0.243543906561245,"B","RALGAPA2",0.197739004376567,592521081.5,4.6613302960279e-50,4.71541350796343e-49
0.423072927506065,0.153854144987869,-0.450101700590362,0.0273417721518987,0.178391362354251,"B","ID1",0.0488055310194376,586837678,2.14674247805319e-70,3.01022520091344e-69
0.345629177570161,0.308741644859678,-0.641243438143762,0.0324050632911392,0.339665195829258,"B","MYL9",0.059687102147643,479416693.5,2.69782040288846e-174,1.12326271715536e-172
0.496001046007326,0.0079979079853475,-0.0152873545635614,0.0010126582278481,0.00901154885016965,"B","SLPI",0.00198234908081155,687995102.5,0.000169570729760824,0.000335371105283283
0.466503878757593,0.0669922424848143,-0.172298144251479,0.0881012658227848,0.154671439413032,"B","TSHZ2",0.216366354205117,647080054.5,2.66307784352623e-16,1.03972793128317e-15
0.424343536951323,0.151312926097355,-0.462594628571074,0.0232911392405063,0.172371323084459,"B","CFD",0.0412927990202325,588600120,4.93696061922398e-70,6.88438245651407e-69
0.469251548378677,0.0614969032426461,-0.080292174871481,0.00253164556962025,0.0641202527049597,"B","PLIN4",0.00554543156510552,650891303,7.42606234873894e-29,4.55072408093216e-28
0.45061921178925,0.0987615764214996,-0.248504707364138,0.00911392405063291,0.107319872252147,"B","C3",0.0142467363265083,625046687.5,1.97327776524923e-45,1.81290391244494e-44
0.460485592806304,0.0790288143873914,-0.121613610960417,0.00708860759493671,0.0864974847683609,"B","ZNF536",0.0182872390744342,638732186.5,1.02955839112926e-35,7.59638977149921e-35
0.497839886730722,0.00432022653855546,-0.00902414988182126,0.0010126582278481,0.00532947185119055,"B","HAS1",0.00094526815056633,690545729,0.00838269140500749,0.0139252934375582
0.254545063052149,0.490909873895703,-1.26855565581283,0.0465822784810127,0.528241359720128,"B","TIMP3",0.0899060168813188,353075377.875,0,0
0.44474096061848,0.11051807876304,-0.281012618789866,0.0136708860759494,0.124064352340312,"B","NCAM2",0.0325526726491242,616893059.5,6.86853732490444e-50,6.92040499806733e-49
0.350137889970757,0.299724220058486,-0.606847199233157,0.0962025316455696,0.397470672242465,"B","APP",0.199619484429993,485670656.21875,6.07441019360534e-150,2.07733033650053e-148
0.380777985341515,0.238444029316971,-0.57420818029231,0.019746835443038,0.256394155948633,"B","COL6A2",0.0361776485811609,528171041.5,2.55741232367581e-126,6.89757210483588e-125
0.426815552091307,0.146368895817386,-0.575156678089961,0.0974425733842859,0.225906651278729,"Cardiomyocyte","KAZN",0.135051499194694,47379987577,0,0
0.429332511082475,0.141334977835049,-0.449065373165077,0.016629572082476,0.156098900391706,"Cardiomyocyte","PLA2G2A",0.024877623790786,47659390436.5,0,0
0.365941295498098,0.268117409003804,-0.907602776047207,0.124054088103137,0.353453490816576,"Cardiomyocyte","PLA2G5",0.149035831939033,40622451430.5,0,0
0.613036963952374,0.226073927904748,0.60575560981543,0.794141855289128,0.471907003084738,"Cardiomyocyte","NFIA",1.84097846801267,68052074471.0156,0,0
0.386972671848287,0.226054656303426,-0.787471717840779,0.0404358963591316,0.257045773394027,"Cardiomyocyte","NEGR1",0.0515602152520086,42957104761,0,0
0.425291030764529,0.149417938470942,-0.443311603111865,0.0225213118884643,0.16925086771665,"Cardiomyocyte","ST6GALNAC3",0.0308032618942743,47210753346.5,0,0
0.965352816073062,0.930705632146123,2.91232685165605,0.946495611640701,0.0749025025420129,"Cardiomyocyte","NEXN",3.05085966833523,107161991190,0,0
0.443710461892004,0.112579076215992,-0.262880772107731,0.00917566035358838,0.120959057503121,"Cardiomyocyte","VAV3",0.0108023333435256,49255459575.5,0,0
0.954262058301777,0.908524116603554,2.6582074784801,0.942980724814177,0.112374132819639,"Cardiomyocyte","PDE4DIP",2.87330402851579,105930827136,0,0
0.498782767538234,0.00243446492353105,-0.00993466608521673,0.0023474572712384,0.0047772681834368,"Cardiomyocyte","ITLN1",0.0043856776163245,55368932115.5,1.7018220270384e-53,2.34802111556602e-53
0.408696814846705,0.18260637030659,-0.591160672696713,0.0304077604669718,0.207286674703861,"Cardiomyocyte","RGS5",0.0300386579275936,45368660807.5,0,0
0.489217406106376,0.021565187787247,-0.0701734136207498,0.0149498173266703,0.0361008739376102,"Cardiomyocyte","CD247",0.0171562082334704,54307099425.5,0,0
0.497344232731145,0.00531153453770938,-0.0153760283288722,0.00185192961827573,0.00715410390290154,"Cardiomyocyte","PRG4",0.00179686251446085,55209243086,2.34797083250941e-183,3.92972178106582e-183
0.424747891265729,0.150504217468541,-0.378042906862278,0.0131650778986268,0.161987360725578,"Cardiomyocyte","KCNT2",0.0156388587010925,47150460457.5,0,0
0.443004047731843,0.113991904536314,-0.304005158193065,0.00574476126485533,0.119169995237748,"Cardiomyocyte","PTPRC",0.00639634890569259,49177041875,0,0
0.980180540090051,0.960361080180103,3.13493802378469,0.969869399067736,0.0381366294410146,"Cardiomyocyte","TNNT2",3.21396579409872,108807988802.5,0,0
0.491499241207959,0.0170015175840813,-0.0839771568101304,0.0511989249569563,0.0658649493957088,"Cardiomyocyte","LMOD1",0.0616575159007905,54560401626.5,5.17143680387521e-175,8.58429264748823e-175
0.595816775686416,0.191633551372833,0.260104976833242,0.238432788812833,0.0422617694126127,"Cardiomyocyte","G0S2",0.358801317631744,66140493925,0,0
0.99002162940896,0.98004325881792,5.2308644874105,0.983017679418805,0.0509646778186311,"Cardiomyocyte","RYR2",5.34819040190217,109900429524,0,0
0.597244365436021,0.194488730872042,0.322633445279622,0.548927056649729,0.282069048364746,"Cardiomyocyte","SMYD3",1.0118939615068,66298967964.3594,0,0
0.583721383358054,0.167442766716107,0.190612764472086,0.27372443623231,0.0961846209290253,"Cardiomyocyte","LPIN1",0.366740942642783,64797807288,0,0
0.975423440345426,0.950846880690852,3.81742958738595,0.96853819342376,0.150686665265163,"Cardiomyocyte","SLC8A1",4.16886251092401,108279912152.766,0,0
0.518088130683398,0.036176261366796,0.00433227770818348,0.0666064754545836,0.0291784471625987,"Cardiomyocyte","NRXN1",0.0923680945855149,57511983983,0,0
0.49957490036392,0.000850199272159791,0.0391893315472098,0.676269264687356,0.507375055237834,"Cardiomyocyte","SPTBN1",1.34605024342318,55456865283.0156,0.541607211184715,0.556684342187639
0.504531311337551,0.00906262267510272,-0.127564394442311,0.311791878385756,0.252862714140456,"Cardiomyocyte","EHBP1",0.441630036698079,56007067095.5,1.96104816069411e-15,2.40264210129702e-15
0.295878464156979,0.408243071686042,-1.4444935626928,0.0271196405324823,0.42580969011039,"Cardiomyocyte","TMSB10",0.035605242702118,32844908971.5,0,0
0.45611341519613,0.0877731696077406,-0.178736881400219,0.00482929492294125,0.0923683837946139,"Cardiomyocyte","IL18R1",0.006006999088617,50632287975,0,0
0.472334433239882,0.0553311335202363,-0.143736431927338,0.00146978541132995,0.0567372995885586,"Cardiomyocyte","CXCR4",0.00182759767141801,52432952523.5,0,0
0.424690300680463,0.150619398639074,-0.404309200810706,0.0374963255364717,0.183614849645834,"Cardiomyocyte","ARHGAP15",0.056615672576597,47144067435.5,0,0
0.449731262900771,0.100537474198457,-0.405492326301503,0.424646201654558,0.40045820587516,"Cardiomyocyte","ZEB2",0.656664352025584,49923817313.6406,0,0
0.383040588853166,0.233918822293668,-0.667162826892005,0.00821820014277915,0.240422939467915,"Cardiomyocyte","SCN7A",0.00924424373505883,42520611661,0,0
0.992921012221781,0.985842024443562,4.91780475934476,0.991832192499895,0.0997241326051235,"Cardiomyocyte","TTN",5.1510409678926,110222284529,0,0
0.329062692353796,0.341874615292408,-0.873213361797043,0.0229034560954101,0.357454211589863,"Cardiomyocyte","TFPI",0.0224208811757814,36528627411.5,0,0
0.39795174093262,0.204096518134761,-0.509896272536875,0.0225087137277957,0.222497994276717,"Cardiomyocyte","MYO1B",0.0229270349691823,44175870465,0,0
0.468798588048165,0.0624028239036696,-0.246158474593411,0.18469743417461,0.221513366483184,"Cardiomyocyte","ANKRD44",0.25327709277977,52040445033,0,0
0.729074914146551,0.458149828293101,0.989839793395423,0.802477638264813,0.372526095854266,"Cardiomyocyte","CFLAR",1.78237804218413,80933227961.6094,0,0
0.461457604046337,0.0770847919073265,-0.144744858822322,0.0042791752404149,0.0812092688012425,"Cardiomyocyte","NRP2",0.00536427551306738,51225536276.5,0,0
0.460883937070645,0.0782321258587098,-0.187060129609076,0.02437324150674,0.101187130764577,"Cardiomyocyte","DOCK10",0.0331389388332846,51161854590,0,0
0.389974619199348,0.220050761601304,-0.628346149408746,0.0381598286650149,0.250256346451693,"Cardiomyocyte","PID1",0.0478307965784677,43290345261.5,0,0
0.386298881768598,0.227402236462804,-0.634531487546751,0.0109310040734053,0.236235589897161,"Cardiomyocyte","COL6A3",0.0138222992310025,42882308598,0,0
0.542265802131499,0.0845316042629973,0.102547754106741,0.115424348045185,0.029459462938095,"Cardiomyocyte","CHL1",0.164705876197226,60195901584.5,0,0
0.507337558720546,0.0146751174410911,-0.105651912661265,0.212346197455172,0.174530103010516,"Cardiomyocyte","PPARG",0.282121674391418,56318583312.5,9.91939719607883e-50,1.35805677407758e-49
0.452169665260595,0.0956606694788109,-0.200465918496577,0.00634527359005585,0.101654775337541,"Cardiomyocyte","STAB1",0.00806321988992638,50194499750,0,0
0.596951593637795,0.19390318727559,0.402417214130544,0.235514214924621,0.0403439976317449,"Cardiomyocyte","CADM2",0.499632321606926,66266467920.5,0,0
0.423564310476027,0.152871379047945,-0.378484610251854,0.0080250283458615,0.159872234354286,"Cardiomyocyte","CCDC80",0.00847357929963598,47019073391.5,0,0
0.668991774082781,0.337983548165563,0.594956947919149,0.58340822239953,0.195151512551323,"Cardiomyocyte","KALRN",1.06929984656206,74263512165.5,0,0
0.49896011828382,0.00207976343236094,-0.00956484764902779,0.0020199050938563,0.00409296259272448,"Cardiomyocyte","CPA3",0.00258033563308442,55388619486.5,9.02736057593581e-46,1.22384631255008e-45
0.367024801256867,0.265950397486266,-0.775466308501337,0.00670222147566455,0.271128739547715,"Cardiomyocyte","TM4SF1",0.0080443941595864,40742729356.5,0,0
0.477067697304895,0.045864605390211,-0.189940472664254,0.0607273338092638,0.101927210478671,"Cardiomyocyte","KCNAB1",0.0895873044609067,52958383219.5,0,0
0.485352717142451,0.029294565715097,-0.174391192117973,0.106597236803427,0.126643727770794,"Cardiomyocyte","RARRES1",0.141042647209721,53878087609.5,2.79682637100337e-279,5.10972054420242e-279
0.785449990508702,0.570899981017405,1.12963301467092,0.673258304287574,0.0969354264360764,"Cardiomyocyte","TNIK",1.33269345810568,87191318616,0,0
0.700114307395546,0.400228614791093,1.08286194006618,0.902061898962751,0.548866712716071,"Cardiomyocyte","LPP",2.60140205949225,77718365753.8906,0,0
0.97146577150098,0.94293154300196,3.85480698921327,0.947717633225549,0.034326827782378,"Cardiomyocyte","FGF12",3.91896418816078,107840578816,0,0
0.360458651623675,0.279082696752649,-0.764208696281656,0.0190022256750514,0.294328629715595,"Cardiomyocyte","LDB2",0.0278796674364219,40013833498.5,0,0
0.503858147423827,0.00771629484765435,-0.1592013359338,0.329866039558225,0.272520947473647,"Cardiomyocyte","RBPJ",0.46054138378862,55932340442,3.92390139909802e-11,4.69226992401645e-11
0.461090723566576,0.0778185528668472,-0.222303643870055,0.0160962499475077,0.092857479953493,"Cardiomyocyte","RBM47",0.0218827781708178,51184809568,0,0
0.497239545604737,0.00552090879052691,-0.0167069378364573,0.00205769957586192,0.00756811951107545,"Cardiomyocyte","KIT",0.00251290291772861,55197621966,3.38790637853301e-186,5.68156609586017e-186
0.277855177765242,0.444289644469516,-1.41347710481493,0.332856003023559,0.606404156459287,"Cardiomyocyte","IGFBP7",0.524802780259849,30844178020.7344,0,0
0.591934530964562,0.183869061929124,0.229825499686131,0.368328224079284,0.159870089195694,"Cardiomyocyte","BMP2K",0.553777980040081,65709533277.5,0,0
0.190042394204751,0.619915211590498,-2.10320623145854,0.0268928736404485,0.631352350879301,"Cardiomyocyte","SPARCL1",0.034119328828605,21096246920.7266,0,0
0.495708563443676,0.00858287311264738,-0.0196352844464811,0.00104564733548902,0.00962318144180399,"Cardiomyocyte","MMRN1",0.00128369709322362,55027670530.5,0,0
0.505259592111865,0.0105191842237298,0.0041171884775041,0.0247511863267963,0.0140593694091804,"Cardiomyocyte","HPGDS",0.0323122396186757,56087912167.5,1.96166631803384e-220,3.39246535675687e-220
0.969757891108149,0.939515782216298,3.08972309684822,0.966766052156385,0.23611117069885,"Cardiomyocyte","PDLIM5",3.56008074557678,107650990242.203,0,0
0.534969951507934,0.0699399030158676,0.0487028772043647,0.145622139167682,0.0709768623194313,"Cardiomyocyte","SMAD1",0.173030318738417,59386002999,0,0
0.967658529685447,0.935317059370893,3.20959615794796,0.956154201486583,0.128091709820107,"Cardiomyocyte","PALLD",3.46570253548173,107417944099.344,0,0
0.56159960449621,0.123199208992421,0.150164967575023,0.183744173350691,0.055615381645165,"Cardiomyocyte","TENM3",0.27121834195611,62342110436,0,0
0.59506888806979,0.19013777613958,0.201363839227318,0.362881619283585,0.145851477799754,"Cardiomyocyte","ACSL1",0.53813384106507,66057472334.5,0,0
0.975603050399624,0.951206100799248,3.60229382954414,0.963015999664049,0.0743983902729929,"Cardiomyocyte","SORBS2",3.75972378043803,108299850325.344,0,0
0.440471808631803,0.119056382736394,-0.358427180976206,0.0111829672867761,0.129048450551949,"Cardiomyocyte","EGFLAM",0.0153919705918699,48895942799.5,0,0
0.369388059008869,0.261223881982263,-0.801880052880186,0.0163062192919834,0.273595671928026,"Cardiomyocyte","C7",0.0193897954817762,41005070132,0,0
0.625867099190899,0.251734198381797,0.370450743043221,0.437324150674002,0.151729212340668,"Cardiomyocyte","GHR",0.720042854535048,69476323529.5,0,0
0.956172259374494,0.912344518748988,2.70689777046054,0.92169403267123,0.0322996529133399,"Cardiomyocyte","CMYA5",2.76523594264771,106142874946,0,0
0.51857243595595,0.0371448719118999,-0.0454524235652795,0.429496493511947,0.313549250696104,"Cardiomyocyte","FER",0.674943022274419,57565745795.7656,1.12989816074771e-196,1.91251959702919e-196
0.36087255084846,0.278254898303079,-0.768393420172187,0.00980556838701549,0.285874559706199,"Cardiomyocyte","PDGFRB",0.0126755435497476,40059779669,0,0
0.363877489053084,0.272245021893832,-0.797173067061567,0.00985176164280015,0.279773728671761,"Cardiomyocyte","CD74",0.0119185913019319,40393352178.5,0,0
0.957760274224643,0.915520548449286,3.14114536016747,0.935736782429765,0.0858964403238332,"Cardiomyocyte","SGCD",3.32588595829816,106319157472.5,0,0
0.285795896165012,0.428408207669975,-1.24795976099561,0.0168143451056146,0.438972383228292,"Cardiomyocyte","EBF1",0.0222431790219271,31725662159,0,0
0.464558929123419,0.0708821417531611,-0.179639375274671,0.0189140385503716,0.0886250820523161,"Cardiomyocyte","DOCK2",0.0247652970801334,51569808510.5,0,0
0.452822917241683,0.0943541655166343,-0.220936528682488,0.0195145508755722,0.112605809947529,"Cardiomyocyte","GFPT2",0.0272865069968361,50267016017.5,0,0
0.472270657426324,0.0554586851473523,-0.204134685179554,0.0189434342585982,0.0734716817614326,"Cardiomyocyte","F13A1",0.0312399687078832,52425872891,0,0
0.973283535691934,0.946567071383867,3.30325710840308,0.949729139545626,0.0192656693109322,"Cardiomyocyte","MLIP",3.33961528138059,108042365382.5,0,0
0.788398609770093,0.576797219540186,1.4134091386639,0.884693234787721,0.408798582479203,"Cardiomyocyte","DST",2.38513218295798,87518639266.0781,0,0
0.375962488073207,0.248075023853586,-0.72365083111943,0.0212153025658254,0.26452808656144,"Cardiomyocyte","ADGRB3",0.0283206838326742,41734885074,0,0
0.562979555421234,0.125959110842468,0.150755743721695,0.157632385671692,0.0288051895676647,"Cardiomyocyte","SLC35F1",0.220936762485446,62495296179.5,0,0
0.773123785230163,0.546247570460327,2.22228275096524,0.950308654936379,0.339887507883458,"Cardiomyocyte","LAMA2",3.56075469698285,85823009869.7344,0,0
0.453840468373104,0.0923190632537929,-0.212017153294086,0.0354134296392727,0.125178584452749,"Cardiomyocyte","ARHGAP18",0.0437981838878615,50379972445,0,0
0.403653133870438,0.192693732259124,-0.433742332106955,0.0173182715323563,0.208374270109789,"Cardiomyocyte","AKAP12",0.0266224948430112,44808771317,0,0
0.562181363497822,0.124362726995643,0.114702973944193,0.186549363792886,0.05600365535024,"Cardiomyocyte","SYTL3",0.242935432345046,62406690403,0,0
0.822840517313182,0.645681034626365,1.58850402551303,0.893478352160585,0.426603398789273,"Cardiomyocyte","QKI",2.58287327010835,91341970312.7656,0,0
0.470385127181805,0.0592297456363908,-0.134880843600761,0.00335111073783228,0.0624284053320062,"Cardiomyocyte","IKZF1",0.00350632825744529,52216563743,0,0
0.49993331903833,0.00013336192334068,-0.0151053312757231,0.0246042077856633,0.0244548079439513,"Cardiomyocyte","MLXIPL",0.027554851219852,55496652662.5,0.732043784200324,0.745547627787897
0.75582609698694,0.511652193973881,1.51648494697996,0.892012766136144,0.370445292020439,"Cardiomyocyte","CD36",2.62058778029563,83902826197.75,0,0
0.552908401464736,0.105816802929471,0.13173151544998,0.141758703229329,0.0339063766984293,"Cardiomyocyte","SEMA3A",0.200881560058998,61377316417.5,0,0
0.503299173671957,0.00659834734391307,0.000940446224023977,0.0230672321841011,0.0163375278334327,"Cardiomyocyte","RELN",0.0329125018038294,55870289822.5,1.11121400142927e-83,1.63279667888974e-83
0.492320896187448,0.0153582076251045,-0.206951126828849,0.353420400621509,0.307855999794065,"Cardiomyocyte","NAMPT",0.563433657979611,54651611992.5,4.99704643307665e-37,6.62561031238018e-37
0.641028868721683,0.282057737443366,0.419819914706134,0.366383907949439,0.0741023583873556,"Cardiomyocyte","PLXNA4",0.573667054594625,71159402903,0,0
0.596754654082504,0.193509308165009,0.548912455906814,0.799525469281485,0.543619654801079,"Cardiomyocyte","CALD1",2.07440156390435,66244606032.7656,0,0
0.503745810766198,0.00749162153239502,-0.0114957551183488,0.0317011716289422,0.0237812281461968,"Cardiomyocyte","KIAA1549",0.032828554912784,55919870162,1.19835236877346e-76,1.7377836079735e-76
0.250694162321037,0.498611675357926,-1.83363500715443,0.0286608155209339,0.515256367903279,"Cardiomyocyte","TMSB4X",0.0421162679020583,27829085042,0,0
0.503422489464395,0.00684497892879077,-0.0265982053268774,0.0592575483979339,0.0508552747304608,"Cardiomyocyte","GPM6B",0.0824619199968391,55883978875.5,1.95450201089511e-33,2.56560255018891e-33
0.582816992547904,0.165633985095808,0.273112860757618,0.631075462982405,0.369988373240434,"Cardiomyocyte","SAT1",1.2357493287889,64697412573.8438,0,0
0.95532893039727,0.910657860794541,3.40719979525264,0.947469869399068,0.204073227133682,"Cardiomyocyte","DMD",3.90907963135878,106049258590.484,0,0
0.364992776233169,0.270014447533663,-0.710560687940766,0.0204384159912653,0.286490220221981,"Cardiomyocyte","TIMP1",0.0287840306539018,40517158100,0,0
0.50524300214824,0.0104860042964801,-0.0848453427925014,0.258913198672994,0.220166206887675,"Cardiomyocyte","FLNA",0.350006399440082,56086070547,2.26037294189597e-22,2.85701795985875e-22
0.40744943054727,0.185101138905459,-0.508612677952198,0.0371099819426364,0.215708567334383,"Cardiomyocyte","F8",0.0459260195975551,45230191034.5,0,0
0.488098212977423,0.0238035740451531,-0.194948744591917,0.170952840885231,0.175295924627708,"Cardiomyocyte","CTSB",0.215467101972665,54182859912,1.25260226104376e-135,1.97925991579964e-135
0.511919393308628,0.0238387866172551,-0.135739852503175,0.682114811237559,0.48818875679479,"Cardiomyocyte","DLC1",1.42150797293306,56827204108.5312,4.21303192982894e-66,5.97807914503281e-66
0.470639052598665,0.0587218948026698,-0.145744610363393,0.00726493931885945,0.0656633044881008,"Cardiomyocyte","MSR1",0.00922826781094851,52244751523.5,0,0
0.728218470759917,0.456436941519834,1.09311883757527,0.819993280980977,0.361246851979767,"Cardiomyocyte","RBPMS",1.96598257079644,80838155800.2969,0,0
0.49764282278574,0.00471435442851909,-0.0384716934477309,0.0160668542392811,0.0205463289901022,"Cardiomyocyte","XKR4",0.02152214825277,55242389003.5,1.05695500440074e-42,1.42241090681638e-42
0.367454994579505,0.26509001084099,-0.867326822608264,0.0113845378574728,0.273726526602112,"Cardiomyocyte","FABP5",0.0130088457316455,40790484304,0,0
0.727557686789837,0.455115373579673,1.19997012247723,0.836328895981187,0.326304363681607,"Cardiomyocyte","ZFPM2",2.08305398689393,80764803420.9375,0,0
0.486349561047988,0.0273008779040231,-0.0827596633044982,0.0027044051568471,0.0299399784626077,"Cardiomyocyte","PKHD1L1",0.00322911790978899,53988745367,0,0
0.541292003188428,0.0825840063768564,0.247252995188408,0.735211859068576,0.497393632311237,"Cardiomyocyte","NFIB",1.56010935594895,60087802004.7188,0,0
0.432619901029757,0.134760197940486,-0.357374640203243,0.0991391256876496,0.224561636841812,"Cardiomyocyte","BNC2",0.184905797440077,48024317380,0,0
0.496729429413998,0.00654114117200333,-0.0181948815293631,0.000608911098979549,0.00714766842712682,"Cardiomyocyte","CCL21",0.000829914936578641,55140994932,1.72399443370264e-300,3.1991349664283e-300
0.452193808550757,0.0956123828984855,-0.432074757091205,0.186020241044807,0.246738286361511,"Cardiomyocyte","FRMD3",0.240581549262253,50197179851,0,0
0.278795119543238,0.442409760913523,-1.34087231659144,0.169462058539453,0.532915313429122,"Cardiomyocyte","GSN",0.21148371438252,30948519180.625,0,0
0.401478966686499,0.197042066627003,-0.593844334411213,0.195758619241591,0.34268264952828,"Cardiomyocyte","STOM",0.250571602430534,44567421128,0,0
0.311252391331823,0.377495217336355,-0.961912619446027,0.0395834208205602,0.404802152023099,"Cardiomyocyte","ENG",0.0499816012090948,34551539564,0,0
0.391180549545397,0.217638900909207,-0.570027446119479,0.00720614790240625,0.223662815391942,"Cardiomyocyte","EGFL7",0.00959643162502775,43424213309.5,0,0
0.272740928600182,0.454518142799635,-1.4940721052569,0.0298954352664511,0.472887340561088,"Cardiomyocyte","IFITM3",0.0426393692054736,30276454889,0,0
0.512676240139788,0.0253524802795764,-0.00814000496896544,0.117234283794566,0.0876340187830086,"Cardiomyocyte","PNPLA2",0.14114360053248,56911220244.5,3.7296836976368e-251,6.63506962452316e-251
0.587998797236161,0.175997594472323,0.179859193116113,0.333217150296057,0.131060609310846,"Cardiomyocyte","PDE3B",0.500173414264819,65272634916.5,0,0
0.377319830469813,0.245360339060374,-0.750460269606283,0.121395876202075,0.332445952729285,"Cardiomyocyte","CD59",0.131076272077228,41885561087.5,0,0
0.978009491966524,0.956018983933048,3.34920235096237,0.959648091378659,0.0171162204021743,"Cardiomyocyte","MYBPC3",3.38586613236287,108566984854.5,0,0
0.4679837875769,0.0640324248461992,-0.15567389805334,0.00274219963885273,0.0666350613300841,"Cardiomyocyte","MS4A6A",0.00309193651990348,51949995573,0,0
0.531452106415557,0.0629042128311146,-0.0116317859012633,0.334246000083988,0.226959924147192,"Cardiomyocyte","TMEM135",0.478484576172369,58995493665.5,0,0
0.439728458440432,0.120543083119135,-0.375709599342375,0.0255616679964725,0.143137852181412,"Cardiomyocyte","GUCY1A2",0.0338947666255789,48813424900,0,0
0.619245065563975,0.23849013112795,0.361475438596999,0.462612858522656,0.192500096532137,"Cardiomyocyte","SIK2",0.769296462019596,68741224095,0,0
0.442492544300113,0.115014911399773,-0.332739200398218,0.0389535127871331,0.150564391225443,"Cardiomyocyte","TAGLN",0.0540850582194441,49120260846,0,0
0.455677046329177,0.0886459073416463,-0.240078074578242,0.061512619157603,0.143624803181699,"Cardiomyocyte","MCAM",0.0683865085870672,50583847492,0,0
0.560254930165076,0.120509860330152,0.19995048235073,0.174992651072943,0.052498466211607,"Cardiomyocyte","NTM",0.313702199877378,62192840680.5,0,0
0.476866775749844,0.0462664485003115,-0.102668948558692,0.0081132154705413,0.0541588189614858,"Cardiomyocyte","ITGA8",0.0107951760335629,52936079297.5,0,0
0.468074163541665,0.0638516729166698,-0.186962433413679,0.00738252215176584,0.0708052496321053,"Cardiomyocyte","MRC1",0.00859595180813158,51960028038,0,0
0.964718656516914,0.929437313033828,2.96483894470945,0.944055767857893,0.0527494497668213,"Cardiomyocyte","NEBL",3.0713426399435,107091594336.5,0,0
0.888130650481155,0.77626130096231,2.05760857988244,0.89800949061437,0.206398579046949,"Cardiomyocyte","SVIL",2.51868544010661,98589704569.9688,0,0
0.552755980614851,0.105511961229702,0.19200680577794,0.628576827783144,0.421502211658508,"Cardiomyocyte","NRP1",1.25125611739435,61360396467.0938,0,0
0.660932824565542,0.321865649131085,1.24922610595849,0.918477302313862,0.461614532162363,"Cardiomyocyte","PRKG1",2.88714630290372,73368903414.3906,0,0
0.400783072730712,0.198433854538576,-0.621150830785997,0.0578633519506152,0.244318547470214,"Cardiomyocyte","BICC1",0.0797782402614607,44490171255.5,0,0
0.8263302715951,0.6526605431902,1.53311664445141,0.792659471717129,0.128278338617574,"Cardiomyocyte","ANK3",1.8668672244679,91729361338.5,0,0
0.971925304880364,0.943850609760728,3.50389021259155,0.95540251123336,0.05075874259384,"Cardiomyocyte","CTNNA3",3.62529947669987,107891590747.734,0,0
0.609260209389898,0.218520418779795,0.416018013152356,0.547083525805232,0.268895629453886,"Cardiomyocyte","LRMDA",1.13523650151294,67632824086.6875,0,0
0.972927213400259,0.945854426800518,3.09297645663901,0.957581993029018,0.0468373926884415,"Cardiomyocyte","LDB3",3.19520553833888,108002810718.5,0,0
0.471377121180411,0.0572457576391781,-0.195233320309149,0.10432116910931,0.157508269586371,"Cardiomyocyte","ACTA2",0.238840023003896,52326683121.5,0,0
0.935748420600322,0.871496841200645,2.70855630804432,0.94088103136942,0.172676685987395,"Cardiomyocyte","SORBS1",3.11162974146728,103875663213.312,0,0
0.510635954120533,0.0212719082410664,-0.017491309337679,0.0921009532608239,0.0674695280222067,"Cardiomyocyte","SORCS1",0.133442989159042,56684731950.5,6.00403992833041e-223,1.04036945314596e-222
0.961605089798161,0.923210179596322,2.95025950357967,0.92705245034225,0.0139585469553764,"Cardiomyocyte","RBM20",2.97747089207819,106745963181,0,0
0.522496171743203,0.0449923434864063,0.0102307482461008,0.0752362155125352,0.0288673991668204,"Cardiomyocyte","GPAM",0.0824484502939251,58001312288,0,0
0.941183494496766,0.882366988993533,2.74663612328817,0.953987317851594,0.251017877751702,"Cardiomyocyte","ABLIM1",3.31936755397208,104479000491.984,0,0
0.637998812451266,0.275997624902532,0.421878293173853,0.421744425313904,0.127707726432215,"Cardiomyocyte","PTPRE",0.680370883779576,70823042084.5,0,0
0.940538961759569,0.881077923519137,3.16575649768176,0.961353042455801,0.238874134964798,"Cardiomyocyte","CACNA1C",3.85419622846151,104407452131.266,0,0
0.388610373577357,0.222779252845286,-0.745794210588893,0.03180615630118,0.247566317577859,"Cardiomyocyte","VWF",0.044691015895778,43138902934,0,0
0.458612667363829,0.0827746652723423,-0.25376881816398,0.00458153109645992,0.0870033421570857,"Cardiomyocyte","CD163",0.00484850613074128,50909725233.5,0,0
0.480714578483501,0.0385708430329978,-0.111130951368244,0.00188552471339184,0.0403911911207595,"Cardiomyocyte","CD69",0.00209412447990191,53363216605,0,0
0.328022797327777,0.343954405344446,-1.02597619128131,0.0297022634695334,0.365432056391929,"Cardiomyocyte","MGP",0.0429614243008434,36413190630.5,0,0
0.322940300845001,0.354119398309999,-0.952583172845504,0.0522571704531138,0.390039170595882,"Cardiomyocyte","EPS8",0.0628969947703508,35848992304,0,0
0.397306571536699,0.205386856926602,-0.530818387897707,0.00697098223659346,0.211135089217146,"Cardiomyocyte","MGST1",0.00823222046258486,44104251430,0,0
0.599563726202678,0.199127452405356,0.224868141369915,0.446525007348927,0.1945208359254,"Cardiomyocyte","ABCC9",0.741640225347811,66556435818.5,0,0
0.461146910263419,0.0777061794731628,-0.31661397398448,0.267899886616554,0.300978621349476,"Cardiomyocyte","SOX5",0.527883823960521,51191046747,0,0
0.721213497070904,0.442426994141807,0.991118385386885,0.738155629278125,0.298234963510852,"Cardiomyocyte","PPFIBP1",1.6592976632844,80060546913.4219,0,0
0.351709854092806,0.296580291814388,-1.02930021363061,0.024079284424474,0.314087685502589,"Cardiomyocyte","DCN",0.0348174302995456,39042646023.5,0,0
0.423479442131403,0.153041115737195,-0.441454271602406,0.211938856926889,0.320711935233372,"Cardiomyocyte","BTG1",0.292099810692645,47009652317,0,0
0.43745786392753,0.12508427214494,-0.256207201952384,0.0333179355814051,0.15519149830747,"Cardiomyocyte","ELK3",0.0374140998556579,48561370495.5,0,0
0.830345513248943,0.660691026497886,1.42158829564583,0.753260823919708,0.0997091164949825,"Cardiomyocyte","ACACB",1.63434142237565,92175085724,0,0
0.373045810316735,0.25390837936653,-0.702846673624183,0.0140553479192038,0.264927086059472,"Cardiomyocyte","FLT1",0.0181632854408568,41411110190,0,0
0.643810690337967,0.287621380675934,0.584042819771813,0.658846008482762,0.309574271825916,"Cardiomyocyte","STARD13",1.31770405314608,71468207661.8125,0,0
0.538955510526878,0.0779110210537557,0.173081144544127,0.697597950699198,0.487373596529991,"Cardiomyocyte","LHFPL6",1.5076334124274,59828432371.3125,0,0
0.378324873177252,0.243350253645496,-0.712502369737953,0.00782765716205434,0.249526992530558,"Cardiomyocyte","RNASE1",0.00991803224288399,41997128978.5,0,0
0.418698429626929,0.162603140746143,-0.351381407248065,0.0065972368034267,0.168439997769035,"Cardiomyocyte","RHOJ",0.00752990892970337,46478921157,0,0
0.534626171962058,0.0692523439241151,0.0796626062617415,0.124327048250955,0.0521123376651236,"Cardiomyocyte","NRXN3",0.213342044300775,59347840681.5,0,0
0.480480230780451,0.0390395384390979,-0.170619880126464,0.046222651492882,0.0823140254759034,"Cardiomyocyte","FMN1",0.0611968690622517,53337202109.5,0,0
0.671736873149444,0.343473746298887,0.573569665121425,0.373266703061353,0.0262846282225645,"Cardiomyocyte","FRMD5",0.633775597932169,74568240423.5,0,0
0.240483840410428,0.519032319179144,-2.02044345357542,0.0926720698777978,0.566441997056842,"Cardiomyocyte","B2M",0.124041280875896,26695656508.5,0,0
0.381805493795528,0.236389012408944,-0.632919943051431,0.0117078906479654,0.245657126431357,"Cardiomyocyte","FBN1",0.0130891882162903,42383506093.5,0,0
0.471750037963814,0.0564999240723716,-0.292120903131634,0.456393566539285,0.39882359502838,"Cardiomyocyte","RORA",0.852220839100991,52368079908.6562,0,0
0.857990237390057,0.715980474780113,1.92321768621953,0.912627556376769,0.318247148011652,"Cardiomyocyte","TPM1",2.68405908054478,95243874290.7656,0,0
0.500176327167214,0.00035265433442766,-0.0255910065231525,0.0375341200184773,0.0365063089114178,"Cardiomyocyte","NTRK3",0.0518291172840131,55523628535.5,0.457512325536684,0.474569001552039
0.4963900469748,0.00721990605039902,-0.0222008272039299,0.00582035022886659,0.0129846449548015,"Cardiomyocyte","PLIN1",0.00574563822288844,55103320729,5.57583412377794e-173,9.22600437692381e-173
0.50437819602855,0.0087563920571001,-0.00957289815106475,0.0478646117666821,0.0383146776041153,"Cardiomyocyte","MCTP2",0.0718306069107502,55990070054.5,6.20573764235715e-68,8.83838358055912e-68
0.398045935478762,0.203908129042476,-0.609754538142694,0.00674421534455969,0.209442559088393,"Cardiomyocyte","SLC9A3R2",0.00804858048551915,44186326823.5,0,0
0.494801415516547,0.0103971689669053,-0.0774769175838836,0.0491118296728678,0.0577927176156133,"Cardiomyocyte","MYH11",0.07135837050907,54926969754,2.28607709169448e-73,3.29210055101579e-73
0.513941532626359,0.027883065252718,0.0335313387321857,0.0371687733590896,0.00917913361334803,"Cardiomyocyte","HP",0.0532031493056766,57051677971.5,0,0
0.41402170917722,0.17195658164556,-0.555151206695381,0.255872842564985,0.358904338797767,"Cardiomyocyte","ZFHX3",0.342390510324891,45959767260.8438,0,0
0.498746949240679,0.00250610151864183,-0.00573093478202925,0.00136060135220258,0.00386557578201756,"Cardiomyocyte","KRT19",0.00223668108909853,55364955994,1.64606884085436e-73,2.3712223478756e-73
0.382262731538717,0.235474536922566,-0.585520345872627,0.0117708814513081,0.244957804730504,"Cardiomyocyte","PECAM1",0.0142373379118909,42434263191,0,0
0.538454126717865,0.0769082534357306,0.0190110205118821,0.274618905639777,0.171353123136393,"Cardiomyocyte","PRKCA",0.384357039835726,59772774702.5,0,0
0.46447586199855,0.0710482760029,-0.445721518159267,0.231394616386008,0.252742585259328,"Cardiomyocyte","ABCA8",0.30814201230227,51560587386,0,0
0.428308651065131,0.143382697869739,-0.45261841992062,0.0691681014571873,0.201606294753371,"Cardiomyocyte","ABCA9",0.0941043576633493,47545733671.5,0,0
0.40023632541892,0.19952734916216,-0.631003338365842,0.0474110779826145,0.237018572783086,"Cardiomyocyte","ABCA6",0.052094470905203,44429477870,0,0
0.485824837658676,0.0283503246826483,-0.061133146797355,0.00889010204510141,0.0370640501452272,"Cardiomyocyte","FASN",0.00934786673731777,53930496815.5,0,0
0.961465895679295,0.922931791358589,3.01828265031153,0.932104312770335,0.0357426324528172,"Cardiomyocyte","MYOM1",3.08747190056296,106730511505,0,0
0.773743665172052,0.547487330344104,1.37061869640275,0.849850921765422,0.354579699077153,"Cardiomyocyte","PTPRM",2.24812531810082,85891821570.25,0,0
0.528963729845187,0.0579274596903734,-0.0113134223171713,0.223474572712384,0.146053122707362,"Cardiomyocyte","BCL2",0.325577668770647,58719263686.5,0,0
0.391564910500298,0.216870178999404,-0.687203356359436,0.00954940578675513,0.224578798110544,"Cardiomyocyte","CDH19",0.0120880828336895,43466880492.5,0,0
0.582012691667795,0.164025383335591,0.23081636528651,0.511812875320203,0.291456262361476,"Cardiomyocyte","DSTN",0.856218424555251,64608128653.6094,0,0
0.49404694428632,0.0119061114273594,-0.0586492291965179,0.0529374711292151,0.0632542913897624,"Cardiomyocyte","SLC24A3",0.0801251185076336,54843217329,2.35775707338031e-88,3.49006703449101e-88
0.547131561169677,0.0942631223393544,0.0425332564976311,0.327665560828119,0.199926635576168,"Cardiomyocyte","RALGAPA2",0.46993826106593,60736040297,0,0
0.372235827097129,0.255528345805743,-0.732671285846778,0.0103136942006467,0.263609958684246,"Cardiomyocyte","ID1",0.012697749379722,41321195484,0,0
0.659244392782497,0.318488785564994,0.527939948770382,0.580880191492042,0.215144390624799,"Cardiomyocyte","MYL9",1.04857016676686,73181473794,0,0
0.493815308556307,0.0123693828873866,-0.0238867435098979,0.000802082895897199,0.0131712737522685,"Cardiomyocyte","SLPI",0.00141645415793808,54817503884.5,0,0
0.400472542372791,0.199054915254418,-0.532214767259632,0.0254566833242347,0.220395738856974,"Cardiomyocyte","TSHZ2",0.0359140667783661,44455699867.5,0,0
0.388479873895354,0.223040252209293,-0.688530604237012,0.0270566497291395,0.245970319585727,"Cardiomyocyte","CFD",0.0468591581617213,43124416411,0,0
0.571576755978119,0.143153511956239,0.165452341199099,0.159496913450636,0.0151383841807425,"Cardiomyocyte","PLIN4",0.195123587106714,63449655161,0,0
0.425814657950146,0.148370684099708,-0.376953511574309,0.00957460210809222,0.156834689788616,"Cardiomyocyte","C3",0.0125530789780913,47268880210.5,0,0
0.601439870682464,0.202879741364928,0.295394143857327,0.22178221979591,0.0170540108030187,"Cardiomyocyte","ZNF536",0.335078047667307,66764703070.5,0,0
0.496334432132575,0.00733113573484923,-0.0142294086534695,0.000466131944736069,0.00779550632178237,"Cardiomyocyte","HAS1",0.000525818735543862,55097147030.5,0,0
0.385744793785903,0.228510412428194,-0.656032743275405,0.490051652458741,0.545709039269273,"Cardiomyocyte","TIMP3",0.920683299365388,42820800338.5,0,0
0.415837958755013,0.168324082489974,-0.445244261367334,0.0135808172006887,0.180034579956496,"Cardiomyocyte","NCAM2",0.0180748495414428,46161385693,0,0
0.425354713387683,0.149290573224635,-0.414469572767313,0.363860076428841,0.413363479962074,"Cardiomyocyte","APP",0.530431968036293,47217822634.1094,0,0
0.339932137375112,0.320135725249777,-0.815879299714557,0.0538109436022341,0.358876451736077,"Cardiomyocyte","COL6A2",0.068753829278395,37735223955.5,0,0
0.420524601156093,0.158950797687815,-0.505671558232903,0.058442697331798,0.210848996526269,"Endothelial","KAZN",0.104223954175658,31607618005.5,0,0
0.443053390374779,0.113893219250441,-0.354355127728304,0.0171347522057085,0.129948234259603,"Endothelial","PLA2G2A",0.0337335282588561,33300934786,0,0
0.365227180806613,0.269545638386774,-0.75118619275667,0.060463484752587,0.325180272838776,"Endothelial","PLA2G5",0.138449982586774,27451333844.5,0,0
0.373707046347328,0.252585907305344,-0.61407172000002,0.410967156485203,0.619728556997273,"Endothelial","NFIA",0.940301192309403,28088700481.3438,0,0
0.392213359064526,0.215573281870948,-0.680811383530231,0.00943288316798463,0.223704068155608,"Endothelial","NEGR1",0.0187322126027833,29479678468,0,0
0.71663660819196,0.433273216383919,1.3075093725088,0.464392200523117,0.0407618130396626,"Endothelial","ST6GALNAC3",1.3882830164492,53864092845.5,0,0
0.280860472014589,0.438279055970821,-1.34417313092334,0.018575993045441,0.449910059861225,"Endothelial","NEXN",0.0293279733149735,21110133599.5,0,0
0.508428347390313,0.016856694780625,0.0271635692389,0.0974782098111136,0.0798888266606648,"Endothelial","VAV3",0.206906133722586,38214670303,2.86636364165132e-88,4.42828039094412e-88
0.265562606817135,0.46887478636573,-1.33705459701636,0.0167534715602767,0.479343428263362,"Endothelial","PDE4DIP",0.0257643247769341,19960310074,0,0
0.500916394569436,0.00183278913887253,0.00067217467987774,0.00545231322967584,0.00361330800004885,"Endothelial","ITLN1",0.0115083455253076,37650054262.5,1.44874062660849e-21,1.84558552736555e-21
0.505214664685208,0.0104293293704163,-0.0328033539783616,0.162204412179629,0.144113588027057,"Endothelial","RGS5",0.39462608790796,37973122353,1.09058225430313e-21,1.38992218415129e-21
0.483399720512974,0.0332005589740528,-0.0738423429369838,0.00194453129170257,0.0351281232607357,"Endothelial","CD247",0.00351003687726755,36333459845,0,0
0.497332972934658,0.00533405413068355,-0.0125786237513413,0.00102183212975743,0.00635425771906225,"Endothelial","PRG4",0.00173755536414615,37380715865,7.60465128458053e-126,1.25924330974081e-125
0.45331545876677,0.0933690824664599,-0.232464003292855,0.0364504297032874,0.128878723007054,"Endothelial","KCNT2",0.0766812528890915,34072255980.5,0,0
0.453997109783331,0.0920057804333378,-0.241055429414225,0.00616912084308776,0.0978995357309228,"Endothelial","PTPRC",0.0114422098882911,34123490474,0,0
0.296460625571323,0.407078748857355,-1.32365899265603,0.0292594767304422,0.427274107184917,"Endothelial","TNNT2",0.0617846325312074,22282677829,0,0
0.465604093363604,0.0687918132727915,-0.134981736718571,0.0050176532938835,0.0736933381487511,"Endothelial","LMOD1",0.00739240300177079,34995898657,0,0
0.440292648586137,0.119414702827727,-0.206526845397998,0.0114765474274995,0.130808379524704,"Endothelial","G0S2",0.0185682099441852,33093430940.5,0,0
0.282405278693008,0.435189442613985,-2.27290622996897,0.0177829293029427,0.445796018207862,"Endothelial","RYR2",0.0362365692792489,21226244902.5,0,0
0.380430914249136,0.239138171501728,-0.492045560763992,0.163889672632438,0.419979447238899,"Endothelial","SMYD3",0.397917616029682,28594082205.9219,0,0
0.445412196077292,0.109175607845416,-0.161237109232697,0.0663047042406033,0.176783405651835,"Endothelial","LPIN1",0.109360962842247,33478228170,0,0
0.253639606574692,0.492720786850615,-1.93138996207755,0.0405758862868603,0.515671916518802,"Endothelial","SLC8A1",0.0703734945051122,19064149335.4688,0,0
0.479994777653563,0.0400104446928732,-0.0886670906353949,0.00928037090981188,0.0492812640122549,"Endothelial","NRXN1",0.0173429608752491,36077536332,0,0
0.626764570456826,0.253529140913653,0.575629568406762,0.678412652416938,0.538412552188834,"Endothelial","SPTBN1",1.78856096884035,47109099129.7969,0,0
0.41995688624979,0.160086227500421,-0.299017048601048,0.138999672098645,0.303397486561321,"Endothelial","EHBP1",0.282722235064201,31564947218,0,0
0.855474832415277,0.710949664830553,2.88209858316065,0.789510206882878,0.176952643158356,"Endothelial","TMSB10",3.3371638600619,64299500295.5,0,0
0.536510690829936,0.0730213816598719,0.136189145117916,0.122452092086901,0.0491155159388581,"Endothelial","IL18R1",0.235142321852702,40325405279.5,0,0
0.482697250849006,0.0346054983019876,-0.0974213228482914,0.0100734346523102,0.0444518885684426,"Endothelial","CXCR4",0.0176833309759312,36280660573,0,0
0.424791814706381,0.150416370587237,-0.370071216469833,0.0123763697507187,0.162085913332949,"Endothelial","ARHGAP15",0.0230581265227934,31928351811.5,0,0
0.284107467781602,0.431785064436796,-0.990447079409753,0.0634527250127729,0.487613384767578,"Endothelial","ZEB2",0.11902545899659,21354185437.5781,0,0
0.40406157703369,0.191876845932619,-0.540803765671256,0.00645889413361599,0.19747923351112,"Endothelial","SCN7A",0.0107238500831953,30370218395,0,0
0.273832404165873,0.452335191668254,-2.19180945556506,0.0487505433249197,0.482030291768951,"Endothelial","TTN",0.112294916251072,20581887491.5,0,0
0.443578043536429,0.112843912927141,-0.299978191258713,0.158765260757833,0.26391804019478,"Endothelial","TFPI",0.356267985080713,33340368951.5,0,0
0.437916949612327,0.124166100775346,-0.316173094567536,0.0568413186209842,0.17731031005358,"Endothelial","MYO1B",0.10311895864075,32914867818.5,0,0
0.413741506283384,0.172516987433232,-0.342559413126574,0.0682949892097577,0.241273363935662,"Endothelial","ANKRD44",0.137430489645715,31097784642.5,0,0
0.540398621842009,0.0807972436840187,0.178611058281908,0.552170630714444,0.510055673905496,"Endothelial","CFLAR",1.27256807368484,40617631317.9375,0,0
0.520725287601396,0.0414505752027927,0.0768854818420181,0.0888993952888963,0.047487695386446,"Endothelial","NRP2",0.163739074950883,39138937249,0,0
0.457641067010624,0.084717865978752,-0.177677624000449,0.00630638187544324,0.0909817345623117,"Endothelial","DOCK10",0.0123572548323401,34397378869,0,0
0.393681714669186,0.212636570661628,-0.556678233009643,0.00606998787527548,0.218005823863884,"Endothelial","PID1",0.0106993514640607,29590043528.5,0,0
0.409387047957693,0.181225904084614,-0.506497681144747,0.0142522705262435,0.193417533354619,"Endothelial","COL6A3",0.0216220041795988,30770493314,0,0
0.465438500900027,0.0691229981999458,-0.114238958798489,0.00226480703386535,0.0713972911530657,"Endothelial","CHL1",0.00386247551497617,34983452338,0,0
0.506176126039007,0.0123522520780142,0.0578291706007021,0.19186042078132,0.186276408466063,"Endothelial","PPARG",0.399113165341216,38045388049.5,9.74685778915121e-25,1.25971717459845e-24
0.530123802991648,0.060247605983295,0.0802136263728396,0.1203321716983,0.0577832678192264,"Endothelial","STAB1",0.206027651379109,39845351769,0,0
0.438965344382191,0.122069311235618,-0.269766956986652,0.00712232245666745,0.129032258064516,"Endothelial","CADM2",0.0137391994794517,32993667635,0,0
0.446052452467073,0.107895095065855,-0.275916073133732,0.0220380213059625,0.128320413707191,"Endothelial","CCDC80",0.0344468579515222,33526351346,0,0
0.444036460898082,0.111927078203835,-0.186269884947733,0.218702578219724,0.351071866619908,"Endothelial","KALRN",0.523916993939817,33374824678.5,0,0
0.498248098138545,0.0035038037229107,-0.00973510503474248,0.000541418516513265,0.00404425299088037,"Endothelial","CPA3",0.000988737359842375,37449498827.5,2.81468573681391e-86,4.32605333770544e-86
0.837880603002153,0.675761206004306,2.14874565247776,0.705704721016952,0.0618379891094792,"Endothelial","TM4SF1",2.26997536721259,62977076635,0,0
0.450371778762733,0.0992564424745336,-0.245761450802224,0.00735109084392658,0.10644864688507,"Endothelial","KCNAB1",0.0153051887022665,33851002068.5,0,0
0.434734393354766,0.130531213290469,-0.281414357720274,0.0137032263968216,0.144155461224547,"Endothelial","RARRES1",0.0274541455119581,32675659405.5,0,0
0.323706895617694,0.352586208764611,-0.707905190800304,0.0052616729069599,0.357354590959926,"Endothelial","TNIK",0.00890525659524193,24330571563,0,0
0.224682224380595,0.550635551238809,-1.47883576798955,0.307289323379367,0.750880645684705,"Endothelial","LPP",0.681184637984801,16887644388.2812,0,0
0.312242226031678,0.375515547936644,-1.56593240050955,0.0539054576511587,0.409333186777142,"Endothelial","FGF12",0.0931463449851235,23468860034.5,0,0
0.786525180028639,0.573050360057279,1.70020212993836,0.647948328846931,0.0990318567797069,"Endothelial","LDB2",1.91733277196091,59117082267.5,0,0
0.423757986085314,0.152484027829372,-0.328809110433233,0.171393275734537,0.319483773263614,"Endothelial","RBPJ",0.298328832588719,31850646821,0,0
0.470296011207236,0.0594079775855275,-0.1639768921114,0.0190640322715938,0.0778492529996039,"Endothelial","RBM47",0.0355781121534756,35348554236.5,0,0
0.502469165434522,0.00493833086904494,0.00589254816361965,0.00973790768433013,0.00478226809663636,"Endothelial","KIT",0.0183664267150838,37766764172.5,8.73929741890354e-102,1.38426572660967e-101
0.544038302806712,0.0880766056134243,0.250410942254684,0.581475861122338,0.498456798200848,"Endothelial","IGFBP7",1.66415364026034,40891198298.9844,0,0
0.394090674165142,0.211818651669717,-0.372551191774495,0.0584350717188894,0.269686073148987,"Endothelial","BMP2K",0.0984752345850982,29620781886,0,0
0.811165011084826,0.622330022169651,2.13207382798949,0.854800704606633,0.329093672087501,"Endothelial","SPARCL1",3.16129957587066,60969069917.2188,0,0
0.508650654796928,0.0173013095938561,0.0284613757204853,0.0208255488534891,0.0034964119903901,"Endothelial","MMRN1",0.0374420675168182,38231379450.5,0,0
0.489856168228993,0.0202876635420139,-0.0335489645149662,0.0011590931621129,0.0214530348472239,"Endothelial","HPGDS",0.00228483035291574,36818741639.5,0,0
0.337236333926512,0.325527332146976,-1.09522332096648,0.310728474801162,0.52260367541991,"Endothelial","PDLIM5",0.623728756374552,25347475964.5938,0,0
0.513748081545976,0.0274961630919515,0.0898734180097948,0.115146754920427,0.0918837530249023,"Endothelial","SMAD1",0.213933764077062,38614514033,4.19760732025403e-203,7.7712877246204e-203
0.26625248624174,0.467495027516521,-1.56984359061036,0.0420247527395014,0.491818151682168,"Endothelial","PALLD",0.0637599075005824,20012163034,0,0
0.442562294106177,0.114875411787646,-0.199025494430147,0.00540655955222401,0.120336590719155,"Endothelial","TENM3",0.00985798262329233,33264022835.5,0,0
0.379496082671158,0.241007834657685,-0.453482543195084,0.0243867100818228,0.263811612484494,"Endothelial","ACSL1",0.0358072959016835,28523818066,0,0
0.322504705327523,0.354990589344955,-1.39965752706112,0.124190731830071,0.432199442039643,"Endothelial","SORBS2",0.236356880872937,24240212113.5,0,0
0.450172230549509,0.0996555389009813,-0.293834433240882,0.00863219381257769,0.107629819997592,"Endothelial","EGFLAM",0.0135074154120067,33836003555.5,0,0
0.422683089370623,0.154633821258754,-0.496843586649437,0.066228448111517,0.214144766112021,"Endothelial","C7",0.145812270478852,31769855056,0,0
0.383511752522354,0.232976494955292,-0.438221327075494,0.0565591709433646,0.292159767185022,"Endothelial","GHR",0.118219134555452,28825645256,0,0
0.302967702351092,0.394064595297816,-1.15923953799083,0.0160671663984993,0.405529704671828,"Endothelial","CMYA5",0.0301752857367082,22771765023,0,0
0.405385295106957,0.189229409786086,-0.354798651271161,0.185820935357679,0.390945618929477,"Endothelial","FER",0.416290884990954,30469712158.4844,0,0
0.389999409699551,0.220001180600898,-0.609693336331651,0.0152893538818183,0.233085409109863,"Endothelial","PDGFRB",0.0250959806237553,29313272827,0,0
0.793692865262271,0.587385730524541,1.77051750994425,0.654147952141653,0.0819737629523396,"Endothelial","CD74",1.9804134080579,59655822346.5,0,0
0.277747603976938,0.444504792046124,-1.49539636267641,0.0164026933664793,0.454879012630003,"Endothelial","SGCD",0.0298356445052721,20876163117,0,0
0.464769175383823,0.0704616492323534,-0.26896402728733,0.26221432547641,0.30402035037398,"Endothelial","EBF1",0.629370377001615,34933144258.0938,0,0
0.462104146052755,0.0757917078944895,-0.16873448223803,0.00343152580888689,0.079154300988033,"Endothelial","DOCK2",0.00634986082779755,34732834386,0,0
0.453512818982997,0.0929743620340066,-0.201884406056239,0.0056277023265745,0.0984055035339234,"Endothelial","GFPT2",0.00922767028473298,34087090038.5,0,0
0.468876559753561,0.0622468804928773,-0.193616846709107,0.00449148600318751,0.0665993206073707,"Endothelial","F13A1",0.0087883452547703,35241864927,0,0
0.296640569781145,0.406718860437709,-1.40809466262259,0.0040644516803038,0.40932271847777,"Endothelial","MLIP",0.00731141776368265,22296202859,0,0
0.306529850059211,0.386940299881579,-0.947586831096105,0.325072252682309,0.625674551040811,"Endothelial","DST",0.678461684959109,23039504422.1406,0,0
0.397918217252545,0.20416356549491,-0.577371092517326,0.0175007816253231,0.219958161696842,"Endothelial","ADGRB3",0.0374304548997849,29908469026,0,0
0.46354880690921,0.0729023861815795,-0.114948651299113,0.0126966454928815,0.0860145265100958,"Endothelial","SLC35F1",0.0276074576793475,34841418493.5,0,0
0.177858406001147,0.644283187997705,-2.46736549936516,0.0414223293197191,0.661786694442554,"Endothelial","LAMA2",0.08189722350991,13368256079.4219,0,0
0.51376178548785,0.0275235709757009,0.0392720872374043,0.118067364664435,0.0895109385004859,"Endothelial","ARHGAP18",0.216089860301463,38615544053.5,3.69808860537291e-206,6.8768595204126e-206
0.545844821646192,0.0916896432923846,0.216663818567431,0.216887682347469,0.127048515333441,"Endothelial","AKAP12",0.490033824135327,41026980503.5,0,0
0.443080485768307,0.113839028463386,-0.188500234310192,0.00738159329556113,0.121365973490777,"Endothelial","SYTL3",0.013612488087711,33302971339.5,0,0
0.34953452559566,0.30093094880868,-0.733139650937613,0.428513691787977,0.62013856538936,"Endothelial","QKI",0.934827339492444,26271836973.125,0,0
0.47530617750149,0.0493876449970209,-0.109028796531795,0.00228768387259126,0.0516436102372989,"Endothelial","IKZF1",0.00405443210387478,35725130118,0,0
0.485719887070607,0.0285602258587859,-0.043937040767498,0.00126585174283383,0.029822440195478,"Endothelial","MLXIPL",0.00179676301577351,36507849020,0,0
0.514334749198783,0.0286694983975659,0.116083836952461,0.594599540938103,0.535854797708838,"Endothelial","CD36",1.71131209806823,38658609353.5,4.58423912360138e-65,6.71861691311206e-65
0.467601158123278,0.0647976837534447,-0.0902996434915801,0.0170737473024394,0.0825669665834437,"Endothelial","SEMA3A",0.0402036533333514,35146002741,0,0
0.491343737907797,0.0173125241844058,-0.030009263513258,0.00452198845482206,0.0218368724908795,"Endothelial","RELN",0.0078683676323109,36930550875,0,0
0.488763850505393,0.0224722989892132,-0.0685470214632214,0.304223826990094,0.327617641875989,"Endothelial","NAMPT",0.644628548642711,36736640470.5,6.89050008167809e-53,9.79305095533526e-53
0.416771741256041,0.166456517487918,-0.27091332567719,0.0356268635091545,0.204339459033183,"Endothelial","PLXNA4",0.0753223512444537,31325544229.5,0,0
0.343404549021306,0.313190901957388,-0.793808179280826,0.473428551819852,0.666000184939956,"Endothelial","CALD1",1.06507789012419,25811093517.4219,0,0
0.50924992608011,0.0184998521602207,0.046311407090374,0.0412164377711859,0.0230826001161981,"Endothelial","KIAA1549",0.0781258872233635,38276422089.5,0,0
0.803732186592696,0.607464373185392,2.48830927247336,0.769424342481527,0.254937984049801,"Endothelial","TMSB4X",3.28077608003603,60410401348,0,0
0.476111546839516,0.0477769063209675,-0.0894955522073354,0.0148165658814827,0.0625917066642939,"Endothelial","GPM6B",0.0272351371907533,35785663571.5,0,0
0.438702995139589,0.122594009720823,-0.269357249679489,0.34706452031082,0.483706964385101,"Endothelial","SAT1",0.835774798595656,32973948848.9375,0,0
0.232654971733537,0.534690056532927,-1.96581190351986,0.032546115894065,0.552176621147012,"Endothelial","DMD",0.0541046143726286,17486894829.5,0,0
0.456935829578019,0.086128340843962,-0.267592780256163,0.133349092933345,0.210992063284359,"Endothelial","TIMP1",0.281328448506273,34344371565,0,0
0.488694055623041,0.0226118887539174,-0.0272369480787553,0.210649930988203,0.238441688955421,"Endothelial","FLNA",0.383999084538872,36731394523,8.83003878447487e-67,1.29985492370588e-66
0.808086542406959,0.616173084813918,1.66305695749093,0.641230163874421,0.0441483078866423,"Endothelial","F8",1.73597395445564,60737684971.5,0,0
0.499282681379427,0.0014346372411459,-0.0507822984867963,0.176113530124984,0.173304440827065,"Endothelial","CTSB",0.303174749116823,37527260537,0.218979912503925,0.230897097468665
0.336264166147975,0.32747166770405,-0.967479771635932,0.333712072107796,0.604102875467366,"Endothelial","DLC1",0.724013688783943,25274405548.0312,0,0
0.473487377613553,0.0530252447728948,-0.123867389758564,0.00281385116328725,0.055780333205969,"Endothelial","MSR1",0.00489127425714826,35588424841,0,0
0.368724367396901,0.262551265206198,-0.63845043019279,0.339751557531437,0.556759991555572,"Endothelial","RBPMS",0.722885284774677,27714190613.25,0,0
0.493008907856994,0.0139821842860124,-0.0359429754713031,0.00765611536027208,0.0216344853696793,"Endothelial","XKR4",0.0177356090272148,37055708964.5,5.47099421780178e-245,1.06871284565134e-244
0.84028119363323,0.680562387266461,2.3866848681529,0.713513348635397,0.0641096100732955,"Endothelial","FABP5",2.52937723052107,63157510672.5,0,0
0.227527920497125,0.54494415900575,-1.40760314129873,0.0653515026270236,0.597909131672014,"Endothelial","ZFPM2",0.143293316695097,17101533600.8594,0,0
0.53669422058483,0.0733884411696601,0.22939225534302,0.0802443246375927,0.00711495414012517,"Endothelial","PKHD1L1",0.244687222008285,40339199807.5,0,0
0.506474995054689,0.0129499901093788,0.0321928908146785,0.562366075173292,0.581334324332341,"Endothelial","NFIB",1.42265394707463,38067851747.5938,2.54130258067229e-14,3.11507663215481e-14
0.427441219817798,0.145117560364403,-0.347843527979418,0.0657404088853642,0.208790230983026,"Endothelial","BNC2",0.138371751913523,32127487330.5,0,0
0.499650771717791,0.000698456564418914,-0.00712123622436903,0.00437710180955794,0.00506491217969185,"Endothelial","CCL21",0.00707762117073865,37554927072.5,0.00113216425457736,0.00126440563421791
0.464044292715821,0.071911414568357,-0.196447106401729,0.170577335153313,0.238937188459049,"Endothelial","FRMD3",0.366697747786837,34878660372,0,0
0.64411067463282,0.288221349265641,0.77459265276368,0.641924094649107,0.35697075331627,"Endothelial","GSN",1.72935948621928,48412873113.9375,0,0
0.813449005015416,0.626898010030831,1.7327354121284,0.711057901278815,0.197357103351775,"Endothelial","STOM",2.05373807515683,61140740272.5,0,0
0.800551398800288,0.601102797600577,1.64902527665678,0.718759770316539,0.181232432885116,"Endothelial","ENG",2.02864488582238,60171325857,0,0
0.855499312210764,0.710998624421528,1.90675394344858,0.720704301608242,0.0200101542503913,"Endothelial","EGFL7",1.93861576145336,64301340254.5,0,0
0.84491982222493,0.68983964444986,2.52542278487858,0.790821812303164,0.216095359228417,"Endothelial","IFITM3",3.08674925336981,63506160906.5,0,0
0.511364747107251,0.0227294942145011,0.0454156746893757,0.115039996339706,0.0936616192016526,"Endothelial","PNPLA2",0.183490846925546,38435377011.5,1.25496374834856e-137,2.11790164200027e-137
0.391508627503532,0.216982744992935,-0.418538339673393,0.0231818632422581,0.239732779211353,"Endothelial","PDE3B",0.0405183021428874,29426709186.5,0,0
0.808329978064119,0.616659956128238,1.89110765363798,0.689134264166482,0.163151935152375,"Endothelial","CD59",2.16678914520554,60755982168,0,0
0.297010137441564,0.405979725116872,-1.41700095337034,0.00741209574719568,0.410929602431437,"Endothelial","MYBPC3",0.0159036271498384,22323980433.5,0,0
0.47403287968377,0.0519342406324609,-0.12444735548348,0.00282147677619589,0.0546898853546747,"Endothelial","MS4A6A",0.004855053928461,35629426059.5,0,0
0.41626619030402,0.167467619391959,-0.290139260888406,0.121209117182794,0.295729457271019,"Endothelial","TMEM135",0.250066999578025,31287545831,0,0
0.455070939181765,0.0898581216364706,-0.280227548974095,0.0322487169906281,0.119659640693071,"Endothelial","GUCY1A2",0.0545225983108281,34204202017,0,0
0.385019201262477,0.229961597475045,-0.418986829180867,0.093261245872637,0.327429212487285,"Endothelial","SIK2",0.189066514191574,28938948648.5,0,0
0.476714528464291,0.0465709430714182,-0.162441446575184,0.0771712026354118,0.120985625280245,"Endothelial","TAGLN",0.142126059467854,35830985088.5,0,0
0.552030202837327,0.104060405674653,0.18874304718113,0.202177875046707,0.0961129459713622,"Endothelial","MCAM",0.380891494975078,41491888300.5,0,0
0.445895857726211,0.108208284547578,-0.208875535461161,0.00583359387510771,0.114067824111634,"Endothelial","NTM",0.0113733358984623,33514581317,0,0
0.514230661323478,0.0284613226469563,0.0532122405267155,0.0617979670115986,0.0332804684215026,"Endothelial","ITGA8",0.122054998099659,38650785864,0,0
0.471725317009297,0.0565493659814054,-0.155584697378348,0.00343915142179553,0.0598682041109012,"Endothelial","MRC1",0.0057289188703391,35455984222,0,0
0.337763675241226,0.324472649517548,-1.06153046135288,0.118311384277511,0.40805954368683,"Endothelial","NEBL",0.245069525801178,25387112178,0,0
0.264907044659188,0.470185910681625,-1.24437234643712,0.0731753814712858,0.524222772389511,"Endothelial","SVIL",0.144100931659825,19911036480.4688,0,0
0.507493877988751,0.0149877559775018,0.047821279678486,0.483174085117091,0.493425035635836,"Endothelial","NRP1",1.16308601876673,38144433385.1094,9.05757130461207e-20,1.14459313924681e-19
0.167678398540352,0.664643202919296,-2.21433909419755,0.0867032187712087,0.737205557271194,"Endothelial","PRKG1",0.25825856564351,12603102777.5,0,0
0.394088020369787,0.211823959260426,-0.581687513635375,0.00994379923286334,0.220476342515777,"Endothelial","BICC1",0.0175316345111046,29620582420.5,0,0
0.289999394742595,0.42000121051481,-1.01730444884344,0.0129025370414147,0.430705964662511,"Endothelial","ANK3",0.0242271210568505,21797036524.5,0,0
0.284723893828989,0.430552212342022,-1.58376290764109,0.0090211000709182,0.436159948635544,"Endothelial","CTNNA3",0.0172391594133764,21400517469,0,0
0.488339744671571,0.0233205106568585,0.00752858674533263,0.313671961383896,0.374229489548275,"Endothelial","LRMDA",0.866005417041618,36704763678.625,5.27962919096706e-53,7.50604046749369e-53
0.285765337825127,0.428469324349747,-1.39242733994952,0.00874657800620725,0.433938924452028,"Endothelial","LDB3",0.014834324213414,21478794849,0,0
0.441398490926461,0.117203018147078,-0.352024645687337,0.0476600806789846,0.160543583892079,"Endothelial","ACTA2",0.0815837587310992,33176548651.5,0,0
0.365306134971121,0.269387730057757,-0.847813282827464,0.264570639865179,0.470816998424521,"Endothelial","SORBS1",0.62891129174175,27457268225.1875,0,0
0.45899682458849,0.0820063508230208,-0.1554028036348,0.00897534639346637,0.0910864175560359,"Endothelial","SORCS1",0.0185528551531547,34499280797,0,0
0.30359295315665,0.392814093686699,-1.24993464251648,0.00401869800285198,0.395595288567396,"Endothelial","RBM20",0.00752365183285895,22818760344,0,0
0.480125177531528,0.0397496449369449,-0.0699370745971576,0.0121628525892769,0.0519541697853475,"Endothelial","GPAM",0.0187617465132362,36087337493.5,0,0
0.444014944167435,0.111970111665129,-0.351843412217954,0.489701609766885,0.488470040599554,"Endothelial","ABLIM1",1.21506681486213,33373207430.4219,0,0
0.414028773831402,0.171942452337196,-0.287803125492034,0.084026628640277,0.259865063621089,"Endothelial","PTPRE",0.166918772707568,31119376347,0,0
0.228348376129245,0.54330324774151,-1.98053870008567,0.0613556814628976,0.57965765171619,"Endothelial","CACNA1C",0.147045223343324,17163200975.7031,0,0
0.908221549195055,0.816443098390111,2.66584748736196,0.823871218649199,0.0260678101539015,"Endothelial","VWF",2.70780195786091,68264067577.5,0,0
0.465986591367166,0.0680268172656681,-0.204692187222935,0.0039424418737656,0.0717636816311006,"Endothelial","CD163",0.00623602721806807,35024648106.5,0,0
0.485426550134269,0.0291468997314623,-0.0840928260786233,0.0036984222606892,0.0327884583509986,"Endothelial","CD69",0.00721542429295114,36485801126,0,0
0.547226739255688,0.0944534785113751,0.187622059267854,0.344654826631691,0.230700381569512,"Endothelial","MGP",0.874731715560125,41130848681,0,0
0.394676389998344,0.210647220003313,-0.590620055238515,0.119356093245995,0.311632548734295,"Endothelial","EPS8",0.212752576957733,29664805665.5,0,0
0.427393478908755,0.145213042182491,-0.382724795966867,0.0256068081472048,0.168759454182871,"Endothelial","MGST1",0.048112218760387,32123899011.5,0,0
0.338606503818263,0.322786992363474,-0.69114631626213,0.0186141211099842,0.339467756765575,"Endothelial","ABCC9",0.0303446713870702,25450461156,0,0
0.347675607290011,0.304648785419977,-0.78657002708029,0.0450063673867787,0.345801077885892,"Endothelial","SOX5",0.0973332878863948,26132116301.5,0,0
0.494894840633218,0.0102103187335648,-0.0115631858556877,0.434446418630897,0.449843760631867,"Endothelial","PPFIBP1",0.993876821359812,37197460107.2656,2.3267071012868e-10,2.77722571791685e-10
0.377128546726916,0.245742906546168,-0.83920332951472,0.019186042078132,0.26107066276548,"Endothelial","DCN",0.0331531048539922,28345868496.5,0,0
0.569324366187255,0.138648732374511,0.316902473578711,0.385428978854175,0.260712995870256,"Endothelial","BTG1",0.842190222720695,42791758290,0,0
0.648470949741144,0.296941899482289,0.607193657279553,0.349382706635046,0.0601264221620877,"Endothelial","ELK3",0.701131621917442,48740601645.5,0,0
0.361678875435994,0.276642249128012,-0.613968881153743,0.102343350846824,0.370637118146971,"Endothelial","ACACB",0.19375689629396,27184634868,0,0
0.829027993660963,0.658055987321926,1.849457293443,0.704957410951905,0.0600199944518013,"Endothelial","FLT1",1.98846599241234,62311693697.5,0,0
0.374619298823115,0.25076140235377,-0.549757036048659,0.222088350351159,0.474702482208253,"Endothelial","STARD13",0.483737797273035,28157267522.8438,0,0
0.382648944648061,0.234702110703878,-0.594166228572511,0.40935815216148,0.592565064842391,"Endothelial","LHFPL6",0.909537915321139,28760794587.0312,0,0
0.806506501007471,0.613013002014942,1.85482269742847,0.655627321045929,0.0561938310311798,"Endothelial","RNASE1",1.99097812931381,60618925344,0,0
0.552289654238692,0.104579308477384,0.208318352170421,0.200141836400101,0.0939460080012701,"Endothelial","RHOJ",0.409635846636076,41511389278,0,0
0.477342155685645,0.04531568862871,-0.0703410429987585,0.0386237293822491,0.0852014885921708,"Endothelial","NRXN3",0.103370384125598,35878159026.5,0,0
0.459186902535242,0.0816261949295158,-0.205630690544187,0.00378230400268422,0.0852869797037122,"Endothelial","FMN1",0.00678523826698583,34513567502.5,0,0
0.415361313701751,0.169277372596499,-0.298141445294722,0.00567345600402632,0.175160819249109,"Endothelial","FRMD5",0.0115072204961602,31219533177.5,0,0
0.87759982431017,0.75519964862034,3.28191864781536,0.878752754752663,0.298149379142611,"Endothelial","B2M",4.13219020298058,65962466719.5,0,0
0.437816236438505,0.12436752712299,-0.37680415597995,0.072054416373716,0.18817814951872,"Endothelial","FBN1",0.125367356678416,32907297979.5,0,0
0.32656650358978,0.34686699282044,-0.89232808357914,0.149385756880209,0.479812757018559,"Endothelial","RORA",0.319392256904194,24545506423.3594,0,0
0.487103154948855,0.0257936901022899,-0.0472273919922117,0.548136681485774,0.512595981219871,"Endothelial","TPM1",1.37266798833202,36611818686.875,4.71411093147951e-54,6.72484381380343e-54
0.479407423985766,0.0411851520284674,-0.0767226276174672,0.0033323928410746,0.0445234219474875,"Endothelial","NTRK3",0.00633033924789203,36033389449,0,0
0.493973013007791,0.0120539739844185,-0.0236948700294982,0.000754935677955116,0.0128062195656005,"Endothelial","PLIN1",0.0011571453209126,37128173375,0,0
0.478600196177419,0.0427996076451614,-0.0814972545027064,0.00673341619832694,0.0495080771653241,"Endothelial","MCTP2",0.011844002906145,35972716308.5,0,0
0.829858440214581,0.659716880429162,2.03407854758513,0.669033148539314,0.0200747087631879,"Endothelial","SLC9A3R2",2.06698013807377,62374112013.5,0,0
0.479710463312766,0.0405790733744689,-0.0967816666159151,0.0219617651768761,0.0623840853934074,"Endothelial","MYH11",0.0438781938596178,36056166597.5,0,0
0.489480011332231,0.0210399773355373,-0.0348335790752887,0.00151749696881887,0.0225609298641389,"Endothelial","HP",0.00266140350470452,36790468802.5,0,0
0.355526891230515,0.288946217538969,-0.653412908521372,0.0944050878089326,0.376614517088626,"Endothelial","ZFHX3",0.178089035071812,26722237266.9844,0,0
0.502381247536223,0.00476249507244608,0.00494603757409575,0.00690117968231697,0.00213029892228858,"Endothelial","KRT19",0.0100550314610027,37760156056.5,6.27366557692707e-177,1.12208589561125e-176
0.831851316075257,0.663702632150514,1.73170190982383,0.68898175190831,0.0464844833632552,"Endothelial","PECAM1",1.81105318307752,62523901250,0,0
0.402136464739204,0.195727070521593,-0.344905728434414,0.0454105248709365,0.243072166711157,"Endothelial","PRKCA",0.0910881389876706,30225522427.5,0,0
0.362048348308266,0.275903303383468,-0.690409922485781,0.0228615875000953,0.296469217093337,"Endothelial","ABCA8",0.0413018718956873,27212405318,0,0
0.408330893871014,0.183338212257972,-0.466464011345516,0.00824328755423717,0.190823139826819,"Endothelial","ABCA9",0.0140773123044825,30691110289,0,0
0.398052070182387,0.203895859635225,-0.560871612755195,0.00773999710226709,0.210700695618493,"Endothelial","ABCA6",0.0133092009867261,29918529727,0,0
0.493227325650085,0.0135453486998297,-0.0322850046866568,0.0166085849150125,0.0300387850491748,"Endothelial","FASN",0.0235375732083701,37072125759.5,5.48692098409386e-161,9.58591929092957e-161
0.294731021216002,0.410537957567995,-1.32511405363021,0.00649702219815918,0.414844746396724,"Endothelial","MYOM1",0.0113195500884962,22152676698,0,0
0.536736828835116,0.0734736576702328,0.230900742844403,0.548251065679404,0.516038306996837,"Endothelial","PTPRM",1.5288354224329,40342402343.7969,0,0
0.402334808007427,0.195330383985146,-0.379247387115753,0.0133982018804761,0.208570396696205,"Endothelial","BCL2",0.0244328087629635,30240430374,0,0
0.409927946466528,0.180144107066943,-0.560103963186297,0.00584884510092499,0.185285409458806,"Endothelial","CDH19",0.0111257209641882,30811148518,0,0
0.53627112834647,0.0725422566929408,0.170353066303551,0.396120088152085,0.359060923757631,"Endothelial","DSTN",0.842077568138809,40307399199.8438,0,0
0.467438472261141,0.0651230554777171,-0.128251860557431,0.00670291374669239,0.0719067483891904,"Endothelial","SLC24A3",0.0145725219181137,35133774889,0,0
0.5447299887676,0.0894599775352003,0.318639800248427,0.287844010462341,0.232883021988663,"Endothelial","RALGAPA2",0.70109634122273,40943187042.5,0,0
0.842190035109003,0.684380070218006,2.08493432175835,0.714413170958616,0.0552307474889167,"Endothelial","ID1",2.19437322895471,63300983687,0,0
0.407463276221313,0.185073447557375,-0.413516975041091,0.196412911687777,0.371382112118976,"Endothelial","MYL9",0.36261052755825,30625898106,0,0
0.510891191854446,0.0217823837088915,0.0386292261259128,0.0267201476318659,0.00493231372097446,"Endothelial","SLPI",0.0486634586732798,38399783485,0,0
0.500428628285781,0.00085725657156166,-0.0118501259401262,0.157202010111563,0.153863064175909,"Endothelial","TSHZ2",0.378537655242076,37613392601.5,0.440557879088073,0.457036305972736
0.402410495560638,0.195179008878725,-0.583987939328868,0.0143666547198731,0.208008597963218,"Endothelial","CFD",0.027338408841771,30246119228.5,0,0
0.461934586104222,0.076130827791557,-0.101587239287211,0.00197503374333712,0.0781266629329732,"Endothelial","PLIN4",0.00294033380123201,34720089861.5,0,0
0.437308998870818,0.125382002258363,-0.311264747746039,0.00530742658441172,0.130321603603887,"Endothelial","C3",0.00874604205494724,32869172811,0,0
0.448428756783836,0.103142486432329,-0.166495405557755,0.00231818632422581,0.105483818626245,"Endothelial","ZNF536",0.00406516867967625,33704959967,0,0
0.496943647463783,0.00611270507243378,-0.0115511172704543,0.000343152580888689,0.00645545127966236,"Endothelial","HAS1",0.000543765295991354,37351453247,5.63273844312792e-166,9.91443028786418e-166
0.636256925973919,0.272513851947838,0.731785360624204,0.670352379572508,0.494067091330678,"Endothelial","TIMP3",1.95043432068559,47822566894.4219,0,0
0.428067334839264,0.143865330321472,-0.368239141577026,0.00706894316630699,0.150452143297061,"Endothelial","NCAM2",0.0131027329845094,32174547608,0,0
0.681250249362125,0.36250049872425,0.84480386209532,0.614098233145489,0.346868844421879,"Endothelial","APP",1.4922698311696,51204370894.8125,0,0
0.433522167481857,0.132955665036285,-0.373396444157634,0.163897298245346,0.276741706926001,"Endothelial","COL6A2",0.304904051761258,32584545658,0,0
0.783474178390983,0.566948356781966,1.9294537222758,0.608944712672886,0.0787929278577241,"Fibroblast","KAZN",2.06786343955043,61138626362.5,0,0
0.715607013582557,0.431214027165115,1.3727941889732,0.451018259701601,0.0257818663833197,"Fibroblast","PLA2G2A",1.4264341529287,55842593199,0,0
0.677243262584138,0.354486525168277,0.973121489413613,0.562514974407377,0.206210805191321,"Fibroblast","PLA2G5",1.53258229516258,52848867173.5,0,0
0.654998708183606,0.309997416367213,0.710565326834735,0.700105274621556,0.551868201305773,"Fibroblast","NFIA",2.01163957148564,51113007157.1719,0,0
0.879523075394653,0.759046150789306,2.51538345655817,0.779598504374342,0.0389666779040562,"Fibroblast","NEGR1",2.596244136998,68633828870,0,0
0.440983276862131,0.118033446275739,-0.346376695766826,0.0262387918829637,0.142346543443689,"Fibroblast","ST6GALNAC3",0.0455886215241701,34412253192,0,0
0.325956898312678,0.348086203374644,-1.12640215956457,0.126300504592152,0.428744654150215,"Fibroblast","NEXN",0.217103274639742,25436137611,0,0
0.499665467847076,0.000669064305848899,-0.0322080749091389,0.0843794242567249,0.0828683936945889,"Fibroblast","VAV3",0.158890976302985,38991534357.5,0.42051914187379,0.447449439746327
0.347868685225871,0.304262629548259,-0.919158975183154,0.1930228337024,0.441878279655677,"Fibroblast","PDE4DIP",0.374460395225382,27146030023.5,0,0
0.498930483939941,0.00213903212011868,-0.00750843244462325,0.00223617816822158,0.0043737567534652,"Fibroblast","ITLN1",0.00492127423482432,38934179683,8.0257245332463e-30,1.29582930399279e-29
0.424386170680964,0.151227658638072,-0.463109939245467,0.0283588049515374,0.17644172472161,"Fibroblast","RGS5",0.0487793235844832,33117093375,0,0
0.488089593381091,0.023820813237818,-0.0591383272498848,0.00988855410752532,0.0335833211251745,"Fibroblast","CD247",0.0160302465765938,38088207760,0,0
0.505053466090729,0.0101069321814584,0.023617927222637,0.0134896721966094,0.00338533714816233,"Fibroblast","PRG4",0.0309732004279823,39411988305.5,0,0
0.713583862696889,0.427167725393778,1.06043355905443,0.45221621229172,0.0288795028249385,"Fibroblast","KCNT2",1.11891226558087,55684716054.5,0,0
0.455212767772685,0.089574464454629,-0.241474743019733,0.00927142701564599,0.098213608066916,"Fibroblast","PTPRC",0.0133631593010733,35522655490,0,0
0.304918470264613,0.390163059470773,-1.2815889119031,0.0535375903002142,0.426007084850528,"Fibroblast","TNNT2",0.108027645490255,23794398001.5,0,0
0.487678142922098,0.0246437141558032,-0.0607825628001032,0.0415798453552111,0.0656045862669686,"Fibroblast","LMOD1",0.0683454222909474,38056100108.5,1.72820643934174e-257,5.17903212688221e-257
0.455012120249752,0.0899757595004962,-0.155861236818333,0.036141866627945,0.126201768212072,"Fibroblast","G0S2",0.0612602343038859,35506997904.5,0,0
0.306883709741,0.386232580518,-2.12973134686801,0.0823465350128871,0.435084659904229,"Fibroblast","RYR2",0.172704673953846,23947756013,0,0
0.526628499405435,0.05325699881087,0.148013451610097,0.390401858641594,0.367895072198757,"Fibroblast","SMYD3",0.917413667007676,41095602056.875,2.29790454258624e-274,7.0790090614009e-274
0.486229842974137,0.0275403140517252,-0.0153780336070302,0.130424365629651,0.162482062831716,"Fibroblast","LPIN1",0.228205747126513,37943081617.5,2.38652260709869e-139,5.64786833596105e-139
0.309010766533159,0.381978466933683,-1.57417105224816,0.178059316804008,0.487781545146948,"Fibroblast","SLC8A1",0.375826902932298,24113741483.9375,0,0
0.490719369493239,0.0185612610135215,-0.0483167877864348,0.0269285221621229,0.0454567116338753,"Fibroblast","NRXN1",0.0506328466568268,38293423073.5,5.52466673280785e-209,1.51794743366945e-208
0.564242340246247,0.128484680492494,0.276325943968935,0.613293643590954,0.552613046079769,"Fibroblast","SPTBN1",1.54239775812005,44030808633.75,0,0
0.623087041506776,0.246174083013552,0.581169262720268,0.439438051330453,0.232273312141146,"Fibroblast","EHBP1",0.993576976842069,48622771334,0,0
0.445620776869614,0.108758446260773,-0.614333238286062,0.243932188623081,0.30245286915266,"Fibroblast","TMSB10",0.497508380487455,34774141800.5,0,0
0.515244050743937,0.0304881014878731,0.034550689910374,0.0883072566885686,0.0565623119134568,"Fibroblast","IL18R1",0.15210484783563,40207213425.5,0,0
0.477774819757426,0.0444503604851484,-0.116193151159146,0.00234508294914147,0.0467310669107122,"Fibroblast","CXCR4",0.00349526242027665,37283291519,0,0
0.466463469621666,0.0670730607566679,-0.201408822031414,0.0838494209895814,0.146453779910725,"Fibroblast","ARHGAP15",0.162203123429908,36400607151.5,0,0
0.587513562978657,0.175027125957314,0.429351041098149,0.51893128108324,0.38182296345848,"Fibroblast","ZEB2",1.27044079116236,45846785000.1406,0,0
0.712081604711795,0.424163209423591,1.21188603896434,0.499074309362181,0.0799454957189076,"Fibroblast","SCN7A",1.42571685252826,55567486933,0,0
0.300282922624076,0.399434154751847,-2.03440103416704,0.118815115983592,0.47004294330178,"Fibroblast","TTN",0.259453257947606,23432661746.5,0,0
0.712379872055724,0.424759744111448,1.04758945037051,0.588840890115076,0.160588180266556,"Fibroblast","TFPI",1.44311006101898,55590762308.5,0,0
0.576995623097682,0.153991246195364,0.268615475956105,0.289497948959959,0.12215277790035,"Fibroblast","MYO1B",0.576505868948918,45026014623.5,0,0
0.54925830103713,0.0985166020742609,0.228751243293016,0.281983519076487,0.191338620201532,"Fibroblast","ANKRD44",0.600222474577546,42861524948.5,0,0
0.378309709758214,0.243380580483572,-0.525035783553589,0.354833557193161,0.557539258791198,"Fibroblast","CFLAR",0.704856012108879,29521503876.125,0,0
0.493529550585288,0.0129408988294231,-0.0336640719873271,0.0451664428068392,0.0576372182342237,"Fibroblast","NRP2",0.0740887628998402,38512716340,2.81135558742673e-79,5.6252663719336e-79
0.50356663608911,0.00713327217822024,-0.00909820536347186,0.0820996841761353,0.0735419487045526,"Fibroblast","DOCK10",0.149633117488865,39295963111,2.38972790613859e-19,3.58469362770742e-19
0.777349794636959,0.554699589273919,1.53547308040762,0.612676516499074,0.0730036130266644,"Fibroblast","PID1",1.69891610019243,60660708365.5,0,0
0.829647699453577,0.659295398907154,1.8779165671441,0.679652956764802,0.0337404092410173,"Fibroblast","COL6A3",1.94447545304906,64741789976.5,0,0
0.493931789274859,0.0121364214502815,-0.0158015379917539,0.0485207100591716,0.0609572490870356,"Fibroblast","CHL1",0.0841192883036855,38544105148.5,2.67148678660011e-66,5.1025078934607e-66
0.469978901793342,0.0600421964133153,-0.114470835866697,0.138221947943515,0.199251272148983,"Fibroblast","PPARG",0.259967094893848,36674934883,0,0
0.463147166255992,0.0737056674880165,-0.155731768027642,0.0103967764184848,0.0837809167944846,"Fibroblast","STAB1",0.0154732422901191,36141818492,0,0
0.474297359430347,0.0514052811393066,-0.127611910697985,0.0659382146876248,0.116153423903163,"Fibroblast","CADM2",0.130621061029924,37011926931,0,0
0.723904265197694,0.447808530395389,1.13993208552464,0.463956147674883,0.0221247138436991,"Fibroblast","CCDC80",1.17599081513455,56490071546.5,0,0
0.37863217882079,0.24273564235842,-0.513600470933548,0.134882201328638,0.372990728271095,"Fibroblast","KALRN",0.26234553048436,29546667839.5,0,0
0.498684597269661,0.0026308054606774,-0.00844373274801573,0.00127781609612662,0.00390602247595581,"Fibroblast","CPA3",0.0021187642195142,38914991848,2.90950911626643e-51,5.2304046703771e-51
0.473771511392771,0.0524569772144585,-0.270883562898448,0.154528623806585,0.188334530615415,"Fibroblast","TM4SF1",0.303408793346188,36970892232.5,0,0
0.468757256457894,0.0624854870842118,-0.168478506196174,0.0384651686209025,0.100038654266707,"Fibroblast","KCNAB1",0.0797767126514892,36579603448,0,0
0.652563829430162,0.305127658860324,0.822361814864446,0.354368896794569,0.0628564267572247,"Fibroblast","RARRES1",0.918007696927855,50923000713.5,0,0
0.41328372653156,0.173432546936881,-0.349298464381614,0.152858750499147,0.3255730627417,"Fibroblast","TNIK",0.304013199811446,32250711044.5,0,0
0.429532863502956,0.140934272994087,-0.292835854934834,0.636047482484481,0.676123135902401,"Fibroblast","LPP",1.64909962704819,33518716987.0156,0,0
0.303547735958136,0.392904528083727,-1.61198065626949,0.0383780447961665,0.417247216098531,"Fibroblast","FGF12",0.0707734735602605,23687432367,0,0
0.517422486009994,0.0348449720199877,-0.0171872308948809,0.241804915235779,0.191375685936731,"Fibroblast","LDB2",0.519875215313735,40377208230,5.33695239345638e-181,1.38308424887513e-180
0.502070591864051,0.00414118372810202,-0.010257421187539,0.289788361709079,0.292425705263864,"Fibroblast","RBPJ",0.55766360961623,39179218882,0.00294982349649263,0.00355715791990607
0.476221320871626,0.047557358256748,-0.151112458730976,0.0297092242349439,0.0759459263874499,"Fibroblast","RBM47",0.0474628960718808,37162063799.5,0,0
0.497718619328115,0.00456276134376954,-0.0132536174206902,0.0020401495625658,0.0065959358303872,"Fibroblast","KIT",0.00290936071954251,38839611489.5,1.9693702661952e-90,4.07239041073498e-90
0.72532912554244,0.450658251084881,1.34229289230528,0.802773441754093,0.443690970610402,"Fibroblast","IGFBP7",2.54015679533381,56601260921.5156,0,0
0.481123165636708,0.0377536687265836,-0.0602326302272667,0.197393545576651,0.238364447958825,"Fibroblast","BMP2K",0.353205645253464,37544580625,2.22303335617589e-191,5.88841381696041e-191
0.612627896935876,0.225255793871752,0.723267526310956,0.677903219951356,0.365976479143464,"Fibroblast","SPARCL1",2.008031446842,47806589065.8047,0,0
0.496869566892286,0.0062608662154281,-0.0150320315507966,0.00169165426362217,0.0079461876126313,"Fibroblast","MMRN1",0.00218777603421919,38773355445.5,1.85380469466629e-143,4.43061586137369e-143
0.490987859907813,0.0180242801843749,-0.0307495820730682,0.00318001960286057,0.0211980704637276,"Fibroblast","HPGDS",0.00485104822655688,38314374798,0,0
0.295592440029292,0.408815119941417,-1.34781354850848,0.226064544233492,0.545653513037431,"Fibroblast","PDLIM5",0.430796397771513,23066638627,0,0
0.497685284623323,0.00462943075335376,0.0183208243753644,0.0905652158129742,0.0975887856735638,"Fibroblast","SMAD1",0.155532333692472,38837010206.5,1.82082869577563e-07,2.40934898497374e-07
0.362790880742174,0.274418238515651,-1.00986262082919,0.261233528151886,0.4437651020808,"Fibroblast","PALLD",0.528935353947867,28310487718.9062,0,0
0.503131094936575,0.00626218987314919,0.0315901458990712,0.102414055977057,0.0980918206512626,"Fibroblast","TENM3",0.197238001837958,39261975535.5,3.19882586920171e-12,4.48906145086698e-12
0.479632166565628,0.0407356668687447,-0.0884546727273219,0.185493883181472,0.227433586145181,"Fibroblast","ACSL1",0.333697150650378,37428230096,6.83181334568934e-231,1.9529605038838e-230
0.280656945212946,0.438686109574109,-1.63647042980518,0.0317856753911497,0.458250744403515,"Fibroblast","SORBS2",0.0589683757159766,21901143117,0,0
0.455448256799656,0.0891034864006872,-0.275218142303219,0.0186081968998439,0.106357479600608,"Fibroblast","EGFLAM",0.0312357341877161,35541031942,0,0
0.85753005952894,0.71506011905788,2.25384264736196,0.743768831451701,0.0511524796094331,"Fibroblast","C7",2.36321761909995,66917597733.5,0,0
0.534788111731439,0.0695762234628772,0.192893356351605,0.287900678839801,0.238662738875426,"Fibroblast","GHR",0.630015808785016,41732339684,0,0
0.319669212362409,0.360661575275182,-1.08504307924471,0.0571750099829383,0.400071660421385,"Fibroblast","CMYA5",0.100721593447274,24945476281.5,0,0
0.584739144406562,0.169478288813125,0.39955310727368,0.453813482411878,0.328183549520705,"Fibroblast","FER",1.02644236700137,45630282471.875,0,0
0.584964205831019,0.169928411662038,0.291899098254848,0.353454096634842,0.153411547918053,"Fibroblast","PDGFRB",0.756081060710647,45647845203,0,0
0.400175626871805,0.199648746256391,-0.608949514616684,0.0323592405706611,0.22647164206502,"Fibroblast","CD74",0.0496980675861641,31227816826,0,0
0.37145741426851,0.25708517146298,-0.94007401276871,0.223472610447599,0.409645210312746,"Fibroblast","SGCD",0.490566091770335,28986783083.5,0,0
0.751133733645208,0.502267467290416,1.47195970247117,0.695487711910553,0.199175375643576,"Fibroblast","EBF1",2.03235167166713,58614930722.9453,0,0
0.473802343857529,0.0523953122849419,-0.12592633481421,0.0233128834355828,0.0752028466484633,"Fibroblast","DOCK2",0.0423670140224679,36973298252.5,0,0
0.650822908142282,0.301645816284563,0.682063584631787,0.32189349112426,0.0225995082612464,"Fibroblast","GFPT2",0.722198482078862,50787147434.5,0,0
0.474067860911823,0.0518642781763549,-0.175933696748069,0.0137002214397212,0.0650839009391751,"Fibroblast","F13A1",0.0248271514948495,36994017950,0,0
0.308695878745905,0.38260824250819,-1.35099718487664,0.037013104875304,0.406032183648363,"Fibroblast","MLIP",0.0664340205801243,24089169127.5,0,0
0.517546872543738,0.0350937450874764,0.108579030895326,0.613794605583185,0.558984822463954,"Fibroblast","DST",1.5369566428281,40386914767.9062,9.72675297003032e-99,2.06593793184001e-98
0.676614664686905,0.35322932937381,0.960934828613638,0.471151123534323,0.112030302121043,"Fibroblast","ADGRB3",1.28030793177074,52799814361,0,0
0.469798221918545,0.0604035561629095,-0.0939032596833596,0.0234000072603187,0.0842663014220887,"Fibroblast","SLC35F1",0.0456139908990226,36660835478.5,0,0
0.823419306023091,0.646838612046182,2.25453681739304,0.929676552800668,0.453070366650723,"Fibroblast","LAMA2",3.90347987632869,64255755555.3438,0,0
0.48198118743237,0.0360376251352597,-0.0874043856103369,0.0669401386720877,0.101607770390126,"Fibroblast","ARHGAP18",0.113818845891781,37611536595.5,0,0
0.608070835228208,0.216141670456417,0.456112142725584,0.319432243075471,0.101072964782256,"Fibroblast","AKAP12",0.68062490247236,47450977482.5,0,0
0.454198371288498,0.0916032574230036,-0.151501142976394,0.0262750934766036,0.118100257518608,"Fibroblast","SYTL3",0.0451417978255863,35443496777,0,0
0.393560937391266,0.212878125217468,-0.484987377971473,0.506327367771445,0.603453114492526,"Fibroblast","QKI",1.14131815491786,30711637684.6719,0,0
0.476264274213096,0.0474714515738076,-0.108447293559347,0.00437071187425128,0.0517119957074349,"Fibroblast","IKZF1",0.00554361975379782,37165415675.5,0,0
0.507585251107502,0.015170502215003,0.0217482813864821,0.0367081714887284,0.0215387222205552,"Fibroblast","MLXIPL",0.0550480073787474,39609556856.5,6.31152286803729e-234,1.81364889463e-233
0.175304836439639,0.649390327120721,-1.92040516103498,0.0374196827240716,0.670625051847903,"Fibroblast","CD36",0.0719997005180891,13679961880.3438,0,0
0.489853219687972,0.0202935606240564,-0.0151931510204795,0.0532181362761825,0.0745427235549217,"Fibroblast","SEMA3A",0.10146796056877,38225832831.5,1.94793648438354e-153,4.75826038321261e-153
0.500711763723707,0.00142352744741414,-0.000209504688138934,0.0197843685337786,0.0183281235383304,"Fibroblast","RELN",0.0321214973964708,39073182348.5,0.000455328426879815,0.000561925881452407
0.525650234702271,0.0513004694045414,0.199430392637818,0.33737249065234,0.319831403855895,"Fibroblast","NAMPT",0.860841369613032,41019262897.5,1.20135707486455e-277,3.72374178150554e-277
0.488662316031421,0.0226753679371576,-0.00100898731103405,0.149177768904055,0.178699204498721,"Fibroblast","PLXNA4",0.294981071401725,38132900332,1.3734056426222e-87,2.81916319089304e-87
0.481814714465935,0.0363705710681301,-0.083155429662243,0.647199332050677,0.625997906668479,"Fibroblast","CALD1",1.6441890576497,37598545831.0625,1.00083866563372e-102,2.15407192706112e-102
0.495060330842859,0.00987933831428245,-0.0153681900234281,0.018499292118924,0.0283941181973344,"Fibroblast","KIAA1549",0.0280747483777998,38632171205,2.80971801761009e-93,5.86938129832154e-93
0.474287377919335,0.0514252441613304,-0.456329164871054,0.374741351145315,0.344896666025371,"Fibroblast","TMSB4X",0.888692123460859,37011148021,3.53177735321621e-265,1.07281239642711e-264
0.515469692628608,0.0309393852572155,0.0631914916695125,0.0783315787563074,0.0477071312709488,"Fibroblast","GPM6B",0.150900493687702,40224821453,0,0
0.461841819025435,0.0763163619491291,-0.171956417626277,0.384324971866265,0.476239981220027,"Fibroblast","SAT1",0.916650924460754,36039955356.2344,0,0
0.35086757191245,0.2982648561751,-1.17709853228813,0.31444440410934,0.489696608132222,"Fibroblast","DMD",0.706990138722961,27380048983.7812,0,0
0.669928634984106,0.339857269968213,0.891674021392835,0.465350128870657,0.131184462043805,"Fibroblast","TIMP1",1.21639117152783,52278068165.5,0,0
0.46272263302202,0.0745547339559607,-0.132932121932423,0.173478055686645,0.247802090154458,"Fibroblast","FLNA",0.299229251953874,36108689922.5,0,0
0.44658353705501,0.106832925889981,-0.304184027085885,0.074084292300432,0.175072057554262,"Fibroblast","F8",0.137874761405628,34849271060.5,0,0
0.436695992830459,0.126608014339083,-0.274669990516923,0.0739971684756961,0.19809693925279,"Fibroblast","CTSB",0.123547187581808,34077693785,0,0
0.517678914666949,0.0353578293338981,-0.0111245750271114,0.574530801902204,0.548707023603813,"Fibroblast","DLC1",1.50240372376802,40397218711.875,3.42344976542759e-101,7.32788007641113e-101
0.477902042202,0.0441959155960008,-0.111252937337761,0.0106000653428686,0.0545042810924155,"Fibroblast","MSR1",0.0161992098632137,37293219358,0,0
0.398086418936401,0.203827162127198,-0.489847194941548,0.39027117290449,0.547005529854685,"Fibroblast","RBPMS",0.848408209092848,31064784901.1719,0,0
0.495837112370606,0.00832577525878864,-0.0318517945702809,0.0124078847061386,0.0206420844357448,"Fibroblast","XKR4",0.0213634236032221,38692787568.5,1.87616866230239e-91,3.89291735161048e-91
0.394120957509096,0.211758084981807,-0.697762264323613,0.0171633934729735,0.225834464426602,"Fibroblast","FABP5",0.0257781775900595,30755339011,0,0
0.636159262999965,0.27231852599993,0.682635068655861,0.669147275565397,0.457324101023544,"Fibroblast","ZFPM2",1.83794274817898,49642865789.75,0,0
0.491229542050309,0.0175409158993818,-0.0588882356580848,0.00670853450466475,0.0241403838245132,"Fibroblast","PKHD1L1",0.01063504314765,38333234531.5,0,0
0.596383277832009,0.192766555664018,0.424870860551076,0.650292227828802,0.560179751165364,"Fibroblast","NFIB",1.73823662043672,46538935676.3438,0,0
0.722594874658303,0.445189749316606,1.10680911719834,0.527701746106654,0.0981500668065751,"Fibroblast","BNC2",1.31180526410465,56387892890,0,0
0.499815716530747,0.000368566938506509,-0.00525881416656698,0.00464660398591498,0.00500740432186472,"Fibroblast","CCL21",0.00864253367925604,39003259055.5,0.0800529294995136,0.090400884479702
0.451652218731691,0.0966955625366187,-0.268455568769557,0.153301629941554,0.243933133413701,"Fibroblast","FRMD3",0.310611913933542,35244807051,0,0
0.829389245869946,0.658778491739892,2.04337116556924,0.819711765346499,0.310430827395461,"Fibroblast","GSN",2.74275394064,64721621478.9062,0,0
0.41506205574602,0.16987588850796,-0.430764942756627,0.171713798235743,0.322493076650175,"Fibroblast","STOM",0.297108032087951,32389483461.5,0,0
0.601764841180471,0.203529682360943,0.456399613482708,0.457690492612626,0.238440344464232,"Fibroblast","ENG",1.0538055325832,46958887475.5,0,0
0.418480385817664,0.163039228364672,-0.439807050558526,0.0215195847097688,0.181826846535501,"Fibroblast","EGFL7",0.033094921004839,32656233803.5,0,0
0.511822097452097,0.0236441949041946,-0.114664948724952,0.398344647330018,0.304816251030339,"Fibroblast","IFITM3",0.939309134481196,39940180344.5,1.55854935527423e-60,2.90375237967733e-60
0.475089423468904,0.0498211530621927,-0.0710394206906994,0.0572330925327622,0.107465921586555,"Fibroblast","PNPLA2",0.0893847212124489,37073735869.5,0,0
0.53422991162155,0.0684598232430995,0.233082980445517,0.23898065125059,0.189792449533236,"Fibroblast","PDE3B",0.568626856945208,41688780382.5,0,0
0.458071460865105,0.0838570782697897,-0.306063447990027,0.213373507096962,0.272687318752967,"Fibroblast","CD59",0.381589478008548,35745734404,0,0
0.303308316433285,0.393383367133429,-1.38146930595105,0.0264420808073474,0.411002522235029,"Fibroblast","MYBPC3",0.057761337521414,23668749197.5,0,0
0.474138493054707,0.0517230138905864,-0.125779548793286,0.00351399426434821,0.0551255734157487,"Fibroblast","MS4A6A",0.00494924000602309,36999529749,0,0
0.577352513285522,0.154705026571044,0.356034834611007,0.36647910843286,0.238134993407594,"Fibroblast","TMEM135",0.772590740396637,45053864649,0,0
0.463708614979868,0.0725827700402631,-0.241290318452316,0.0474897447997967,0.116972400147557,"Fibroblast","GUCY1A2",0.0884703385078201,36185631300,0,0
0.498598755832851,0.00280248833429775,0.0180831469756003,0.273125930228337,0.286429881336696,"Fibroblast","SIK2",0.54458646299168,38908293187.5,0.0422207801663706,0.0485246920053589
0.540219820275473,0.0804396405509451,0.0987751653291072,0.181500707881076,0.0961326317907516,"Fibroblast","TAGLN",0.353779871958071,42156204577.5,0,0
0.43564086045057,0.12871827909886,-0.26041140127821,0.012930627654554,0.140885094455849,"Fibroblast","MCAM",0.017807337037402,33995356235,0,0
0.5001962531259,0.000392506251800651,-0.00316546850609728,0.0942607180455222,0.0938310261384035,"Fibroblast","NTM",0.178810694661114,39032954335,0.654762756579569,0.67769638392568
0.513037750119819,0.0260755002396378,0.0384829059250568,0.0598322866373834,0.0334262330093317,"Fibroblast","ITGA8",0.109707688297749,40035044140,0,0
0.475040522471399,0.0499189550572011,-0.14731485503437,0.00951827785239772,0.0590474812067897,"Fibroblast","MRC1",0.013839028797911,37069919866.5,0,0
0.297281488343377,0.405437023313245,-1.28975322924227,0.037920644716303,0.430977423437194,"Fibroblast","NEBL",0.0714235848698454,23198443984,0,0
0.477035605544304,0.0459287889113923,-0.123482085886029,0.456006098667731,0.436406671126322,"Fibroblast","SVIL",1.05744287261914,37225606731.3906,6.2202139220705e-187,1.63167124807128e-186
0.387443142315441,0.225113715369117,-0.525547027092724,0.319693614549679,0.533287677761088,"Fibroblast","NRP1",0.701399957712962,30234233837.0156,0,0
0.64812257478146,0.296245149562919,0.948971255748926,0.82589029658402,0.565079488351651,"Fibroblast","PRKG1",2.82368345023683,50576426166.3906,0,0
0.856007999192741,0.712015998385482,2.08596109044247,0.734693433041711,0.0467363620157406,"Fibroblast","BICC1",2.16893336757492,66798823330,0,0
0.44018787785121,0.119624244297581,-0.265513139940307,0.256311032054307,0.376397245839371,"Fibroblast","ANK3",0.638525385589003,34350184008,0,0
0.294230479606958,0.411539040786084,-1.53880068666567,0.0372018731622318,0.43428333400993,"Fibroblast","CTNNA3",0.0682454245954443,22960357665,0,0
0.39784441489743,0.204311170205139,-0.511164209285557,0.210382255781029,0.400045184896242,"Fibroblast","LRMDA",0.448679771535464,31045900048.3906,0,0
0.289701897207926,0.420596205584147,-1.37402849625973,0.0233419247104948,0.435342355015612,"Fibroblast","LDB3",0.0426795808508455,22606968472.5,0,0
0.470701620683831,0.0585967586323372,-0.232483997052799,0.0987185537445094,0.149445514251775,"Fibroblast","ACTA2",0.181044394661556,36731332453.5,0,0
0.303563030672561,0.392873938654877,-1.23699652642103,0.164003339746615,0.497667506234986,"Fibroblast","SORBS1",0.323780813031781,23688625894.3125,0,0
0.552734707065427,0.105469414130854,0.242156749338272,0.158500018150797,0.0556921496537884,"Fibroblast","SORCS1",0.339819887182812,43132807264,0,0
0.306394701451093,0.387210597097813,-1.23924653587534,0.0152466693287835,0.39742587294219,"Fibroblast","RBM20",0.0278312116628669,23909596114.5,0,0
0.488563253529616,0.0228734929407682,-0.0457497429023977,0.0261298871020438,0.0490220823530035,"Fibroblast","GPAM",0.0388740908265744,38125169962,5.97773884827976e-298,1.91871581184726e-297
0.320873930140435,0.35825213971913,-1.13138643170812,0.291349330235597,0.53667654497927,"Fibroblast","ABLIM1",0.591270556141994,25039486769.8281,0,0
0.425614200468473,0.148771599063053,-0.248108985201024,0.103975024503576,0.257063228849144,"Fibroblast","PTPRE",0.201546367979175,33212923022.5,0,0
0.295502593275878,0.408994813448245,-1.51265397658968,0.240164083203253,0.542224050014032,"Fibroblast","CACNA1C",0.541982623487265,23059627410.5,0,0
0.401109342931014,0.197781314137972,-0.631860264455893,0.0177877808835808,0.212741434726358,"Fibroblast","VWF",0.0300331457431524,31300679619.5,0,0
0.46959967687415,0.0608006462517009,-0.194595024456655,0.0106944494863324,0.0709120465404431,"Fibroblast","CD163",0.016276149106199,36645341960.5,0,0
0.484066229267122,0.0318675414657564,-0.0911633474716583,0.00177151776963009,0.0335956763702408,"Fibroblast","CD69",0.00231544302869221,37774243417.5,0,0
0.811737417855173,0.623474835710345,1.99135380958877,0.717188804588521,0.138807648249703,"Fibroblast","MGP",2.32396063897659,63344156149,0,0
0.606660851340951,0.213321702681901,0.474804322739669,0.463070388790068,0.230312358245626,"Fibroblast","EPS8",1.07535127428977,47340948996,0,0
0.785197998638009,0.570395997276018,1.48030064798414,0.597400805895379,0.031419388203565,"Fibroblast","MGST1",1.5503822540213,61273145157,0,0
0.441058179688773,0.117883640622455,-0.290958438432909,0.191955566849385,0.301063786600207,"Fibroblast","ABCC9",0.358744985524164,34418098255,0,0
0.596518620061143,0.193037240122285,0.47374630411688,0.449921951573674,0.250866190930897,"Fibroblast","SOX5",1.11854577519014,46549497145,0,0
0.448529525630189,0.102940948739621,-0.23685304099858,0.372839147638581,0.465000238279726,"Fibroblast","PPFIBP1",0.812753896170209,35001126822.5469,0,0
0.932745914627025,0.865491829254051,3.07751392318207,0.883297636766254,0.0538159174387224,"Fibroblast","DCN",3.19176298901247,72787087996.5,0,0
0.423624315325199,0.152751369349603,-0.334570753994607,0.166413765564308,0.312504743531588,"Fibroblast","BTG1",0.315152946053159,33057641779.5,0,0
0.485254267264679,0.0294914654706413,-0.0740746371321706,0.0922205684829564,0.119275770834915,"Fibroblast","ELK3",0.14740661155116,37866952294.5,1.65370197168784e-208,4.54014015983886e-208
0.371921893281194,0.256156213437613,-0.575354725324557,0.124717755109449,0.368322210671049,"Fibroblast","ACACB",0.23057130588679,29023028833,0,0
0.39967353820327,0.200652923593459,-0.557607582228886,0.0210984862235452,0.218760204108648,"Fibroblast","FLT1",0.0348104239472676,31188636196.5,0,0
0.483168278420959,0.033663443158081,-0.0721963180782362,0.392420227247976,0.436235462730403,"Fibroblast","STARD13",0.873055037265723,37704171572.3906,7.94036469355609e-103,1.70939619829984e-102
0.563552945544273,0.127105891088546,0.299918373795257,0.606781137691945,0.546703708868065,"Fibroblast","LHFPL6",1.6343379641333,43977011525.6094,0,0
0.405324274866966,0.189351450266068,-0.56353135540939,0.017577231640469,0.204327512836217,"Fibroblast","RNASE1",0.0281908769547147,31629593010.5,0,0
0.578015377030495,0.15603075406099,0.320818633029061,0.240098740334701,0.0829954762152707,"Fibroblast","RHOJ",0.498183541264374,45105591406.5,0,0
0.491686307724806,0.0166273845503881,-0.0444915935956757,0.0630776491087959,0.0797989978131216,"Fibroblast","NRXN3",0.12482358009003,38368878368.5,4.57139372618724e-96,9.63977326456055e-96
0.482210237903546,0.0355795241929084,-0.122725811936533,0.0426543725269539,0.0767860830519573,"Fibroblast","FMN1",0.0754032940631879,37629410613,0,0
0.4297186294297,0.1405627411406,-0.2474102232073,0.0303626529204632,0.171132499413126,"Fibroblast","FRMD5",0.0551102924618196,33533213283,0,0
0.448197871059751,0.103604257880498,-0.656808109068198,0.395818056412676,0.408792698403173,"Fibroblast","B2M",0.932991188155866,34975246065.5,0,0
0.819726617064976,0.639453234129953,1.7868898434808,0.66519766217737,0.0453331591832124,"Fibroblast","FBN1",1.86945051184278,63967595541,0,0
0.787047460113502,0.574094920227003,1.65041362268218,0.757890151377645,0.335729074186186,"Fibroblast","RORA",2.37322454409108,61417468399.8594,0,0
0.25505826575418,0.489883468491639,-1.33168943143496,0.176854103895161,0.602443514467109,"Fibroblast","TPM1",0.339843023833631,19903543014.8281,0,0
0.499283754816074,0.00143249036785165,-0.00681747598219648,0.0357643300540894,0.0371186862491418,"Fibroblast","NTRK3",0.0632833086139691,38961747274.5,0.0113969117128933,0.013455048202673
0.496401250506269,0.00719749898746225,-0.0175071300308713,0.00479181036047482,0.0119651723291931,"Fibroblast","PLIN1",0.00635676439274701,38736810245.5,1.87496706449445e-121,4.25266193688038e-121
0.491047077386617,0.0179058452267665,-0.0400217163117381,0.0272770174610665,0.045011922811489,"Fibroblast","MCTP2",0.0459718998106028,38318995850.5,6.4574958336122e-196,1.72919897554475e-195
0.425215333202728,0.149569333594543,-0.465953739753011,0.0229426071804552,0.169586328744831,"Fibroblast","SLC9A3R2",0.0368086718102201,33181797304,0,0
0.490483852459705,0.0190322950805901,-0.0639736727848278,0.0400551784223327,0.0584561944786175,"Fibroblast","MYH11",0.071176794489561,38275044436,3.52434223550354e-170,8.92461760628156e-170
0.499283970346795,0.00143205930641011,-0.00123242994197941,0.0174610665408211,0.0189300004765595,"Fibroblast","HP",0.0300177034252714,38961764093.5,0.000425100931416632,0.000525136957572402
0.633272852966731,0.266545705933462,0.639321615846581,0.512077540204015,0.278361906308412,"Fibroblast","ZFHX3",1.22413243618563,49417623976.5312,0,0
0.498620131574877,0.00275973685024544,-0.00561629778543793,0.000798635060079137,0.00355831057909034,"Fibroblast","KRT19",0.0015119739403769,38909961249.5,6.15151324683846e-63,1.15661846165601e-62
0.423203928536306,0.153592142927388,-0.392931388708121,0.045369731731223,0.19546880212369,"Fibroblast","PECAM1",0.0856988782815615,33024836779,0,0
0.551137230993549,0.102274461987098,0.237805250841313,0.2777071913457,0.188901106853454,"Fibroblast","PRKCA",0.56307293391146,43008147772.5,0,0
0.823915887300002,0.647831774600003,1.99907132842432,0.706842850401132,0.133374870490556,"Fibroblast","ABCA8",2.21128510574259,64294506414,0,0
0.773865096532239,0.547730193064478,1.55021770101611,0.580339056884597,0.0538688684890065,"Fibroblast","ABCA9",1.64073845646002,60388778975.5,0,0
0.822636979313121,0.645273958626242,1.93967655831763,0.673096888953425,0.0513113327602853,"Fibroblast","ABCA6",2.03009433572006,64194706472,0,0
0.510730012945881,0.0214600258917623,0.0191828516376384,0.0450284967510074,0.02328610687993,"Fibroblast","FASN",0.0652426185413999,39854959225,0,0
0.307971025103014,0.384057949793972,-1.26914300011692,0.0420299851163466,0.410961926429811,"Fibroblast","MYOM1",0.0687586361764424,24032604971,0,0
0.379233603478409,0.241532793043183,-0.612911040904181,0.387446908919302,0.554755798581265,"Fibroblast","PTPRM",0.847879785720969,29593600180.6562,0,0
0.533751141124175,0.06750228224835,0.173918122016309,0.219856971721059,0.160651721526896,"Fibroblast","BCL2",0.472971886479662,41651419393,0,0
0.827819764079787,0.655639528159575,2.03771117970529,0.678062946963372,0.0239550551485189,"Fibroblast","CDH19",2.10614871004961,64599146529,0,0
0.450004617277395,0.0999907654452109,-0.196351009388187,0.283101608160598,0.386104938391453,"Fibroblast","DSTN",0.545491732979363,35116236011.2812,0,0
0.523299912911115,0.0465998258222291,0.0834142464132026,0.0974625186045667,0.0506017886864786,"Fibroblast","SLC24A3",0.186045832865992,40835854880,0,0
0.451709120142666,0.0965817597146684,-0.182100538816341,0.164932660543798,0.262123584221293,"Fibroblast","RALGAPA2",0.29529773858561,35249247368.5,0,0
0.458305412202956,0.0833891755940878,-0.312764321660874,0.12066649725923,0.191898136299533,"Fibroblast","ID1",0.246046193490639,35763990862,0,0
0.367884486787812,0.264231026424377,-0.576485576356892,0.136377826986605,0.388014706271699,"Fibroblast","MYL9",0.2353866490629,28707968689.5,0,0
0.502132866402457,0.00426573280491471,0.0025240139356392,0.0124441862997786,0.00814916663872028,"Fibroblast","SLPI",0.019257242028982,39184078493,3.79143962423327e-51,6.81236835972214e-51
0.740538860640448,0.481077721280896,1.28378253123083,0.533030820053,0.0624575288450846,"Fibroblast","TSHZ2",1.42090211707402,57788156848.5,0,0
0.828192462354822,0.656384924709644,2.10756159307579,0.682477220749991,0.0478412739316684,"Fibroblast","CFD",2.19798845804325,64628230143,0,0
0.465012948729518,0.0699741025409633,-0.0927845480274266,0.00763059498311976,0.0776385949615311,"Fibroblast","PLIN4",0.0109732264595058,36287415348.5,0,0
0.737916412688138,0.475832825376276,1.20926432708043,0.486876973899154,0.0147045066638897,"Fibroblast","C3",1.23483024240308,57583513390,0,0
0.455761683242266,0.0884766335154684,-0.142136363444435,0.0150506407231277,0.10358990470576,"Fibroblast","ZNF536",0.0252202227260356,35565490262,0,0
0.507077520176855,0.0141550403537105,0.0258216976406268,0.01670599339311,0.00254871055367383,"Fibroblast","HAS1",0.0307160134140943,39569935931.5,0,0
0.607991763592003,0.215983527184006,0.590645519861169,0.644650960177152,0.498262323033177,"Fibroblast","TIMP3",1.83004083679253,47444807105.2812,0,0
0.680985041699793,0.361970083399587,0.897641294743278,0.416756815624206,0.0525239118117908,"Fibroblast","NCAM2",1.03487217046278,53140857952,0,0
0.577387085847099,0.154774171694198,0.352569720581096,0.49065233963771,0.373767343675262,"Fibroblast","APP",1.08838469859389,45056562528.5,0,0
0.777605092710725,0.55521018542145,1.425313767698,0.675993756125894,0.153561575893858,"Fibroblast","COL6A2",1.75534921413289,60680630622,0,0
0.451942006357386,0.0961159872852277,-0.340021653699442,0.0944700460829493,0.182634560181168,"Lymphatic Endothelial","KAZN",0.176348490200889,413661699.5,5.06173776630295e-19,3.86756293015738e-18
0.473042691088557,0.053914617822886,-0.224507598104499,0.0591397849462366,0.109035070000597,"Lymphatic Endothelial","PLA2G2A",0.0980166368264941,432975118,4.83476333284813e-10,2.27490921234628e-09
0.37863580147282,0.24272839705436,-0.683622508247778,0.0391705069124424,0.276329527705784,"Lymphatic Endothelial","PLA2G5",0.067409689146349,346564663,1.61295059668194e-82,4.34362169858752e-81
0.551014354891031,0.102028709782063,0.252489578795417,0.69431643625192,0.580647914491447,"Lymphatic Endothelial","NFIA",1.69205811258042,504342440.59375,3.61528199876743e-11,1.85201706114869e-10
0.428786050431906,0.142427899136188,-0.48984567113406,0.0476190476190476,0.184059892403065,"Lymphatic Endothelial","NEGR1",0.0838392188041333,392467095,1.3820955893202e-39,1.91363738357762e-38
0.840165423773351,0.680330847546701,2.14645212138389,0.776497695852534,0.118423485833449,"Lymphatic Endothelial","ST6GALNAC3",2.46671055001801,769001890,0,0
0.336379217763731,0.327241564472539,-1.02997840477451,0.0622119815668203,0.37016674395514,"Lymphatic Endothelial","NEXN",0.0951473005024632,307887288.5,3.64993829743177e-123,1.48116850908683e-121
0.783923595509183,0.567847191018366,1.44332936024571,0.637480798771121,0.0821372586394763,"Lymphatic Endothelial","VAV3",1.62546145150826,717523846.5,0,0
0.324982147238775,0.35003570552245,-1.01755638095204,0.0629800307219662,0.393822706879433,"Lymphatic Endothelial","PDE4DIP",0.0981896193978127,297455570.5,8.58825711092617e-136,3.84876295770055e-134
0.499555276624234,0.000889446751532352,-0.00530128041711092,0.00307219662058372,0.00395735952227188,"Lymphatic Endothelial","ITLN1",0.00566984680759446,457242039.5,0.609475863861427,0.737839490949096
0.447444785611222,0.105110428777556,-0.341579390903296,0.0468509984639017,0.147668401152784,"Lymphatic Endothelial","RGS5",0.0803736645436533,409545401.5,1.91729657958457e-26,1.88434304462296e-25
0.497216582493661,0.00556683501267896,-0.0344428315328499,0.0238095238095238,0.0289589953826064,"Lymphatic Endothelial","CD247",0.0292240825694402,455101437,0.231399194526458,0.345051444754887
0.498468525319532,0.00306294936093543,-0.0070295716614256,0.00230414746543779,0.00536704438444709,"Lymphatic Endothelial","PRG4",0.00495751502619567,456247338,0.130517813981434,0.21244729573392
0.477270649857334,0.0454587002853326,-0.138663156603103,0.0691244239631336,0.111747753181393,"Lymphatic Endothelial","KCNT2",0.127454604647852,436844961,2.09140657534014e-07,8.07228853931415e-07
0.493258195983668,0.0134836080326645,-0.0760549783588812,0.0698924731182796,0.0808399502698458,"Lymphatic Endothelial","PTPRC",0.131699737137068,451478333,0.0748636917002185,0.131272335546022
0.348146185229856,0.303707629540287,-1.02818772483906,0.0721966205837174,0.353685806706743,"Lymphatic Endothelial","TNNT2",0.112696838672137,318657572.5,3.08809499759933e-109,1.1009621274842e-107
0.474395708625613,0.051208582748773,-0.1026852363118,0.00998463901689708,0.0610005206303325,"Lymphatic Endothelial","LMOD1",0.0147456922723352,434213532.5,1.22011085483941e-14,7.66354934929803e-14
0.45802909313746,0.0839418137250808,-0.14973836726007,0.0253456221198157,0.10874346011488,"Lymphatic Endothelial","G0S2",0.0371790588313659,419233199,2.87177151573476e-22,2.47808132950126e-21
0.380007469762411,0.239985060475177,-1.49551800298336,0.188172043010753,0.366431292443463,"Lymphatic Endothelial","RYR2",0.39318376033742,347820148.5,1.73031391965778e-67,3.8332438683035e-66
0.518874723568501,0.0377494471370023,0.0918665242599299,0.401689708141321,0.3722421528491,"Lymphatic Endothelial","SMYD3",0.890043024831541,474925094.28125,0.00659009426849089,0.0145408093531272
0.478789128226702,0.042421743546596,-0.0733912588986486,0.115207373271889,0.156288673872039,"Lymphatic Endothelial","LPIN1",0.167320805908951,438234821.5,2.76357348798984e-05,8.54195441742315e-05
0.313820681353736,0.372358637292528,-1.49344849884287,0.0860215053763441,0.427842911888295,"Lymphatic Endothelial","SLC8A1",0.151459011502029,287239501,8.76424588287936e-147,4.24054666179317e-145
0.488637294778519,0.0227254104429626,-0.054507154458504,0.0192012288786482,0.041875179589015,"Lymphatic Endothelial","NRXN1",0.0350942166825954,447248830.5,4.30005236725169e-05,0.000130191717882133
0.629578018271052,0.259156036542104,0.583090764170388,0.751152073732719,0.564134260036359,"Lymphatic Endothelial","SPTBN1",1.90212407422324,576251619.328125,4.93029770680061e-64,1.0191596621147e-62
0.563537434862703,0.127074869725406,0.247381234567925,0.395545314900154,0.272559936500169,"Lymphatic Endothelial","EHBP1",0.772987459022554,515804793,4.77267667418906e-24,4.36429810933633e-23
0.612265015212725,0.224530030425451,0.620683098597269,0.551459293394777,0.290525950434854,"Lymphatic Endothelial","TMSB10",1.61123577356065,560405059,2.20695455509931e-68,4.93259944472196e-67
0.478649463905636,0.0427010721887281,-0.0963442764031816,0.0207373271889401,0.0628483315647075,"Lymphatic Endothelial","IL18R1",0.0281448627269684,438106987,2.26562417826375e-10,1.09501023676129e-09
0.491409265741931,0.0171814685161378,-0.0680937834802378,0.021505376344086,0.0380814061001943,"Lymphatic Endothelial","CXCR4",0.0289973051551081,449786010.5,0.00120937800286798,0.0030165083396843
0.468566741006156,0.0628665179876877,-0.192260031012051,0.076036866359447,0.134318358335918,"Lymphatic Endothelial","ARHGAP15",0.132319005640873,428878289,3.45936680712517e-11,1.77524382887787e-10
0.339562859879031,0.320874280241938,-0.737810948363022,0.0952380952380952,0.409216863870815,"Lymphatic Endothelial","ZEB2",0.188608401046382,310801270.359375,4.52122652641994e-112,1.65546448198146e-110
0.428794934968231,0.142410130063537,-0.415860796297704,0.022273425499232,0.162170658640045,"Lymphatic Endothelial","SCN7A",0.0357401797171316,392475227,1.0379676934723e-43,1.55315947471827e-42
0.392649509975868,0.214700980048264,-1.31422665042783,0.282642089093702,0.401575262377773,"Lymphatic Endothelial","TTN",0.584201424099124,359391385,1.08453423824139e-51,1.85625043769751e-50
0.909618617097055,0.819237234194109,2.48062048795303,0.927035330261137,0.243074620836024,"Lymphatic Endothelial","TFPI",3.07642615640598,832572272,0,0
0.516643898895165,0.0332877977903305,-0.0371473622691843,0.204301075268817,0.15478794982603,"Lymphatic Endothelial","MYO1B",0.32334324206444,472883224.5,0.00096231791451395,0.00243615683634033
0.445265972710524,0.109468054578952,-0.246850944178748,0.105990783410138,0.209256409016293,"Lymphatic Endothelial","ANKRD44",0.169812155899988,407551138,6.81281890590475e-22,5.81334140362376e-21
0.410655971982406,0.178688056035188,-0.388133926484817,0.400921658986175,0.518113952608415,"Lymphatic Endothelial","CFLAR",0.739797254215376,375872667.046875,2.41351780191443e-32,2.81689035966315e-31
0.793174201607837,0.586348403215674,1.38587679337405,0.626728110599078,0.0541398646361135,"Lymphatic Endothelial","NRP2",1.48448413752984,725990909.5,0,0
0.48991888914348,0.0201622217130403,-0.0707522776802597,0.0568356374807988,0.0752495753875567,"Lymphatic Endothelial","DOCK10",0.0863305595208759,448421871.5,0.00590300048953047,0.0131632874932401
0.437899199140554,0.124201601718892,-0.358071949163691,0.0599078341013825,0.178763972380988,"Lymphatic Endothelial","PID1",0.106316403844302,400808343.5,3.39842322979907e-31,3.8171575206136e-30
0.441177048959699,0.117645902080602,-0.355417265793586,0.0476190476190476,0.160265948215774,"Lymphatic Endothelial","COL6A3",0.0790516915240475,403808553.5,1.19469435316364e-30,1.31753017832924e-29
0.477220925624732,0.0455581487505359,-0.0759753096189633,0.0130568356374808,0.0586093195674501,"Lymphatic Endothelial","CHL1",0.0209957555218332,436799448.5,2.70083108288102e-12,1.48554144383824e-11
0.601800274731889,0.203600549463778,0.405170616661391,0.384024577572965,0.186951808977032,"Lymphatic Endothelial","PPARG",0.756473143101888,550826701,7.47241101673483e-78,1.88815068617983e-76
0.593988615543943,0.187977231087887,0.30845441485091,0.261136712749616,0.0690745582465853,"Lymphatic Endothelial","STAB1",0.44863365941475,543676703.5,2.524678548014e-156,1.31164125627205e-154
0.459390491549842,0.0812190169003153,-0.196533557525037,0.0268817204301075,0.106480282904264,"Lymphatic Endothelial","CADM2",0.0371064308150783,420479284.5,2.58748084952528e-21,2.16590839932696e-20
0.522264929907192,0.0445298598143844,-0.00294569978294684,0.162826420890937,0.108430512920452,"Lymphatic Endothelial","CCDC80",0.256048246129283,478028144,2.61096018387621e-07,9.99222745728549e-07
0.788353104988339,0.576706209976677,1.5465680550518,0.763440860215054,0.325615865853763,"Lymphatic Endothelial","KALRN",2.21921318230358,721578168.5,0,0
0.500220923631939,0.000441847263877637,-0.00296315224885931,0.00384024577572965,0.00339120959780596,"Lymphatic Endothelial","CPA3",0.0059535317283655,457851305,0.784118345100402,0.877431367552467
0.632829581762485,0.265659163524969,0.553045668588556,0.482334869431644,0.181166553341849,"Lymphatic Endothelial","TM4SF1",1.07334053940616,579227769.5,2.23939777996146e-134,9.90961650770886e-133
0.460786508188739,0.078426983622522,-0.196789308453169,0.00998463901689708,0.0881415773107594,"Lymphatic Endothelial","KCNAB1",0.0188813616091476,421757056,2.14601665602913e-23,1.922464157985e-22
0.457650489197735,0.0846990216045309,-0.200402619705862,0.0368663594470046,0.120019516525034,"Lymphatic Endothelial","RARRES1",0.0564381701537163,418886663.5,6.90343496663216e-21,5.67880881047761e-20
0.392327241229063,0.215345517541875,-0.447410710020486,0.0860215053763441,0.292177458129088,"Lymphatic Endothelial","TNIK",0.138417828828748,359096413,6.14868512284382e-63,1.25046931158805e-61
0.386669372683031,0.226661254633938,-0.494555862438895,0.606758832565284,0.668399730296418,"Lymphatic Endothelial","LPP",1.39102570762846,353917776.171875,3.96739624611815e-47,6.36373248512139e-46
0.339813041889251,0.320373916221497,-1.31117274795028,0.033026113671275,0.34372839597493,"Lymphatic Endothelial","FGF12",0.0587597716851038,311030261.5,1.85382290777151e-123,7.55776135455367e-122
0.812163046148191,0.624326092296383,1.89444436126696,0.785714285714286,0.200155335607416,"Lymphatic Endothelial","LDB2",2.42464342928561,743371364.5,0,0
0.514409416158486,0.0288188323169716,0.0209643641947038,0.324116743471582,0.291850286062185,"Lymphatic Endothelial","RBPJ",0.586840655983276,470838006.5,0.0250498534046686,0.0494372499062105
0.498250155500144,0.00349968899971209,-0.0512038215806545,0.065284178187404,0.0669066876815449,"Lymphatic Endothelial","RBM47",0.11791402227849,456047464.5,0.613880422020132,0.741642337262901
0.499060763463458,0.00187847307308342,-0.00783997288080604,0.00384024577572965,0.00570844132382353,"Lymphatic Endothelial","KIT",0.00574556714995569,456789412.5,0.368585338751638,0.50286815292384
0.642763298439961,0.285526596879923,0.822377803045164,0.779569892473118,0.513422589666484,"Lymphatic Endothelial","IGFBP7",2.28122568954385,588320082.375,4.44020281086724e-80,1.16717689410439e-78
0.640952948658083,0.281905897316165,0.577305682668544,0.483870967741935,0.22988247410362,"Lymphatic Endothelial","BMP2K",0.977897380399029,586663072.5,7.35784957181704e-126,3.08539158711528e-124
0.339366781855794,0.321266436288411,-1.13112901943867,0.155913978494624,0.427480177640207,"Lymphatic Endothelial","SPARCL1",0.297171117001241,310621800.5,8.35546681675246e-110,2.98491849039846e-108
0.922067463439576,0.844134926879152,2.87413140830846,0.845622119815668,0.00516931865705824,"Lymphatic Endothelial","MMRN1",2.88309821437243,843966678.5,0,0
0.493838054009127,0.0123238919817462,-0.0210442081814254,0.00537634408602151,0.0176971638449261,"Lymphatic Endothelial","HPGDS",0.00858181182965356,452009076,0.000747492240768891,0.00192580944184051
0.359360649143992,0.281278701712015,-0.966611398590357,0.304915514592934,0.483483500570417,"Lymphatic Endothelial","PDLIM5",0.550201560254166,328922151,8.18477406408984e-80,2.14509286929688e-78
0.781684436154483,0.563368872308966,1.28757096651528,0.623655913978495,0.0952383661880471,"Lymphatic Endothelial","SMAD1",1.42598509709807,715474348,0,0
0.336579508775341,0.326840982449317,-1.15383595879162,0.124423963133641,0.408593814456453,"Lymphatic Endothelial","PALLD",0.189602204682285,308070614.5,2.73116470211263e-116,1.04341155604355e-114
0.504736800593338,0.00947360118667695,0.0215603033877069,0.10752688172043,0.0989211856715705,"Lymphatic Endothelial","TENM3",0.193346199625556,461984679,0.253552066223698,0.371805165624471
0.421697069938917,0.156605860122166,-0.310995573573419,0.0675883256528418,0.21951254207006,"Lymphatic Endothelial","ACSL1",0.0944326164011305,385978564,1.40460723460394e-41,2.02272629728901e-40
0.359164555125286,0.281670889749429,-1.12274554433374,0.134408602150538,0.375294810482024,"Lymphatic Endothelial","SORBS2",0.254733994131382,328742666.5,5.13129035284648e-91,1.550124969028e-89
0.461800463544674,0.0763990729106524,-0.232149204626499,0.0138248847926267,0.0893364665985769,"Lymphatic Endothelial","EGFLAM",0.0209110524690257,422685127.5,4.97371650465311e-22,4.25848785026498e-21
0.46469440678058,0.0706111864388396,-0.305737875039998,0.131336405529954,0.186705718683232,"Lymphatic Endothelial","C7",0.244972966485269,425333948.5,8.71697429926181e-11,4.34787174620784e-10
0.453698473289232,0.092603053421537,-0.185912401892632,0.158218125960061,0.24845873506744,"Lymphatic Endothelial","GHR",0.289276750315238,415269390.5,2.46490032284813e-14,1.53020177955591e-13
0.347972208047242,0.304055583905515,-0.910724205562019,0.0407066052227343,0.333554767181512,"Lymphatic Endothelial","CMYA5",0.0645286289197124,318498331.5,1.79786660713164e-113,6.66611088101102e-112
0.576847623061857,0.153695246123715,0.323055769969192,0.491551459293395,0.352495184880668,"Lymphatic Endothelial","FER",1.02748604741932,527987584.140625,2.56400979199881e-29,2.71868395284064e-28
0.414453463334071,0.171093073331857,-0.475796411151322,0.0238095238095238,0.192845173643018,"Lymphatic Endothelial","PDGFRB",0.0463501133997471,379348504,2.36085915239453e-54,4.26018969180045e-53
0.465540332196091,0.0689193356078184,-0.30732231149198,0.136712749615975,0.188606161645761,"Lymphatic Endothelial","CD74",0.23280475128982,426108222.5,2.85408714839823e-10,1.37039756972709e-09
0.33775928003913,0.324481439921741,-1.12955290957622,0.0721966205837174,0.373794086436015,"Lymphatic Endothelial","SGCD",0.119330637690838,309150457,1.90447511952878e-120,7.4869678136475e-119
0.543622648360361,0.0872452967207229,0.118473812020427,0.445468509984639,0.295959851719929,"Lymphatic Endothelial","EBF1",0.966509210565155,497576825,1.48386369241008e-11,7.80812887682291e-11
0.491021899630375,0.0179562007392502,-0.0770377847202934,0.0491551459293395,0.0650844815176232,"Lymphatic Endothelial","DOCK2",0.0667713124240146,449431455,0.00872231983285059,0.0188349064365086
0.469955391193236,0.0600892176135281,-0.13349726704172,0.021505376344086,0.0812410916736132,"Lymphatic Endothelial","GFPT2",0.0402715588543989,430149318,2.29376327976845e-15,1.48904382172068e-14
0.504986940933396,0.00997388186679116,-0.0114100319433117,0.0660522273425499,0.0550146942932657,"Lymphatic Endothelial","F13A1",0.154965597783521,462213632,0.115066161795742,0.190841439075864
0.342612395185906,0.314775209628187,-1.11012634339796,0.0284178187403994,0.334431019325912,"Lymphatic Endothelial","MLIP",0.0451505792574185,313592504.5,2.79764532080302e-121,1.10723886269624e-119
0.534191947332359,0.0683838946647188,0.210556755401609,0.691244239631336,0.569478544624847,"Lymphatic Endothelial","DST",1.65977927902611,488944921.4375,8.55170230110619e-06,2.80574852695757e-05
0.425324751107232,0.149350497785537,-0.437748941859985,0.0368663594470046,0.182530718612108,"Lymphatic Endothelial","ADGRB3",0.0703577445368411,389298974,1.22501887761918e-43,1.82839258242619e-42
0.473517051800391,0.052965896399218,-0.0836551738923032,0.0192012288786482,0.0724615003826491,"Lymphatic Endothelial","SLC35F1",0.037652621523388,433409299.5,1.80067751276923e-13,1.06564288826921e-12
0.258392219170437,0.483215561659126,-1.85104492174105,0.117511520737327,0.547071525503774,"Lymphatic Endothelial","LAMA2",0.24222650059825,236505930,2.25524133547663e-220,1.66887858825271e-218
0.536314632691046,0.0726292653820921,0.10095463688624,0.170506912442396,0.0946878636233026,"Lymphatic Endothelial","ARHGAP18",0.284898079791993,490887811.5,4.57856178654608e-19,3.50293788812552e-18
0.837936635355821,0.675873270711643,1.89538417439372,0.772657450076805,0.14261145898827,"Lymphatic Endothelial","AKAP12",2.20559217560609,766961884,0,0
0.471113168531696,0.0577736629366079,-0.104654170651648,0.043010752688172,0.100248366273396,"Lymphatic Endothelial","SYTL3",0.0625540577599951,431209029.5,4.35380033647347e-12,2.36956525111158e-11
0.455177197793573,0.089645604412854,-0.16412940720186,0.623655913978495,0.584386210977619,"Lymphatic Endothelial","QKI",1.36763343338661,416622864.359375,6.25468693866439e-09,2.71859689940171e-08
0.498618899265209,0.00276220146958273,-0.0396121113168548,0.0407066052227343,0.0424569768732023,"Lymphatic Endothelial","IKZF1",0.0532436358027262,456384975,0.621500903814646,0.748128898775445
0.489638551540539,0.0207228969189219,-0.0330865699435773,0.00384024577572965,0.0245435949666711,"Lymphatic Endothelial","MLXIPL",0.00452750434945031,448165279,1.35624647086439e-06,4.84310884932353e-06
0.584236944526214,0.168473889052428,0.471627791840532,0.734254992319508,0.546445631114917,"Lymphatic Endothelial","CD36",2.08759850604628,534751016.6875,2.28629341641353e-28,2.36303988555605e-27
0.875186796502213,0.750373593004425,2.18979817775668,0.779569892473118,0.0690589108868639,"Lymphatic Endothelial","SEMA3A",2.29943987437943,801056889,0,0
0.796931750289885,0.593863500579769,1.50105299476074,0.605990783410138,0.0175250428879905,"Lymphatic Endothelial","RELN",1.53056809681554,729430187,0,0
0.594146084445215,0.188292168890429,0.469346615338595,0.487711213517665,0.322957237188369,"Lymphatic Endothelial","NAMPT",1.16889135402309,543820834.5,1.78887790357314e-45,2.77095141932543e-44
0.455615101687495,0.0887697966250098,-0.149906923495162,0.0837173579109063,0.173091093238349,"Lymphatic Endothelial","PLXNA4",0.146162939656506,417023677,4.0536465692098e-17,2.87179498700414e-16
0.439164860548976,0.121670278902049,-0.27321992679405,0.642089093701997,0.630122020956082,"Lymphatic Endothelial","CALD1",1.43836743459379,401966801.09375,6.34417895209511e-15,4.03954011946128e-14
0.500210759731123,0.000421519462245445,-0.00110131936585276,0.0268817204301075,0.026458262801674,"Lymphatic Endothelial","KIAA1549",0.0393381890356839,457842002,0.924578459785469,0.962221582091927
0.569456733699991,0.138913467399981,0.313074562976296,0.546850998463902,0.350369988933049,"Lymphatic Endothelial","TMSB4X",1.56827549082837,521222716.5,2.49403861446046e-24,2.2973330584664e-23
0.482700917353941,0.0345981652921179,-0.0666898515845093,0.0192012288786482,0.0537600605410572,"Lymphatic Endothelial","GPM6B",0.0335004229268693,441815275,3.19675432079058e-08,1.31238314913202e-07
0.413479028278569,0.173041943442862,-0.440192996531927,0.332565284178187,0.458497512069804,"Lymphatic Endothelial","SAT1",0.615599611550835,378456605.359375,4.84103583456718e-32,5.60923178410507e-31
0.296802651924402,0.406394696151196,-1.51745751520318,0.0775729646697389,0.456123380853891,"Lymphatic Endothelial","DMD",0.139238217810374,271662929.5,5.0673194387312e-169,2.86043685752993e-167
0.631251327791332,0.262502655582664,0.611923217776206,0.468509984639017,0.196031545077198,"Lymphatic Endothelial","TIMP1",1.10988854383013,577783196.5,2.10770660926509e-123,8.5729627719115e-122
0.504631722815123,0.00926344563024517,-0.00628427792356168,0.248079877112135,0.233239544007488,"Lymphatic Endothelial","FLNA",0.399891965159059,461888501.5,0.435120685020434,0.572019519637224
0.584747242501916,0.169494485003831,0.26319717726359,0.347926267281106,0.154965760731955,"Lymphatic Endothelial","F8",0.645281935382259,535218091.5,2.91097197221556e-63,5.94756825692116e-62
0.509495300672441,0.0189906013448811,-0.0193531105796723,0.198924731182796,0.173780999553339,"Lymphatic Endothelial","CTSB",0.325184260458003,466340125.5,0.0725538018765384,0.127832889020568
0.335226052378572,0.329547895242856,-0.953181030252527,0.279569892473118,0.554265043513885,"Lymphatic Endothelial","DLC1",0.559933803692637,306831798.3125,4.54184696554248e-103,1.55927892314102e-101
0.519386067548951,0.0387721350979011,0.0477683223318939,0.0860215053763441,0.0458439190092661,"Lymphatic Endothelial","MSR1",0.153375083956502,475393126.5,2.4654102413658e-11,1.27670700296779e-10
0.478782556051559,0.0424348878968829,-0.105172527222684,0.536866359447005,0.516315928727699,"Lymphatic Endothelial","RBPMS",1.13748078796721,438228806,0.00489950285036674,0.0110841418369504
0.49735593434825,0.00528813130350037,-0.0220570188995628,0.0138248847926267,0.0190414142937209,"Lymphatic Endothelial","XKR4",0.0249699081484327,455228985.5,0.162979497631217,0.257088662094133
0.576070896253102,0.152141792506203,0.280047540523692,0.364823348694316,0.184692899228158,"Lymphatic Endothelial","FABP5",0.86661303529245,527276647.5,1.07565669998723e-44,1.65021479095602e-43
0.6505467074081,0.3010934148162,0.752856107842705,0.713517665130568,0.498351337280261,"Lymphatic Endothelial","ZFPM2",2.04027091636968,595444222.5,6.13058000547391e-90,1.83003008570181e-88
0.909188562165055,0.81837712433011,2.59193722730876,0.834101382488479,0.0192249151486357,"Lymphatic Endothelial","PKHD1L1",2.64515248589527,832178643.5,0,0
0.57511798420399,0.150235968407981,0.343760522383486,0.711981566820276,0.577554004728348,"Lymphatic Endothelial","NFIB",1.73958026720992,526404448.828125,1.75595653176385e-22,1.53022792862073e-21
0.434984560463262,0.130030879073476,-0.32713323641048,0.0576036866359447,0.182385624912873,"Lymphatic Endothelial","BNC2",0.0949197746994059,398140580,1.6443301843566e-33,1.97678793221081e-32
0.884447352363818,0.768894704727636,3.17378936885717,0.770353302611367,0.00351923345007212,"Lymphatic Endothelial","CCL21",3.18079504140811,809533059,0,0
0.4235801251253,0.152839749749401,-0.394986473863473,0.0798771121351766,0.226479884607834,"Lymphatic Endothelial","FRMD3",0.132310935780138,387702121,8.61235930524113e-39,1.16677593910698e-37
0.415210382595147,0.169579234809705,-0.562938008241866,0.310291858678955,0.410212604943997,"Lymphatic Endothelial","GSN",0.537095448894973,380041310.828125,1.5373728337248e-32,1.80508068983741e-31
0.572584538428038,0.145169076856077,0.247563242024612,0.462365591397849,0.292692398512647,"Lymphatic Endothelial","STOM",0.890736407795023,524085590.5,1.79682847254021e-29,1.9132855537109e-28
0.512539889350245,0.0250797787004906,-0.0601759537922293,0.35099846390169,0.281188744142909,"Lymphatic Endothelial","ENG",0.626596580843314,469126832,0.0482861499246707,0.0891888487124595
0.67487777327491,0.34975554654982,0.708795392945269,0.530721966205837,0.149772259791691,"Lymphatic Endothelial","EGFL7",1.09437658502062,617714403,4.82043215852752e-270,4.26620357668275e-268
0.568802604796591,0.137605209593182,0.298662287594553,0.516129032258065,0.322749554050248,"Lymphatic Endothelial","IFITM3",1.32965990208431,520623993.5,4.42190092552089e-25,4.18926945133265e-24
0.559348225214666,0.118696450429333,0.182037546527334,0.21505376344086,0.0974247290873037,"Lymphatic Endothelial","PNPLA2",0.328232404870143,511970417,5.95455844487793e-47,9.50785886955486e-46
0.425001845409531,0.149996309180938,-0.299839820500719,0.0514592933947773,0.199685914815774,"Lymphatic Endothelial","PDE3B",0.0818410151155292,389003419,4.45530048891823e-41,6.33818676985686e-40
0.627073677764126,0.254147355528251,0.595081512115553,0.519201228878648,0.260609621134747,"Lymphatic Endothelial","CD59",1.22177932103597,573959401,8.39655477552768e-94,2.60352328708792e-92
0.339733280997165,0.32053343800567,-1.13273895404059,0.022273425499232,0.336376981880357,"Lymphatic Endothelial","MYBPC3",0.0384199571815077,310957256.5,3.09521962560166e-125,1.28265901284933e-123
0.498162762122719,0.00367447575456137,-0.0333356935267145,0.0422427035330261,0.0450373687399892,"Lymphatic Endothelial","MS4A6A",0.0728567595840896,455967473.5,0.523121341984459,0.659358267732791
0.481086292175638,0.037827415648724,-0.081296894851674,0.229646697388633,0.263296699545089,"Lymphatic Endothelial","TMEM135",0.405036926046698,440337411.5,0.00229531637792481,0.00547320769672512
0.457675066980467,0.0846498660390662,-0.245914675723169,0.0199692780337942,0.103538579276637,"Lymphatic Endothelial","GUCY1A2",0.0371128731343535,418909159.5,1.47568007883665e-23,1.32939527102154e-22
0.493787535499852,0.0124249290002965,-0.0262595412629503,0.271889400921659,0.283850217782798,"Lymphatic Endothelial","SIK2",0.503828733593459,451962836.5,0.329378381576542,0.460463198181818
0.462475290620809,0.0750494187583817,-0.213284332978054,0.0399385560675883,0.112962557290674,"Lymphatic Endothelial","TAGLN",0.0614315371363511,423302795.5,1.45014018936329e-17,1.04671594324042e-16
0.452137934856263,0.0957241302874731,-0.199865054719375,0.021505376344086,0.116036552232309,"Lymphatic Endothelial","MCAM",0.027796048661764,413841032.5,5.63157524184737e-27,5.60041237489644e-26
0.475456426884131,0.0490871462317372,-0.100740966675924,0.0453149001536098,0.0940050697445497,"Lymphatic Endothelial","NTM",0.0808023797976317,435184406,1.39188501429977e-09,6.32942909162084e-09
0.518408959747662,0.036817919495324,0.048055005561755,0.076036866359447,0.0385209546596415,"Lymphatic Endothelial","ITGA8",0.126716824961985,474498781.5,5.61799014317287e-12,3.04255972944528e-11
0.733302502724937,0.466605005449874,0.985876513385757,0.52457757296467,0.0484812103659491,"Lymphatic Endothelial","MRC1",1.11639835787863,671190452,0,0
0.339669599564421,0.320660800871158,-1.03143709168044,0.0483870967741935,0.354675857830935,"Lymphatic Endothelial","NEBL",0.0794170882887596,310898969,2.36261218843703e-121,9.39285008188556e-120
0.486504891019324,0.0269902179613514,-0.0822814689344271,0.478494623655914,0.440168763887032,"Lymphatic Endothelial","SVIL",1.07464693893442,445297045.203125,0.0634728762975454,0.113629223150271
0.298528152171978,0.402943695656043,-0.931438541978667,0.105990783410138,0.492230374654691,"Lymphatic Endothelial","NRP1",0.194452229537493,273242276.75,1.60065292829683e-160,8.44032915364183e-159
0.405970789232705,0.18805842153459,-0.48824849392274,0.586021505376344,0.61614039380137,"Lymphatic Endothelial","PRKG1",1.57295099489832,371584327.765625,1.20128261469301e-33,1.45109666735071e-32
0.426294421987865,0.14741115602427,-0.427650429007084,0.0384024577572965,0.181540667487916,"Lymphatic Endothelial","BICC1",0.064051489711662,390186512,9.77044252842654e-43,1.43517125780357e-41
0.345487130473812,0.309025739052375,-0.761372533663402,0.054531490015361,0.353465321183396,"Lymphatic Endothelial","ANK3",0.092148673450286,316223744.5,4.48188299650342e-113,1.65135822875352e-111
0.33653539145868,0.326929217082641,-1.23424562642257,0.0445468509984639,0.357206462644062,"Lymphatic Endothelial","CTNNA3",0.0741480364755103,308030234,1.55529542350798e-125,6.49096279592953e-124
0.699872668009013,0.399745336018026,1.05535964304846,0.687403993855607,0.362353021505162,"Lymphatic Endothelial","LRMDA",1.91328726963604,640592184.859375,9.64008184599246e-185,5.9782085025218e-183
0.332047758844684,0.335904482310633,-1.107013264947,0.0284178187403994,0.355374299069409,"Lymphatic Endothelial","LDB3",0.0430306771104594,303922712,7.99234079210154e-133,3.51025202071053e-131
0.444619513985097,0.110760972029806,-0.318102027601244,0.0314900153609831,0.139725232363292,"Lymphatic Endothelial","ACTA2",0.0505489056380804,406959435.5,1.65191478712272e-30,1.81607510804028e-29
0.382718525041344,0.234562949917312,-0.759064282451295,0.269585253456221,0.432716353197894,"Lymphatic Endothelial","SORBS1",0.561204215731864,350301572.484375,4.87036391046984e-59,9.34388335416065e-58
0.473844393211013,0.0523112135779733,-0.103769352311958,0.0238095238095238,0.0758939621106297,"Lymphatic Endothelial","SORCS1",0.0414427813621999,433708914.5,1.09775298843745e-12,6.20064965758833e-12
0.354920000671956,0.290159998656088,-0.947384819333843,0.0460829493087558,0.32319763753318,"Lymphatic Endothelial","RBM20",0.0790922055195592,324857633.5,1.41932984319561e-105,4.94994796007151e-104
0.493023077524108,0.0139538449517831,-0.0328630467417031,0.0307219662058372,0.0445707929228414,"Lymphatic Endothelial","GPAM",0.0428745329807092,451263129.5,0.0147899358399019,0.0305871712085899
0.468671311760398,0.0626573764792049,-0.199573848640184,0.569124423963134,0.488550400145663,"Lymphatic Endothelial","ABLIM1",1.30219353452612,428974002.421875,2.63009225864815e-05,8.15370266842302e-05
0.826947472335649,0.653894944671299,1.64290678347111,0.772657450076805,0.226114305385252,"Lymphatic Endothelial","PTPRE",2.04100376388085,756903523,0,0
0.296503166463168,0.406993667073664,-1.52044279738353,0.127496159754224,0.48381067263732,"Lymphatic Endothelial","CACNA1C",0.241183791358144,271388811,5.82650938648233e-165,3.16717541094836e-163
0.527260123342449,0.0545202466848977,-0.0062174098511939,0.255760368663594,0.174465215919339,"Lymphatic Endothelial","VWF",0.532118322244886,482600235.5,2.66699822513272e-07,1.01867648538359e-06
0.499015852962663,0.00196829407467369,-0.0574612424823657,0.0591397849462366,0.0591356398489888,"Lymphatic Endothelial","CD163",0.115460359940193,456748306,0.763694668593537,0.862242649018301
0.497601792477273,0.00479641504545403,-0.0427492287628192,0.0230414746543779,0.0273800345379904,"Lymphatic Endothelial","CD69",0.0329803140232752,455454019,0.289331519121611,0.414419869451025
0.453055749958504,0.0938885000829915,-0.387623222946599,0.185867895545315,0.252040557956398,"Lymphatic Endothelial","MGP",0.335137465614043,414681107,1.48570597229764e-14,9.31514901534571e-14
0.392286421198509,0.215427157602982,-0.568292770551655,0.0691244239631336,0.276214306238745,"Lymphatic Endothelial","EPS8",0.126159429047284,359059050.5,2.09163254722783e-65,4.46519180870018e-64
0.468514373372713,0.0629712532545732,-0.218295820295268,0.08678955453149,0.142207472610008,"Lymphatic Endothelial","MGST1",0.141682975145376,428830357,9.4000671728484e-11,4.67534546874346e-10
0.372169338873421,0.255661322253158,-0.551251076123979,0.0268817204301075,0.280194425556975,"Lymphatic Endothelial","ABCC9",0.0425704010146493,340645921.5,1.75809334035374e-90,5.27487903071721e-89
0.384583595395471,0.230832809209057,-0.612585189395054,0.0683563748079877,0.290204468316942,"Lymphatic Endothelial","SOX5",0.125994500668698,352008668,2.26821777021178e-72,5.34062184077138e-71
0.888316372249417,0.776632744498834,2.06949046754779,0.937019969278034,0.446069240989255,"Lymphatic Endothelial","PPFIBP1",3.06895168446446,813074365.890625,0,0
0.434203085082476,0.131593829835048,-0.53196634330867,0.100614439324117,0.216246511350026,"Lymphatic Endothelial","DCN",0.185117326705873,397425297,3.53241459961636e-30,3.84980729755218e-29
0.505802085669594,0.0116041713391877,-0.0373321932740962,0.317204301075269,0.283872977578756,"Lymphatic Endothelial","BTG1",0.547030499064121,462959732.5,0.36239091951735,0.496185094809887
0.781582809164263,0.563165618328527,1.24154701553232,0.652073732718894,0.112988162061127,"Lymphatic Endothelial","ELK3",1.44624673434806,715381329,0,0
0.377147100830926,0.245705798338148,-0.550129476347115,0.08678955453149,0.321115116202983,"Lymphatic Endothelial","ACACB",0.144294836106246,345202058,1.52470529923342e-76,3.7609397381091e-75
0.434132944006221,0.131734111987557,-0.388445671052695,0.054531490015361,0.180337243276614,"Lymphatic Endothelial","FLT1",0.0956424225943731,397361097,1.19428398593771e-34,1.48333776871192e-33
0.483532972972519,0.0329340540549612,-0.0851711398602125,0.408602150537634,0.427702085650802,"Lymphatic Endothelial","STARD13",0.846118660901003,442576854,0.022527958804171,0.0448978624486884
0.494953434781628,0.0100931304367446,-0.0424473414695989,0.595238095238095,0.558384566582361,"Lymphatic Endothelial","LHFPL6",1.35070398048879,453029982,0.509747907140134,0.647040010129877
0.462219678839788,0.0755606423204238,-0.289329814470313,0.102150537634409,0.16792746453028,"Lymphatic Endothelial","RNASE1",0.192720797127988,423068834.5,4.21438515044846e-13,2.4415707654506e-12
0.787183302060683,0.574366604121366,1.38073762042173,0.671274961597542,0.112686594764678,"Lymphatic Endothelial","RHOJ",1.61829062292205,720507450,0,0
0.518287222371296,0.0365744447425913,0.0805939147202339,0.112135176651306,0.0764629570095904,"Lymphatic Endothelial","NRXN3",0.241059140485085,474387355.5,7.25236854949956e-07,2.65769277764849e-06
0.489640471679815,0.02071905664037,-0.0815245288494368,0.0506912442396313,0.0701471136311263,"Lymphatic Endothelial","FMN1",0.0927545272131604,448167036.5,0.00347027546894537,0.00805144138572861
0.439815355015212,0.120369289969577,-0.210218541511809,0.0230414746543779,0.143826263097551,"Lymphatic Endothelial","FRMD5",0.0443060426847351,402562197.5,6.69868173012889e-35,8.34941136808422e-34
0.624492842326046,0.248985684652093,0.680717513927459,0.720430107526882,0.405673448137537,"Lymphatic Endothelial","B2M",2.14081032537617,571597167,1.90290939236912e-68,4.2584549197465e-67
0.584392395301016,0.168784790602033,0.27537420016805,0.362519201228879,0.166193452575698,"Lymphatic Endothelial","FBN1",0.706877266872781,534893300.5,2.5722737044153e-59,4.94572974696094e-58
0.560862795892343,0.121725591784685,0.2708505893609,0.560675883256528,0.418024904906728,"Lymphatic Endothelial","RORA",1.31592242500583,513356700.796875,2.23306156045092e-17,1.59937699075484e-16
0.312405777888282,0.375188444223436,-1.0285806169104,0.227342549923195,0.519754080404669,"Lymphatic Endothelial","TPM1",0.384422708737302,285944442.421875,2.70052089902318e-136,1.21952754034862e-134
0.486130041371829,0.0277399172563423,-0.0537194637154024,0.00921658986175115,0.036905009146593,"Lymphatic Endothelial","NTRK3",0.0151473761861314,444953946,1.11668311921718e-07,4.41558668514884e-07
0.497779358654209,0.00444128269158117,-0.0110482285658817,0.00614439324116743,0.010570502735443,"Lymphatic Endothelial","PLIN1",0.00941232442003246,455616545,0.117316640182632,0.194025792740776
0.520429007994496,0.0408580159889926,0.0555006848683668,0.0829493087557604,0.0414669257490107,"Lymphatic Endothelial","MCTP2",0.133564889226484,476347728,1.59187426768385e-13,9.43976080890505e-13
0.55337175265991,0.10674350531982,0.0959708329522439,0.271889400921659,0.140665496433824,"Lymphatic Endothelial","SLC9A3R2",0.507432012690525,506500162.5,3.14009937732617e-28,3.23222853497771e-27
0.486157552624806,0.027684894750387,-0.0755723259658697,0.0276497695852535,0.0549080077497105,"Lymphatic Endothelial","MYH11",0.0472068959051508,444979127,1.18269647942862e-05,3.8156531224944e-05
0.504557446474482,0.00911489294896328,0.0229671726080682,0.0276497695852535,0.0186260480174795,"Lymphatic Endothelial","HP",0.0539338285783237,461820516.5,0.0151327256837106,0.0312374079631401
0.533625407405209,0.0672508148104189,0.0868330130379465,0.411674347158218,0.323906036182386,"Lymphatic Endothelial","ZFHX3",0.796511653406716,488426368.46875,4.3978996571839e-07,1.64519559818018e-06
0.498871604343218,0.00225679131356482,-0.00552915757368699,0.000768049155145929,0.00302278540072888,"Lymphatic Endothelial","KRT19",0.000510989539299768,456616275.5,0.138069677387129,0.223131139488174
0.667730758689102,0.335461517378203,0.693040101914443,0.526881720430108,0.165446646770812,"Lymphatic Endothelial","PECAM1",1.09354591123802,611172753.5,4.28034516558239e-229,3.30637890597531e-227
0.513660542175136,0.0273210843502729,0.0663289134486159,0.228878648233487,0.206226511179327,"Lymphatic Endothelial","PRKCA",0.437980142612051,470152563.5,0.0158350606426169,0.0325498468764903
0.39745695749154,0.205086085016919,-0.524759414932019,0.0445468509984639,0.245896835534869,"Lymphatic Endothelial","ABCA8",0.0793710084821616,363791633,1.810302358023e-64,3.78209313517213e-63
0.441364409758888,0.117271180482223,-0.328190436130924,0.043778801843318,0.157036902164172,"Lymphatic Endothelial","ABCA9",0.0661039301205167,403980044.5,5.86499229518363e-31,6.53761039890975e-30
0.456597374472241,0.0868052510555172,-0.304530749879365,0.0952380952380952,0.173054108569917,"Lymphatic Endothelial","ABCA6",0.165781063264037,417922749.5,1.94393435262786e-16,1.32905946500318e-15
0.501493050044146,0.00298610008829159,-0.00724984328439284,0.0307219662058372,0.0275322406734624,"Lymphatic Endothelial","FASN",0.0425748028267849,459015680,0.510711715576174,0.647936517413022
0.341861402220978,0.316277195558045,-1.03885110398347,0.032258064516129,0.339379852459623,"Lymphatic Endothelial","MYOM1",0.05277222463284,312905122,2.58759387407865e-121,1.02641223671786e-119
0.534625818985015,0.0692516379700294,0.168602946967225,0.615207373271889,0.521863628992566,"Lymphatic Endothelial","PTPRM",1.50921870053234,489342043.375,4.61793451771929e-06,1.56345756874418e-05
0.485167420652645,0.0296651586947094,-0.0676880930919745,0.143625192012289,0.172283120481825,"Lymphatic Endothelial","BCL2",0.265502940975525,444072861,0.00486948487998397,0.0110261465294777
0.439793459418495,0.12041308116301,-0.411762774614599,0.0360983102918587,0.152089491517709,"Lymphatic Endothelial","CDH19",0.0559390770793437,402542156.5,2.17654993368072e-33,2.60417102119462e-32
0.476455345610277,0.0470893087794466,-0.120234199278273,0.335637480798771,0.366017348654469,"Lymphatic Endothelial","DSTN",0.583431609881334,436098714.5,0.000658643008001513,0.00170915288889386
0.48410204817318,0.0317959036536408,-0.0717231527712873,0.0284178187403994,0.0598241236767312,"Lymphatic Endothelial","SLC24A3",0.0473538554567652,443097727.5,1.34960507034981e-06,4.82134776856002e-06
0.818287242146272,0.636574484292544,1.8270944586504,0.761136712749616,0.24215711656145,"Lymphatic Endothelial","RALGAPA2",2.26550274505562,748976830,0,0
0.537714904773744,0.075429809547487,0.0417037954230841,0.278801843317972,0.177781033693033,"Lymphatic Endothelial","ID1",0.539271747524968,492169478,1.61597338908666e-12,9.02649011373113e-12
0.366879150316858,0.266241699366284,-0.573056186059728,0.0852534562211982,0.339273165916068,"Lymphatic Endothelial","MYL9",0.127135550325246,335803821.5,1.56403057722842e-86,4.45723406571958e-85
0.513146705257107,0.0262934105142139,0.0337965568353897,0.0353302611367127,0.00894033234992048,"Lymphatic Endothelial","SLPI",0.050960913236185,469682249.5,9.90181787497702e-24,8.95689863451954e-23
0.808067306039505,0.616134612079009,1.73534615861524,0.745775729646697,0.153389644861834,"Lymphatic Endothelial","TSHZ2",2.1203194398373,739622541,0,0
0.450987837528637,0.0980243249427256,-0.364223670133703,0.0829493087557604,0.172118111961126,"Lymphatic Endothelial","CFD",0.139039864700986,412788350.5,1.28205937377505e-20,1.04342096538476e-19
0.482370651759665,0.0352586964806708,-0.0440416939787872,0.0284178187403994,0.0640133486203296,"Lymphatic Endothelial","PLIN4",0.0416521735187583,441512983.5,2.0862335710354e-07,8.05408716639095e-07
0.466572768960841,0.0668544620783189,-0.193825889109552,0.043010752688172,0.107163076783017,"Lymphatic Endothelial","C3",0.0685870101488904,427053210,7.32439551441265e-15,4.64352965442173e-14
0.470719566747356,0.058560866505288,-0.0914531590195721,0.0276497695852535,0.0863833830729707,"Lymphatic Endothelial","ZNF536",0.0482757251534775,430848766.5,5.96584186914274e-14,3.61439308563268e-13
0.498107217382583,0.00378556523483475,-0.00651946852594782,0.00153609831029186,0.00532436976702504,"Lymphatic Endothelial","HAS1",0.00343669606187127,455916633.5,0.0605909242717147,0.108977437936018
0.588093269266229,0.176186538532457,0.456314470072811,0.698924731182796,0.526572061781466,"Lymphatic Endothelial","TIMP3",1.81037526748119,538280703.734375,2.75606025288675e-31,3.10753733507308e-30
0.455475313363124,0.0890493732737511,-0.244303609595109,0.0368663594470046,0.123915709095668,"Lymphatic Endothelial","NCAM2",0.0689252939864779,416895729,2.47090679127404e-22,2.13845751390262e-21
0.832098587942632,0.664197175885265,1.67629146434633,0.851766513056836,0.395782894306352,"Lymphatic Endothelial","APP",2.4779575319261,761618329.78125,0,0
0.470835746918358,0.0583285061632832,-0.219529399883046,0.223502304147465,0.255790234340549,"Lymphatic Endothelial","COL6A2",0.389652057707001,430955106,2.02698058010999e-06,7.11422518471444e-06
0.42971548247927,0.14056903504146,-0.406488965560635,0.0434546442151005,0.182835911197159,"Mast","KAZN",0.110315140753909,555716508,4.00971905625133e-54,4.68607644450554e-53
0.449526872524993,0.100946254950015,-0.305747591920712,0.0086909288430201,0.109205571887167,"Mast","PLA2G2A",0.017160817311986,581336987,1.22522908450685e-43,1.14658526229196e-42
0.372578091151886,0.254843817696229,-0.69604988581913,0.0228136882129278,0.276554370030821,"Mast","PLA2G5",0.0555379747252265,481825310.5,1.93706968271721e-127,6.71568331732588e-126
0.356926645202241,0.286146709595517,-0.731851173788884,0.259641499185225,0.581699895366963,"Mast","NFIA",0.710097154063582,461584552.96875,6.76067136590548e-108,1.79320698940252e-106
0.420638577442592,0.158722845114815,-0.505364716301209,0.0277023356871266,0.184216782569702,"Mast","NEGR1",0.0687356202374105,543978076,4.10815524398914e-68,6.22122357327057e-67
0.533257695499532,0.0665153909990643,0.214818200424462,0.1835958718088,0.119472421720964,"Mast","ST6GALNAC3",0.5384831518204,689619333,1.9756365782886e-18,7.97134282172253e-18
0.320466675090861,0.359066649818279,-1.09366699737117,0.0141227593699077,0.370529073036707,"Mast","NEXN",0.0324134329917641,414433803,4.37842224627762e-208,3.0359359291906e-206
0.586010289180147,0.172020578360294,0.4905804291986,0.246605105920695,0.0827355488963706,"Mast","VAV3",0.674098381316359,757840024,1.32649063039832e-156,6.28014865122989e-155
0.432201782070811,0.135596435858377,-0.371246252776544,0.252036936447583,0.393581083485775,"Mast","PDE4DIP",0.74358905937312,558931839.5,3.31570398382524e-30,2.13983798325871e-29
0.498016954822729,0.00396609035454232,-0.0109900545269776,0,0.00396609035454228,"Mast","ITLN1",0,644045314.5,0.00677934985707704,0.0103213960652525
0.434738407993033,0.130523184013933,-0.377264529182797,0.017925040738729,0.147821568641408,"Mast","RGS5",0.0450432175179277,562212254,1.36027644486924e-55,1.62974073109096e-54
0.493645617766303,0.0127087644673943,-0.0290136931398773,0.0162954915806627,0.0289826394573318,"Mast","CD247",0.0346653886339809,638392215.5,0.00116397212896538,0.0018862603179369
0.499217758563993,0.00156448287201449,-0.00425179148218709,0.00380228136882129,0.00536546825063527,"Mast","PRG4",0.00773341395921886,645598217.5,0.358604464342609,0.433713900975281
0.45313247036908,0.093735059261839,-0.227367047963441,0.0184682237914177,0.11191321864034,"Mast","KCNT2",0.039088700874272,585999817,4.40050079216628e-37,3.48002642286853e-36
0.618548821855016,0.237097643710032,0.647800392800665,0.313959804454101,0.0802086966424896,"Mast","PTPRC",0.853721186046638,799919494,2.09668638291326e-303,2.1344994551754e-301
0.327573801451386,0.344852397097228,-1.11448566643051,0.0124932102118414,0.354058267077606,"Mast","TNNT2",0.0274113516369424,423624878.5,2.45483563004948e-197,1.5552001840443e-195
0.474451542417982,0.0510969151640368,-0.0951199399747414,0.00977729494839761,0.0610402089813582,"Mast","LMOD1",0.0223697985867553,613570060,5.73703903377302e-20,2.48562685025364e-19
0.446678453475871,0.106643093048257,-0.183032102270454,0.00217273221075502,0.108868183727071,"Mast","G0S2",0.00408694749356689,577653355.5,1.24082576630791e-48,1.29233727949231e-47
0.330427545195329,0.339144909609342,-1.78355842231857,0.040195545898968,0.366955890412909,"Mast","RYR2",0.107040791244156,427315396,6.79908195707572e-187,4.01830306805428e-185
0.828862150669408,0.657724301338816,2.11504335501185,0.787072243346008,0.371209543671837,"Mast","SMYD3",2.9078610510439,1071900824.53125,0,0
0.455217101923803,0.0895657961523946,-0.0969504159674297,0.0608365019011407,0.156462691560313,"Mast","LPIN1",0.143879398048897,588695703.5,6.93955557059575e-26,3.84579775674425e-25
0.3023936374521,0.3952127250958,-1.5282602913965,0.0450841933731668,0.428212483361924,"Mast","SLC8A1",0.117881156456158,391061395.5,2.09049332047324e-232,1.64365037322209e-230
0.506365108176461,0.012730216352921,0.0481876556891814,0.0537751222161869,0.0418019659622325,"Mast","NRXN1",0.137562301434668,654841310.5,0.00645292096092992,0.00984650996879121
0.258594239170936,0.482811521658129,-1.13106819516091,0.0820206409560022,0.565744424909781,"Mast","SPTBN1",0.191999612776694,334419152.765625,2.42851386733514e-306,2.50122726500038e-304
0.441151160047904,0.117697679904192,-0.177380112423958,0.137425312330255,0.27314205180403,"Mast","EHBP1",0.349147098596518,570505351,8.4501334022169e-29,5.18549649755554e-28
0.378021619614187,0.243956760771626,-0.862486076329174,0.0543183052688756,0.291628645251297,"Mast","TMSB10",0.13146852944298,488864988.5,8.66411719989475e-113,2.45720502616017e-111
0.933668307105957,0.867336614211914,3.14179991885296,0.879413362303096,0.0606302183057989,"Mast","IL18R1",3.25789841839623,1207438206,0,0
0.490428514636209,0.019142970727583,-0.0510100241037912,0.0190114068441065,0.0381006612523222,"Mast","CXCR4",0.0460885206981151,634231794.5,1.81526000550854e-05,3.369202151651e-05
0.852477906779108,0.704955813558216,2.24209623043787,0.777838131450299,0.132523791559602,"Mast","ARHGAP15",2.56045909985342,1102441184.5,0,0
0.717785777165113,0.435571554330227,1.24698599984289,0.678978815860945,0.407927909972881,"Mast","ZEB2",2.16878182295017,928254675.109375,1.70825483081538e-288,1.64403191695741e-286
0.428093548810159,0.143812902379681,-0.407414455297557,0.0195545898967952,0.162285128584749,"Mast","SCN7A",0.0444827019470787,553618991.5,3.4283328436242e-62,4.69151499937136e-61
0.345146087730935,0.309707824538129,-1.53379400858279,0.133079847908745,0.402058494850204,"Mast","TTN",0.366213787639228,446349704.5,2.59233833725841e-148,1.14140656989488e-146
0.397428742683315,0.205142514633371,-0.506029607705716,0.0407387289516567,0.244872625292723,"Mast","TFPI",0.0956846111054719,513962661.5,1.11901868089554e-90,2.4361133507951e-89
0.429421343739165,0.141157312521669,-0.332890573085296,0.0146659424225964,0.155246955320981,"Mast","MYO1B",0.0284015205076391,555336122,3.55975311065784e-62,4.86757544913866e-61
0.799459932040702,0.598919864081404,1.79299623908442,0.701249321021184,0.207775587048281,"Mast","ANKRD44",2.20451618059704,1033877297.5,0,0
0.338007928830447,0.323984142339106,-0.711379356616823,0.165127648017382,0.518821846239261,"Mast","CFLAR",0.417693814131941,437118497.109375,1.24056932316757e-143,5.23954602389141e-142
0.503121927883164,0.00624385576632758,0.0456013589349278,0.0597501357957632,0.0551864532247617,"Mast","NRP2",0.146651510494384,650647166,0.241612482834554,0.303039385250119
0.840960423695385,0.681920847390771,2.1147018754811,0.718087995654536,0.0735306887985707,"Mast","DOCK10",2.26612617476877,1087546549,0,0
0.429292357530709,0.141415284938582,-0.372696305907533,0.0385659967409017,0.178911104625919,"Mast","PID1",0.0920043081687675,555169314.5,1.07455586328861e-55,1.29093300574618e-54
0.427705475138328,0.144589049723343,-0.398679645946682,0.0168386746333514,0.16043305265106,"Mast","COL6A3",0.0361743993852583,553117127,1.97426966137506e-63,2.75740184584754e-62
0.473711226960899,0.0525775460782028,-0.0844729867308082,0.00597501357957632,0.0586628324946082,"Mast","CHL1",0.0125784351285378,612612669.5,8.61960479056016e-22,4.01822338727754e-21
0.419566001724587,0.160867996550826,-0.29591644889083,0.0255296034763715,0.18774013993779,"Mast","PPARG",0.0569086111510241,542591000,6.85935648140736e-69,1.05971040658374e-67
0.486535147426289,0.0269297051474214,-0.0433446941265266,0.0418250950570342,0.0695019609797069,"Mast","STAB1",0.0975180772925325,629196815.5,5.73449415649595e-06,1.10414246293e-05
0.458976563034066,0.0820468739318689,-0.174457257054888,0.0239000543183053,0.106549173968439,"Mast","CADM2",0.0592754325334817,593557512.5,5.19399480816394e-30,3.33369666768889e-29
0.450575076126569,0.0988498477468625,-0.241030166868385,0.0103204780010864,0.108788463317935,"Mast","CCDC80",0.0185883761395084,582692544.5,4.72957951884002e-42,4.26728250439603e-41
0.391844612816374,0.216310774367252,-0.433239172739597,0.0988593155893536,0.327021659750447,"Mast","KALRN",0.243397493474052,506741155,1.03512106148856e-82,2.00115830240797e-81
0.878098483200056,0.756196966400112,2.55792674525779,0.756653992395437,0.00141788441964254,"Mast","CPA3",2.56015163890503,1135574217.5,0,0
0.412193282431978,0.175613435136044,-0.512447591489762,0.00760456273764258,0.182179641400517,"Mast","TM4SF1",0.0102091860778903,533056454.5,1.03927673592859e-83,2.04282833405964e-82
0.468263665541025,0.0634726689179496,-0.151350702630772,0.024443237370994,0.0881636546113274,"Mast","KCNAB1",0.0643517963272611,605567776,9.03681809356379e-22,4.21048783766787e-21
0.491871426513387,0.0162571469732263,-0.0029895779060567,0.0999456816947311,0.119918001864888,"Mast","RARRES1",0.253488551370568,636097796.5,0.0324391536679602,0.0460666323496303
0.882371920414402,0.764743840828803,2.29054256013548,0.839760999456817,0.290360236598786,"Mast","TNIK",2.86955660962561,1141100710.5,0,0
0.384941840335024,0.230116319329952,-0.642549893671808,0.437805540467137,0.668889822123837,"Mast","LPP",1.24379701173943,497814353.953125,8.30147880159878e-68,1.24430335875538e-66
0.334108852142369,0.331782295715263,-1.33318932261683,0.0168386746333514,0.3440092247902,"Mast","FGF12",0.0378041921471741,432076134.5,4.91644176078151e-186,2.86716464539351e-184
0.428094723784569,0.143810552430863,-0.383002575201753,0.0570342205323194,0.201615761863749,"Mast","LDB2",0.151699818548294,553620511,1.85647092922069e-52,2.09054769855722e-51
0.426175820456425,0.14764835908715,-0.233890381841406,0.125475285171103,0.292346128933526,"Mast","RBPJ",0.332636045394693,551138947.5,2.15812671639735e-42,1.95922307882423e-41
0.502336221451877,0.00467244290375413,0.0126904152348291,0.0717001629549158,0.0668911175804856,"Mast","RBM47",0.181680428707112,649631075,0.42330841601623,0.502311536375006
0.908541581051055,0.81708316210211,2.84434359327495,0.818033677349267,0.00357602978126713,"Mast","KIT",2.85047964587442,1174943830,0,0
0.258332248838849,0.483335502322303,-1.37483379856647,0.0353068984247691,0.515168943206326,"Mast","IGFBP7",0.0891281378810035,334080341.71875,0,0
0.849964420777381,0.699928841554763,2.16173083815201,0.770233568712656,0.228937084937825,"Mast","BMP2K",2.55773910153926,1099190695,0,0
0.305182451324607,0.389635097350786,-1.30549739920772,0.0494296577946768,0.427967627819576,"Mast","SPARCL1",0.124124185499156,394667944.414062,5.14371525823402e-226,3.83860648847532e-224
0.498805233129557,0.00238953374088646,-0.00678689485963247,0.00434546442151005,0.00672925667836374,"Mast","MMRN1",0.00751092794595483,645064731.5,0.210206414082786,0.266437953567904
0.796260313179357,0.592520626358714,1.77801875528714,0.600217273221076,0.0161476535863507,"Mast","HPGDS",1.80295820589056,1029739487.5,0,0
0.30178206191894,0.39643587616212,-1.24355622823351,0.111895708853884,0.484126385320056,"Mast","PDLIM5",0.27472040352015,390270494,1.97947684599468e-220,1.45868394191039e-218
0.462161881540534,0.0756762369189324,-0.0949442794870486,0.0195545898967952,0.0964161405356927,"Mast","SMAD1",0.0460983053492673,597676829,4.87603678792109e-28,2.91305155728854e-27
0.347101933352536,0.305796133294927,-1.00637176618324,0.129277566539924,0.408799140158444,"Mast","PALLD",0.337563966499067,448879042.5,2.34436708822871e-143,9.85417497801529e-142
0.459411261809194,0.0811774763816129,-0.134477922577677,0.0173818576860402,0.0991508352848225,"Mast","TENM3",0.0376993508232915,594119673.5,2.92654064389224e-31,1.95531994765668e-30
0.434473054772741,0.131053890454518,-0.21040222899681,0.0798479087452472,0.21959698486024,"Mast","ACSL1",0.195001020138647,561869094,3.69717871171113e-41,3.24115039674745e-40
0.317859997263961,0.364280005472079,-1.3449918503733,0.0162954915806627,0.375789196460983,"Mast","SORBS2",0.0339278713355337,411062796,2.28309397140714e-212,1.61485345479608e-210
0.459755832430493,0.080488335139014,-0.232365180384372,0.00923411189570885,0.0894064388466165,"Mast","EGFLAM",0.0208733057975931,594565279,1.29981910221995e-33,9.29829976778949e-33
0.415082243704377,0.169835512591247,-0.510742485277915,0.0190114068441065,0.187042586357845,"Mast","C7",0.0407382118224156,536792516,8.45088834738722e-77,1.50838287135298e-75
0.381443100630882,0.237113798738235,-0.452702033980942,0.0114068441064639,0.248912741741464,"Mast","GHR",0.0233267744187769,493289715,4.20191070555956e-119,1.30059844193875e-117
0.337970719676388,0.324058560647224,-0.951173432599521,0.0124932102118414,0.3338534140977,"Mast","CMYA5",0.0248821146248277,437070377.5,6.77640116892635e-181,3.80082730532264e-179
0.913004426476858,0.826008852953716,2.57264422423447,0.894079304725693,0.351333537379619,"Mast","FER",3.27094693684778,1180715269.42188,0,0
0.409373545285314,0.181252909429373,-0.491900887016453,0.0119500271591526,0.193005957677004,"Mast","PDGFRB",0.030651862482193,529409915,4.18381310221857e-85,8.35434425808088e-84
0.414500313947053,0.170999372105893,-0.495831090172134,0.0190114068441065,0.188954452598387,"Mast","CD74",0.0450239213520189,536039953,3.25437719497796e-77,5.86054101819548e-76
0.32095419358593,0.358091612828139,-1.20271634610758,0.0217273221075502,0.374157775231154,"Mast","SGCD",0.0472228977769748,415064271.5,8.52944075735299e-206,5.86798869603519e-204
0.372017636091372,0.255964727817255,-0.737837768831677,0.044541010320478,0.296895886569246,"Mast","EBF1",0.112345323631048,481100519,1.68090934259448e-122,5.49242585190611e-121
0.68798455124006,0.37596910248012,1.04702974020633,0.42802824551874,0.0641037504181763,"Mast","DOCK2",1.18795952957745,889715144,0,0
0.463091363624534,0.0738172727509311,-0.159257800888933,0.00760456273764258,0.0813233587916664,"Mast","GFPT2",0.0146805278437037,598878853.5,5.76605157357595e-31,3.81057036824839e-30
0.486740171374831,0.0265196572503377,-0.0880310673802413,0.0287887017925041,0.055103885658156,"Mast","F13A1",0.0785535786315862,629461956.5,6.34443231938913e-07,1.30504720870219e-06
0.336407691313662,0.327184617372677,-1.1324829319393,0.00977729494839761,0.334714679232122,"Mast","MLIP",0.0237020131648755,435049038.5,4.55062462417989e-184,2.61060589189108e-182
0.273419549422948,0.453160901154104,-1.15087878798957,0.118413905486149,0.570886391299087,"Mast","DST",0.301741330884972,353591535.375,2.84079182163523e-269,2.539696729068e-267
0.421230822926211,0.157538354147579,-0.44590369230736,0.026615969581749,0.182669352485213,"Mast","ADGRB3",0.062559320939592,544743979.5,1.4222732299256e-67,2.11921117812603e-66
0.479359745348133,0.0412805093037346,-0.0468131818214493,0.0298750678978816,0.0724743933775117,"Mast","SLC35F1",0.074462331757238,619917444.5,9.04130337856632e-12,2.56707133811559e-11
0.245592880739197,0.508814238521607,-1.92695683928126,0.0630092341118957,0.547543970788164,"Mast","LAMA2",0.167929624252382,317605540.5,0,0
0.81481093132628,0.629621862652559,1.95094352891399,0.674090168386746,0.0933098917368372,"Mast","ARHGAP18",2.12997391807599,1053729511.5,0,0
0.443260353555329,0.113479292889343,-0.24298311230653,0.0298750678978816,0.144074709411991,"Mast","AKAP12",0.0713639470643596,573233001.5,2.4192179092701e-43,2.24959164826109e-42
0.820703271402104,0.641406542804208,2.03179936714666,0.684410646387833,0.0986112989444164,"Mast","SYTL3",2.19350308841201,1061349601.5,0,0
0.386487483829651,0.227025032340697,-0.592864823755789,0.342748506246605,0.585092283491469,"Mast","QKI",0.940144321869709,499813210.5,1.74280137735207e-68,2.6644286335004e-67
0.813532037602692,0.627064075205383,1.92161783120278,0.651819663226507,0.0408567096824708,"Mast","IKZF1",2.00937732135629,1052075621,0,0
0.489628203570723,0.0207435928585542,-0.0309711334608537,0.00380228136882129,0.024559580328989,"Mast","MLXIPL",0.0066627324292224,633196816.5,9.00354924386548e-09,2.11005335040531e-08
0.249313228774833,0.501373542450335,-1.47905644898476,0.0554046713742531,0.548080659971101,"Mast","CD36",0.141652333174749,322416767.703125,0,0
0.472048856232393,0.0559022875352138,-0.0830490776266032,0.0141227593699077,0.0705198197749322,"Mast","SEMA3A",0.0308578861272264,610462859,8.18617879754603e-21,3.6798106427356e-20
0.496413504092621,0.00717299181475861,-0.00957441089228029,0.0114068441064639,0.0186317984781943,"Mast","RELN",0.0227406467062496,641971700.5,0.0229612122094421,0.0331306627423148
0.414991392548855,0.17001721490229,-0.320811639708848,0.133623030961434,0.323758817290787,"Mast","NAMPT",0.380439346805926,536675025.5,4.10372138461159e-52,4.5976298362455e-51
0.455196178177481,0.0896076436450388,-0.10691749396358,0.0755024443237371,0.173181200219231,"Mast","PLXNA4",0.189154720886799,588668644.5,5.96179374695127e-24,3.04964018214655e-23
0.207535001553448,0.584929996893103,-1.58716012581729,0.0505160239000543,0.631663238214548,"Mast","CALD1",0.128070915851201,268388343.109375,0,0
0.801323719828555,0.602647439657109,1.81205494371529,0.614340032590983,0.0249183221701034,"Mast","KIAA1549",1.84775578106205,1036287584.5,0,0
0.355332288465721,0.289335423068558,-1.07681391517251,0.0744160782183596,0.351457388729527,"Mast","TMSB4X",0.18178052549069,459522699.5,4.24163373776749e-140,1.73326341971139e-138
0.482809130363859,0.0343817392722816,-0.055192242055414,0.0190114068441065,0.0537870753286687,"Mast","GPM6B",0.0450190161487032,624378257,6.46856804646019e-11,1.73930412876728e-10
0.486348225838034,0.0273035483239311,-0.0241627201115089,0.360130363932645,0.458521898199885,"Mast","SAT1",1.03087928351835,628955084.828125,0.0271248435085796,0.0388930020250024
0.29015384358661,0.41969231282678,-1.53222044319965,0.0521455730581206,0.456480486294496,"Mast","DMD",0.125675194614076,375232653.5,1.2400352267122e-253,1.04997598138728e-251
0.409731128003928,0.180537743992145,-0.467675892416305,0.017925040738729,0.197003366763707,"Mast","TIMP1",0.0326431533058826,529872348,4.10222196910608e-83,7.99207226990002e-82
0.397104765624677,0.205790468750647,-0.353761516287377,0.026615969581749,0.233808571367561,"Mast","FLNA",0.0533278269997438,513543688,2.27705239078172e-94,5.11523554929179e-93
0.433874353309299,0.132251293381402,-0.328593826925973,0.0239000543183053,0.155666911047683,"Mast","F8",0.0548364222364738,561094841.5,1.13230360641946e-54,1.33750041021191e-53
0.467507264262853,0.0649854714742949,-0.0871768128277083,0.102118413905486,0.174015417357696,"Mast","CTSB",0.257552657501232,604589583,2.79760338411891e-13,8.63198857762827e-13
0.424898921813963,0.150202156372074,-0.468348990633579,0.365019011406844,0.554251873785509,"Mast","DLC1",1.04422798535182,549487637.078125,1.63350774044425e-31,1.09974534880367e-30
0.487285048648599,0.0254299027028011,-0.0618646618848531,0.0206409560021727,0.045984440284431,"Mast","MSR1",0.0439921184793279,630166602.5,1.9478596393498e-07,4.16028425518174e-07
0.263624626946592,0.472750746106817,-1.14012652350841,0.042368278109723,0.517596144948787,"Mast","RBPMS",0.105312606593583,340924549.109375,7.81586362858088e-304,8.00308082712595e-302
0.497800831058356,0.00439833788328869,-0.0151041200250081,0.0146659424225964,0.0190432127324882,"Mast","XKR4",0.0319215127466588,643765819,0.16780794251849,0.216309264702894
0.415085877271174,0.169828245457652,-0.550402006492177,0.0173818576860402,0.185465261119929,"Mast","FABP5",0.0381199270348783,536797215,2.63619773289952e-77,4.75217138913269e-76
0.267814440183017,0.464371119633965,-1.19936867587955,0.0380228136882129,0.499956580848595,"Mast","ZFPM2",0.09257300257812,346342897.9375,1.68536186139285e-297,1.6769826611781e-295
0.493658111003579,0.0126837779928423,-0.0410923235888732,0.00814774579033134,0.0207643194225965,"Mast","PKHD1L1",0.0170219451264462,638408372,0.000136590837622631,0.000237781736899257
0.228978947823253,0.542042104353494,-1.31164174482579,0.0363932645301467,0.579221444790058,"Mast","NFIB",0.0882420705794501,296120075.90625,0,0
0.750457695448497,0.500915390896993,1.47234671581549,0.619228680065182,0.181009459680691,"Mast","BNC2",1.88994631844709,970506642,0,0
0.497797765067219,0.00440446986556198,-0.0113701801744031,0.000543183052688756,0.00494835968140308,"Mast","CCL21",0.00153245368251326,643761854,0.00708602042878533,0.0107641014138147
0.408003418800498,0.183993162399005,-0.425380069510014,0.0418250950570342,0.226692101273391,"Mast","FRMD3",0.10229907213122,527638040.5,1.50698033831884e-77,2.73336124804031e-76
0.313932892987541,0.372134214024918,-1.00524358001572,0.0439978272677892,0.410987180673495,"Mast","GSN",0.0963768634792345,405984187.5625,8.99368884301039e-211,6.28558920250393e-209
0.377546643458647,0.244906713082705,-0.535459606399345,0.0478001086366105,0.293648703475667,"Mast","STOM",0.109570887080575,488250740,3.90707638009557e-113,1.1170686559455e-111
0.385670986805409,0.228658026389183,-0.56460466138734,0.0554046713742531,0.281909873230314,"Mast","ENG",0.123532481438193,498757300.5,1.28611483610122e-101,3.19930148212071e-100
0.428629948019155,0.142740103961689,-0.371085159471742,0.0086909288430201,0.150848097031127,"Mast","EGFL7",0.0167763513619147,554312673.5,4.76854624508381e-65,6.81710562326825e-64
0.344652065313684,0.310695869372632,-1.00094920307257,0.0162954915806627,0.323911140215387,"Mast","IFITM3",0.0332169737564626,445710825,1.19706464985048e-169,6.18261073699904e-168
0.462669851317718,0.0746602973645649,-0.0950111466366675,0.0217273221075502,0.0978411428490081,"Mast","PNPLA2",0.0517685913682967,598333745.5,5.36856630247584e-27,3.10105574677614e-26
0.543796197560885,0.0875923951217707,0.343401886113535,0.254752851711027,0.199266856951691,"Mast","PDE3B",0.723630783455781,703247931,1.19612186556202e-20,5.32644710398945e-20
0.382726404664798,0.234547190670405,-0.571104313768548,0.0287887017925041,0.261696478778,"Mast","CD59",0.0581864378498535,494949309,1.7474265002127e-112,4.9319992823311e-111
0.33421790206243,0.331564195875139,-1.15581118072592,0.00706137968495383,0.336657864204825,"Mast","MYBPC3",0.0162749290967026,432217160,2.69646424902838e-188,1.62637425869479e-186
0.493592532430231,0.0128149351395375,-0.0248985016364255,0.0320478001086366,0.0450662320006264,"Mast","MS4A6A",0.0812974089248553,638323564.5,0.00811931583919678,0.0122691883792307
0.434933256176036,0.130133487647928,-0.192545149066431,0.116784356328083,0.263618310069684,"Mast","TMEM135",0.29414168684599,562464235.5,1.11131909861338e-35,8.4656366629666e-35
0.457995609415633,0.0840087811687334,-0.234998666196738,0.020097772949484,0.103602365987857,"Mast","GUCY1A2",0.0481885479672426,592288924,3.8909196103609e-32,2.67578587183429e-31
0.427049416829348,0.145901166341305,-0.224430385556877,0.118957088538838,0.284260201721107,"Mast","SIK2",0.306195996028927,552268699.5,3.30367991426521e-42,2.98687939681925e-41
0.449223842410592,0.101552315178816,-0.254559591918955,0.0119500271591526,0.113091941832573,"Mast","TAGLN",0.0204273971669978,580945102.5,7.55300479628782e-43,6.94639793588622e-42
0.444708268836202,0.110583462327597,-0.215726659720213,0.00543183052688756,0.116151212533187,"Mast","MCAM",0.0121288625974251,575105474,2.35565359003322e-49,2.50378823341371e-48
0.914524699208968,0.829049398417935,3.34594414659872,0.847908745247148,0.0919389854154359,"Mast","NTM",3.51855510113408,1182681316,0,0
0.484775788920406,0.0304484221591884,-0.0602706720808604,0.00814774579033134,0.0386700927461546,"Mast","ITGA8",0.0186375294151674,626921578.5,1.27005969477789e-11,3.57835407845597e-11
0.484743969886539,0.0305120602269225,-0.0838352227786338,0.0190114068441065,0.0494408894519934,"Mast","MRC1",0.0487283085413176,626880429.5,1.60808597983095e-09,3.94781297418214e-09
0.329397839998032,0.341204320003936,-1.07234510961893,0.0184682237914177,0.354989287570022,"Mast","NEBL",0.039405364313946,425983761,6.43959276054869e-193,3.99345449643604e-191
0.314822491632812,0.370355016734377,-0.970051467672413,0.0820206409560022,0.441178438476486,"Mast","SVIL",0.189260503754129,407134634.015625,2.84330866871328e-201,1.88967367069352e-199
0.348679049023868,0.302641901952263,-0.691536986881816,0.160782183595872,0.492383141980625,"Mast","NRP1",0.434439525020764,450918599.484375,2.37313166199336e-128,8.30926338589007e-127
0.217834922141958,0.564330155716084,-1.87212545420112,0.0657251493753395,0.61752710138016,"Mast","PRKG1",0.193065088696777,281708402.859375,0,0
0.419756364977302,0.160487270045397,-0.439444691617602,0.022270505160239,0.18169277747329,"Mast","BICC1",0.052615339057908,542837181.5,2.34660486622569e-70,3.70326208816907e-69
0.411382194001683,0.177235611996633,-0.421347164314552,0.158066268332428,0.353423350961983,"Mast","ANK3",0.431867911698964,532007539,1.49065683776622e-53,1.72040945129349e-52
0.334263721038171,0.331472557923658,-1.22308442799061,0.0363932645301467,0.357467738146928,"Mast","CTNNA3",0.0862246321641975,432276414,2.04604061437917e-181,1.1512737156692e-179
0.846815070336504,0.693630140673009,2.12461264753009,0.834872351982618,0.361717120669651,"Mast","LRMDA",2.97893762178278,1095117893.10938,0,0
0.326438206663353,0.347123586673294,-1.12406360052851,0.0108636610537751,0.355671181783887,"Mast","LDB3",0.0268721112076169,422156305,2.25480155773536e-199,1.46537140349945e-197
0.434412687611062,0.131174624777877,-0.346489406478031,0.0086909288430201,0.139868034251304,"Mast","ACTA2",0.0224791746783467,561791026,9.42611803603807e-59,1.20212013650038e-57
0.322543132086869,0.354913735826262,-1.0729410850931,0.0961434003259098,0.433296083023112,"Mast","SORBS1",0.248728788139621,417119118,1.11620470098209e-186,6.57478167013261e-185
0.474788657615941,0.0504226847681185,-0.0884958113029719,0.0249864204236828,0.0759308425450741,"Mast","SORCS1",0.0567558129999825,614006024,3.49220486394244e-16,1.25956813564928e-15
0.342805282370998,0.314389435258003,-1.00057967323077,0.0114068441064639,0.323501149539828,"Mast","RBM20",0.0267614373815276,443322529,8.41998240570422e-174,4.52111982101411e-172
0.481226901473285,0.037546197053431,-0.0629757864030276,0.00706137968495383,0.0446434291164559,"Mast","GPAM",0.0128656569447784,622332087.5,6.39314201019459e-15,2.16364367954549e-14
0.271723165983547,0.456553668032907,-1.39990866181823,0.042368278109723,0.489869101935355,"Mast","ABLIM1",0.105149080366838,351397738.96875,3.466698159501e-290,3.39197155472953e-288
0.415431354930961,0.169137290138078,-0.279785865752198,0.0526887561108093,0.227581837982504,"Mast","PTPRE",0.122079630183585,537243993.5,1.26488221034664e-65,1.82749019594956e-64
0.274211549847365,0.45157690030527,-1.63876413742704,0.0483432916892993,0.484291520453267,"Mast","CACNA1C",0.124335338076467,354615765.890625,2.2240677085019e-285,2.10592905817932e-283
0.42119879395121,0.15760241209758,-0.495251772922582,0.0190114068441065,0.175023311101779,"Mast","VWF",0.044367032549358,544702559,5.92923370874749e-70,9.29881247359401e-69
0.487990150830177,0.0240196983396451,-0.0837975524617642,0.0358500814774579,0.059196674520076,"Mast","CD163",0.0892368672370112,631078454.5,1.29572648784365e-05,2.43028060744435e-05
0.665534436994,0.331068873988,1.01634252522248,0.355784899511135,0.0265113067740994,"Mast","CD69",1.08933636301411,860682215,0,0
0.381093299266318,0.237813401467363,-0.690246118265482,0.0162954915806627,0.252535749620972,"Mast","MGP",0.0336022630656006,492837345,1.48288439972105e-118,4.54201044311081e-117
0.381260463830485,0.23747907233903,-0.5989477726232,0.0391091797935904,0.276451872361931,"Mast","EPS8",0.096019474146447,493053525.5,6.11331067981309e-111,1.67968217929592e-109
0.436039511787346,0.127920976425308,-0.328219805493424,0.0152091254752852,0.142437593867223,"Mast","MGST1",0.0322133890974189,563894867,4.01162012114962e-55,4.78028779253634e-54
0.369191734871985,0.26161653025603,-0.555330780135112,0.0184682237914177,0.2804108448228,"Mast","ABCC9",0.0389232354037281,477446008,6.27291836767069e-133,2.32097979603815e-131
0.374234770658508,0.251530458682984,-0.643872092278439,0.040195545898968,0.29044849848033,"Mast","SOX5",0.095258193849031,483967761,4.10644177094992e-120,1.29147593696375e-118
0.300703993514543,0.398592012970913,-0.894871572951218,0.0456273764258555,0.448028699347289,"Mast","PPFIBP1",0.11075457341919,388876314.75,4.60186000630204e-231,3.58619285092883e-229
0.40330452215405,0.193390955691901,-0.658646256693557,0.026615969581749,0.216529172687218,"Mast","DCN",0.0591756648226061,521561335,1.8412721409375e-88,3.88365089175944e-87
0.464675303747993,0.0706493925040136,-0.0878372984137465,0.190114068441065,0.28418048131197,"Mast","BTG1",0.496685982584263,600927236,4.35544913762864e-11,1.18596428899065e-10
0.463190143054236,0.0736197138915275,-0.121638588119498,0.0391091797935904,0.114180979564527,"Mast","ELK3",0.0856742803591017,599006597,4.0556164381387e-23,2.00301505071505e-22
0.35414044994545,0.291719100109099,-0.631424910753022,0.0287887017925041,0.321446925425828,"Mast","ACACB",0.0636329203948838,457981390.5,1.61222290991963e-150,7.22505595152787e-149
0.419202989533901,0.161594020932198,-0.440397328708738,0.020097772949484,0.180524019332199,"Mast","FLT1",0.0441238431021166,542121545.5,1.14158228398188e-71,1.85133951984244e-70
0.413816763704094,0.172366472591812,-0.355169274325168,0.211298207495926,0.428233837042942,"Mast","STARD13",0.576891471904905,535155972.390625,1.02206220859643e-45,1.00899997857626e-44
0.249705621125226,0.500588757749549,-1.25252255675023,0.0564910374796306,0.55976824138201,"Mast","LHFPL6",0.143824335804015,322924217.203125,0,0
0.423207212621587,0.153585574756827,-0.44831231600596,0.0157523085279739,0.168204368963136,"Mast","RNASE1",0.0343752941772074,547299885.5,1.14287740161691e-68,1.7533411844318e-67
0.451190408562109,0.0976191828757814,-0.206178057294677,0.0162954915806627,0.113974560648013,"Mast","RHOJ",0.034466392814702,583488304.5,1.83517012350376e-39,1.54056321330544e-38
0.479445776750122,0.0411084464997556,-0.0768461533161799,0.0347637153720804,0.0766383611761608,"Mast","NRXN3",0.0839689353546384,620028702,3.61117457435729e-11,9.88191525848052e-11
0.646889037191443,0.293778074382886,0.82804784374814,0.359587180879957,0.0693524852125759,"Mast","FMN1",1.00001170702688,836569617.5,0,0
0.43952210036585,0.1209557992683,-0.203030972987847,0.0211841390548615,0.143923810066125,"Mast","FRMD5",0.0516357041358509,568398619,4.74441013524996e-49,4.99453384949327e-48
0.370764623121971,0.258470753756059,-1.00574859863975,0.172189027702336,0.406868767394353,"Mast","B2M",0.458231608695382,479480098,3.16007208217303e-103,8.01947975666159e-102
0.426230658781628,0.147538682436744,-0.387694872151595,0.020097772949484,0.166940231046829,"Mast","FBN1",0.0453306843418753,551209865.5,6.8471508380014e-64,9.60892594094667e-63
0.341137192281055,0.317725615437889,-0.793809488305221,0.0994024986420424,0.419124356720359,"Mast","RORA",0.253838040990277,441165322.109375,1.35979649173599e-152,6.1407014903729e-151
0.259077215961236,0.481845568077528,-1.30864597769044,0.0461705594785443,0.520453267469091,"Mast","TPM1",0.105876603045615,335043747.84375,0,0
0.4842189372694,0.0315621254612002,-0.0613990362183262,0.00543183052688756,0.0369361738474351,"Mast","NTRK3",0.00752898944021964,626201447,7.13258069655324e-13,2.14623289300693e-12
0.495790584778887,0.0084188304422268,-0.0173029414135354,0.00217273221075502,0.0105843078916087,"Mast","PLIN1",0.00318241637256158,641166129,0.00041743753209264,0.000701250459291834
0.831882434156168,0.663764868312336,2.04792980862619,0.682237914177078,0.0398644753044679,"Mast","MCTP2",2.12074341254645,1075806714.5,0,0
0.431869697340782,0.136260605318437,-0.401908992023567,0.00543183052688756,0.141263141411194,"Mast","SLC9A3R2",0.010780177762676,558502381,9.75468504227824e-63,1.34323309589214e-61
0.488105502463926,0.023788995072148,-0.0504959565026226,0.0309614340032591,0.0549202440013951,"Mast","MYH11",0.072275552542418,631227629.5,7.66185210540333e-06,1.46118613189349e-05
0.490654205607477,0.0186915887850467,-0.0310903832871327,0,0.0186915887850467,"Mast","HP",0,634523662.5,3.19581247071173e-09,7.69441547972317e-09
0.475239650183885,0.0495206996322292,-0.0550251671415458,0.247148288973384,0.324269882056502,"Mast","ZFHX3",0.654957830934328,614589256.453125,9.82905205543303e-06,1.85959034053375e-05
0.506665176690343,0.013330353380687,0.0339495631350202,0.0162954915806627,0.00298382102768149,"Mast","KRT19",0.0398907460214708,655229365,2.17619014794427e-25,1.17675962190956e-24
0.42755730580046,0.144885388399081,-0.358143831126386,0.0228136882129278,0.166490380166701,"Mast","PECAM1",0.0445793427794089,552925511.5,8.24764663163096e-62,1.11995028894591e-60
0.804881480478272,0.609762960956544,1.84328130498901,0.696360673546985,0.204983949149768,"Mast","PRKCA",2.21023689391429,1040888550.5,0,0
0.383380465633272,0.233239068733455,-0.573878794660262,0.0130363932645301,0.246133916051562,"Mast","ABCA8",0.0307816248105888,495795153.5,3.05481572711304e-116,9.07275119492661e-115
0.427621012302044,0.144757975395912,-0.368986305766034,0.0130363932645301,0.15720437608103,"Mast","ABCA9",0.0256658643648446,553007898,1.24055217547626e-64,1.76483076853699e-63
0.421364137092395,0.15727172581521,-0.432639405781752,0.0168386746333514,0.173319287356485,"Mast","ABCA6",0.03824033634279,544916384,3.25880084683047e-70,5.12904383506508e-69
0.489478134710224,0.0210437305795511,-0.0369515375076478,0.00651819663226507,0.0275932266123809,"Mast","FASN",0.012956295906305,633002744.5,3.59627543914375e-08,8.0911603262902e-08
0.336692444563874,0.326615110872252,-1.05634953281144,0.0173818576860402,0.339654497441117,"Mast","MYOM1",0.0361145720587719,435417287,9.09036339753255e-182,5.13139359478664e-180
0.298060634588213,0.403878730823574,-1.03932220011683,0.118957088538838,0.523092582443003,"Mast","PTPRM",0.30432198639035,385457871.03125,2.32713741202958e-221,1.72934785234873e-219
0.549596335975887,0.0991926719517731,0.345625799597306,0.246605105920695,0.172035219337894,"Mast","BCL2",0.677788250520412,710748784,4.53804052691959e-29,2.80631916292514e-28
0.435333617396961,0.129332765206078,-0.412190182871338,0.024443237370994,0.152209038301386,"Mast","CDH19",0.0558279094289948,562981990.5,2.51767017546471e-53,2.8849191366483e-52
0.337544139011713,0.324911721976573,-0.624069247395062,0.0396523628462792,0.36681637969692,"Mast","DSTN",0.0810055809226745,436518715,9.59803634860705e-172,5.07629477992995e-170
0.967038305646538,0.934076611293075,3.61174717479211,0.940249864204237,0.0574584848851528,"Mast","SLC24A3",3.72125063710524,1250592944,0,0
0.464263985765048,0.0714720284699044,-0.0552181775745569,0.150461705594785,0.243359361097864,"Mast","RALGAPA2",0.386712113286289,600395311.5,1.80945636093919e-12,5.33447362384684e-12
0.415373645090478,0.169252709819045,-0.477187975807115,0.00977729494839761,0.178408581332612,"Mast","ID1",0.021704421421679,537169362,3.4727145986013e-79,6.43127755105847e-78
0.337581230931724,0.324837538136551,-0.670732345730318,0.0141227593699077,0.339654497441117,"Mast","MYL9",0.0301532737581228,436566683,8.06284259423778e-180,4.47958308421816e-178
0.495767351680098,0.008465296639804,-0.0158891571761098,0.000543183052688756,0.00901125338989686,"Mast","SLPI",0.0013792109688398,641136083.5,0.000121424104088152,0.000212112807101819
0.435663090428362,0.128673819143276,-0.326724812786059,0.026615969581749,0.154819881700607,"Mast","TSHZ2",0.0623105688580639,563408071.5,4.45379202117398e-52,4.98032921123277e-51
0.420357861789535,0.15928427642093,-0.475507278247025,0.0141227593699077,0.172366913183051,"Mast","CFD",0.0283258887888113,543615049,2.71383024597565e-72,4.4921032229439e-71
0.468482469051246,0.0630350618975088,-0.0846075075182433,0.00108636610537751,0.0641122918905837,"Mast","PLIN4",0.00122610255313582,605850737,2.67226192133666e-28,1.61398755001993e-27
0.450235049976873,0.0995299000462532,-0.248607787338939,0.00814774579033134,0.107303670697767,"Mast","C3",0.0140966450658936,582252816,4.11768748412514e-43,3.81086242619086e-42
0.461830316443806,0.0763393671123874,-0.118864373557695,0.00977729494839761,0.0864752902321145,"Mast","ZNF536",0.021006151770034,597248042.5,2.73438972511605e-31,1.82832467117478e-30
0.497878809690686,0.00424238061862736,-0.00800594397805254,0.00108636610537751,0.00532845520353617,"Mast","HAS1",0.00195909556410792,643866662.5,0.0124324234642737,0.0184309631357567
0.336113433454679,0.327773133090643,-0.845136977084474,0.19228680065182,0.527767615007367,"Mast","TIMP3",0.511976540508101,434668498.453125,5.74925920589099e-146,2.47569567565164e-144
0.448211846501823,0.103576306996355,-0.264025294175945,0.0206409560021727,0.124025026514154,"Mast","NCAM2",0.0494421273964949,579636369.5,3.57767125573609e-41,3.13950902620947e-40
0.321161727875127,0.357676544249747,-0.72335321183578,0.0369364475828354,0.397568527521336,"Mast","APP",0.0833025543218099,415332658.921875,2.07608965656444e-198,1.33445587705887e-196
0.378381622648629,0.243236754702742,-0.582315346301173,0.0141227593699077,0.25636375283826,"Mast","COL6A2",0.0279824249892114,489330551.5,1.30226803398174e-122,4.28701768495072e-121
0.537245729229887,0.0744914584597742,0.131713524747584,0.265789473684211,0.182291370223229,"Mesothelial","KAZN",0.647170824118438,573896375,8.60408098618447e-14,5.126355694475e-13
0.791433688648565,0.582867377297131,2.45453576538529,0.652631578947368,0.107766912928159,"Mesothelial","PLA2G2A",2.77134762475811,845424915,0,0
0.394129493158859,0.211741013682281,-0.593684286402687,0.0697368421052632,0.276336983619247,"Mesothelial","PLA2G5",0.157365408761686,421016818,1.69902678666364e-73,5.10635832196588e-72
0.415201224700636,0.169597550598729,-0.429320822137636,0.444736842105263,0.581152458251278,"Mesothelial","NFIA",1.01164103076496,443526052.953125,1.39688638007721e-32,1.84699421365765e-31
0.472759089817044,0.0544818203659113,-0.239777082958965,0.141447368421053,0.183899279429007,"Mesothelial","NEGR1",0.333519734495899,505010488,5.30887884572437e-08,2.02468545324594e-07
0.464599396667082,0.0708012066658359,-0.205788113141479,0.05,0.119790658758979,"Mesothelial","ST6GALNAC3",0.118882492466548,496294144.5,2.38604819059605e-17,1.72437754340491e-16
0.349109821546792,0.301780356906416,-0.976613107271393,0.0960526315789474,0.370189078739172,"Mesothelial","NEXN",0.148716234033664,372925926,2.93577492435198e-122,1.47728194193392e-120
0.47573611601855,0.0485277679628996,-0.110876398860813,0.0348684210526316,0.0832683529318019,"Mesothelial","VAV3",0.0741632013941259,508190605.5,8.15962212868454e-12,4.26051778625532e-11
0.38111947345804,0.23776105308392,-0.733877268367114,0.206578947368421,0.39361475064601,"Mesothelial","PDE4DIP",0.381571463561388,407119261,5.20888035424557e-74,1.58425311385269e-72
0.769992048544479,0.539984097088958,2.46917936853193,0.541447368421053,0.00279320864685191,"Mesothelial","ITLN1",2.47481175337095,822520536.5,0,0
0.440648524190983,0.118702951618034,-0.376271310066643,0.0322368421052632,0.147731282798502,"Mesothelial","RGS5",0.0458623456170605,470709355,1.54062602755329e-38,2.39695279127814e-37
0.491719833017094,0.0165603339658126,-0.0411839880731922,0.0125,0.0289850535590288,"Mesothelial","CD247",0.0225081357352661,525264724,0.000120025357246715,0.000315552558863883
0.747570603278248,0.495141206556495,1.64681709081692,0.498026315789474,0.00429582114357918,"Mesothelial","PRG4",1.65523704879681,798569511,0,0
0.732424824534193,0.464849649068386,1.38721062307598,0.553947368421053,0.110712374924585,"Mesothelial","KCNT2",1.65007818898723,782390494.5,0,0
0.4714418142256,0.0571163715487992,-0.146096899561526,0.0236842105263158,0.0809432877616766,"Mesothelial","PTPRC",0.0618325204698892,503603348.5,3.5928965350458e-16,2.43377283750872e-15
0.353523858560458,0.292952282879085,-0.98504514905593,0.0855263157894737,0.353744294056712,"Mesothelial","TNNT2",0.15606455872532,377641086.5,1.89474422662502e-118,9.24383249842653e-117
0.476762405071946,0.0464751898561074,-0.0888417865665908,0.0144736842105263,0.0610066365385272,"Mesothelial","LMOD1",0.0285910493660222,509286907.5,3.93435051019981e-14,2.38772505808543e-13
0.483951900167486,0.0320961996650276,-0.0393278217551459,0.0756578947368421,0.108660512026592,"Mesothelial","G0S2",0.147397666479047,516966866.5,6.10191116079205e-05,0.000166641121668274
0.4039448108943,0.1921103782114,-1.23629719100703,0.254605263157895,0.36634290300181,"Mesothelial","RYR2",0.652308032351064,431501732,6.24080371684343e-51,1.31161139690986e-49
0.457430047784677,0.0851399044306455,-0.175445566420867,0.272368421052632,0.372512720980796,"Mesothelial","SMYD3",0.623279407343189,488635706.078125,3.59805577268831e-11,1.80332835141111e-10
0.481164723520499,0.0376705529590022,-0.039854461927998,0.115789473684211,0.156300158229649,"Mesothelial","LPIN1",0.200807941037201,513989550,5.78099043642701e-05,0.000158540647098026
0.344887242371306,0.310225515257388,-1.26325409547603,0.171052631578947,0.427765034662538,"Mesothelial","SLC8A1",0.381618878650613,368415284.5,2.75468165416784e-119,1.35140538421181e-117
0.50879093325312,0.0175818665062402,0.064640238110935,0.0585526315789474,0.0417971017792298,"Mesothelial","NRXN1",0.154001338858573,543500406.5,0.000628433402471931,0.00148423884730262
0.366863963270396,0.266272073459208,-0.632012631561395,0.340789473684211,0.564963800698942,"Mesothelial","SPTBN1",0.68946261110917,391891246.75,1.84395867319376e-78,5.95886241326396e-77
0.522207847783946,0.0444156955678923,0.11610411648858,0.303289473684211,0.272721322298997,"Mesothelial","EHBP1",0.641917089398893,557832616.5,0.000133930563067465,0.000349864294978374
0.546962945406577,0.0939258908131542,0.141505545388279,0.426315789473684,0.290715676118706,"Mesothelial","TMSB10",1.13290025404968,584276495,2.84691132647171e-15,1.84541046307765e-14
0.493776561019967,0.0124468779600657,-0.0192374225596308,0.05,0.0627981035208943,"Mesothelial","IL18R1",0.105115127174035,527461761,0.0458102632235064,0.0779903678967998
0.489486458738369,0.0210270825232627,-0.0583076437433025,0.0171052631578947,0.0380960647489385,"Mesothelial","CXCR4",0.038783401603992,522878990,1.87549062026105e-05,5.46330479722753e-05
0.462412142122248,0.0751757157555032,-0.176297698374389,0.0585526315789474,0.134374252962537,"Mesothelial","ARHGAP15",0.148306398680911,493957676.5,1.13722046670715e-17,8.32795295619386e-17
0.458916148591583,0.0821677028168331,-0.173724780788511,0.311842105263158,0.408845777317381,"Mesothelial","ZEB2",0.751705541013226,490223187.96875,4.86639296548568e-10,2.22096172345514e-09
0.437542349441433,0.124915301117134,-0.370075106846247,0.0401315789473684,0.162175430008993,"Mesothelial","SCN7A",0.0815557762043046,467391278.5,1.99274132093273e-39,3.18766213844388e-38
0.336837263561707,0.326325472876586,-1.6275334508831,0.109210526315789,0.401987261944062,"Mesothelial","TTN",0.271977588400835,359816140,3.5602168954055e-136,1.99055682418672e-134
0.447692380682203,0.104615238635594,-0.275404128164969,0.144736842105263,0.244554452627864,"Mesothelial","TFPI",0.325581723265209,478233740,8.02769408265389e-21,6.85330820085799e-20
0.48300539059612,0.0339892188077596,-0.115889417328185,0.125657894736842,0.154942684439992,"Mesothelial","MYO1B",0.244782624992684,515955786.5,0.000270947283711711,0.000675049308350637
0.447460595458881,0.105078809082238,-0.217895609522828,0.105263157894737,0.209290015595296,"Mesothelial","ANKRD44",0.198781407143754,477986142.5,2.01642303007612e-23,1.93427246218413e-22
0.375026334211483,0.249947331577034,-0.557985599088959,0.292763157894737,0.518384236228898,"Mesothelial","CFLAR",0.570432291372942,400610450.71875,1.35255267058602e-71,3.98347117631454e-70
0.529031331500102,0.0580626630002044,0.102670326052685,0.113157894736842,0.0550730246906553,"Mesothelial","NRP2",0.203618096235843,565121595,4.31013963360064e-23,4.06371409137979e-22
0.488066739315904,0.0238665213681922,-0.0489214117269062,0.0513157894736842,0.0752672259724293,"Mesothelial","DOCK10",0.108136210337817,521362418,0.000430461414586092,0.00103967175448303
0.486102478262146,0.027795043475708,-0.0857956429111108,0.153289473684211,0.178598870763942,"Mesothelial","PID1",0.378115921501481,519264156,0.00497835642375453,0.0102788761237004
0.497445898105288,0.00510820378942334,-0.0292143374828946,0.157236842105263,0.160063804113971,"Mesothelial","COL6A3",0.404660625992534,531381418.5,0.589310929895069,0.706627457605661
0.484793161240866,0.030413677518269,-0.038383009664818,0.0276315789473684,0.0585919268728585,"Mesothelial","CHL1",0.0585304409524922,517865518,4.58466523120277e-07,1.58978389549012e-06
0.426456867685773,0.147086264628454,-0.27462010228726,0.0401315789473684,0.187634466743315,"Mesothelial","PPARG",0.0780241252254702,455549550.5,3.92448167285861e-48,7.77479991252933e-47
0.475211306286558,0.0495773874268839,-0.109266716969812,0.0203947368421053,0.0695356699716553,"Mesothelial","STAB1",0.0317185708740274,507629993.5,3.21091131338255e-14,1.96219882204349e-13
0.485888789974555,0.0282224200508899,-0.0443722404199336,0.0763157894736842,0.106398055710497,"Mesothelial","CADM2",0.18900018870295,519035890,0.000373635313542409,0.000910917101620834
0.730609623198048,0.461219246396096,1.31732488700792,0.549342105263158,0.107577663437568,"Mesothelial","CCDC80",1.5734703585154,780451461,0,0
0.439997474489139,0.120005051021723,-0.245565423874973,0.199342105263158,0.326700114972623,"Mesothelial","KALRN",0.430468748681572,470013891,2.62215546795239e-22,2.38048464441121e-21
0.499287704459847,0.00142459108030524,-0.00575814039534751,0.00197368421052632,0.00339510740264323,"Mesothelial","CPA3",0.0031654928605512,533348872,0.33997198089498,0.449923844869431
0.679314215770931,0.358628431541861,1.11560266276087,0.526973684210526,0.180976584288593,"Mesothelial","TM4SF1",1.63451224871685,725656705.5,1.83139677504441e-283,1.83264545466376e-281
0.469446170109305,0.0611076597813902,-0.160076383372887,0.0276315789473684,0.0881276537616538,"Mesothelial","KCNAB1",0.0555759654482479,501471562.5,4.90954861675881e-17,3.48235884971229e-16
0.696094357553024,0.392188715106049,1.19787801537549,0.485526315789474,0.119074925723132,"Mesothelial","RARRES1",1.45176308946467,743581580.5,0,0
0.410972204945291,0.178055590109419,-0.352611018719911,0.111184210526316,0.292186984188418,"Mesothelial","TNIK",0.233151411567025,439008531.5,1.39338467915527e-50,2.90417644606894e-49
0.397691760359682,0.204616479280635,-0.5222130194534,0.546710526315789,0.668548726763578,"Mesothelial","LPP",1.36358131918949,424822101.359375,6.56018627263635e-45,1.20226847693727e-43
0.353772119797998,0.292455760404004,-1.2071645017161,0.0703947368421053,0.343743952553872,"Mesothelial","FGF12",0.162949394960728,377906284,4.02564488385777e-120,1.98598480936983e-118
0.445914215272906,0.108171569454189,-0.329690096563208,0.0993421052631579,0.201458217127506,"Mesothelial","LDB2",0.204722676353879,476334269,2.01201072943807e-25,2.08276463100328e-24
0.47931401075689,0.0413719784862198,-0.118242661080086,0.255263157894737,0.291989197126823,"Mesothelial","RBPJ",0.447927575934674,512012582.5,0.000510932577574705,0.00122014163474518
0.562377131060103,0.124754262120205,0.190351972254117,0.196710526315789,0.0666229353307455,"Mesothelial","RBM47",0.358964343451875,600742229,4.30469738106027e-84,1.49535168195727e-82
0.498127486005873,0.00374502798825471,-0.0110404012124055,0.00197368421052632,0.00571305793026512,"Mesothelial","KIT",0.00255447262850428,532109504,0.0528051621856158,0.0885887327503396
0.396563786038917,0.206872427922165,-0.618600946680459,0.336184210526316,0.514299008503421,"Mesothelial","IGFBP7",0.843102286630537,423617177.171875,9.06183783093488e-50,1.86663260676521e-48
0.439947123883301,0.120105752233399,-0.211737166439938,0.110526315789474,0.230611176249616,"Mesothelial","BMP2K",0.190378737720546,469960105.5,4.5885968755193e-28,5.21719613761433e-27
0.334610685302423,0.330778629395155,-1.15517859450523,0.1375,0.42760424374196,"Mesothelial","SPARCL1",0.273523562506062,357437665.640625,2.21338724113039e-135,1.22585459404995e-133
0.502237951521425,0.00447590304285028,0.0102129971447771,0.0111842105263158,0.00671337666624927,"Mesothelial","MMRN1",0.0244710377719953,536500383.5,0.0329161850762479,0.057649149916754
0.494804005266633,0.0103919894667344,-0.0123031393502649,0.00723684210526316,0.0176969617630653,"Mesothelial","HPGDS",0.0173105296219897,528559297,0.00213099487671423,0.00466398431324605
0.455094174823144,0.089811650353712,-0.327679145756835,0.5,0.483116953339329,"Mesothelial","PDLIM5",1.18805407425712,486140480.984375,6.78110992409576e-11,3.32671052877923e-10
0.478164844338362,0.0436703113232756,-0.0555450024537895,0.0519736842105263,0.0963109155691145,"Mesothelial","SMAD1",0.0853692783529622,510785020.5,8.53010392226201e-09,3.51996696998309e-08
0.343867758567078,0.312264482865844,-1.08656553941224,0.1375,0.408653681969788,"Mesothelial","PALLD",0.257084587783677,367326252,9.37903972727185e-124,4.77409386348878e-122
0.540420879034302,0.0808417580686038,0.220037589846248,0.173026315789474,0.098776850660808,"Mesothelial","TENM3",0.39138846214309,577288132,6.58543110090432e-26,6.93261282421559e-25
0.43342112115682,0.13315775768636,-0.247241314785536,0.0875,0.219516602729746,"Mesothelial","ACSL1",0.158145543932953,462988902,2.3702269963035e-35,3.39109974483324e-34
0.434391646859252,0.131216706281495,-0.595785325415513,0.333552631578947,0.37493881407447,"Mesothelial","SORBS2",0.780904458451982,464025636.5,2.38652989836256e-24,2.36531033032985e-23
0.465196803368656,0.0696063932626881,-0.208870597223958,0.0203947368421053,0.0893456805582433,"Mesothelial","EGFLAM",0.044211277264476,496932306,2.16178500265995e-21,1.89419688889786e-20
0.480737207928947,0.0385255841421059,-0.180665494042318,0.159210526315789,0.186662606577345,"Mesothelial","C7",0.369870053057938,513532869.5,0.000131322549785436,0.000343306033371101
0.475897540703993,0.0482049185920137,-0.0756654322750587,0.192105263157895,0.248413434721732,"Mesothelial","GHR",0.399343332013235,508363042.5,1.80878906962359e-05,5.2786069750142e-05
0.372606163384844,0.254787673230311,-0.79278804512091,0.101973684210526,0.33351309663392,"Mesothelial","CMYA5",0.182492156991679,398025177,2.43193500652877e-93,9.41345919450214e-92
0.530233251968893,0.0604665039377861,0.17256174803682,0.376973684210526,0.352699864537207,"Mesothelial","FER",0.877216824087941,566405509.90625,1.7740633956931e-06,5.7753797643155e-06
0.424270036274941,0.151459927450118,-0.440238008442373,0.0460526315789474,0.192849499698339,"Mesothelial","PDGFRB",0.0819790473136354,453213534.5,7.27919901310352e-50,1.50294552190831e-48
0.470250221602391,0.0594995567952176,-0.298149237391816,0.147368421052632,0.188599212266782,"Mesothelial","CD74",0.24205315336469,502330466,4.05827864579295e-09,1.72393640882068e-08
0.355089533469675,0.28982093306065,-0.996132449748515,0.111184210526316,0.373803317130921,"Mesothelial","SGCD",0.252812781008654,379313571,2.80290777862864e-112,1.29907399466336e-110
0.422709923892797,0.154580152214406,-0.471548068764888,0.157894736842105,0.296535453686523,"Mesothelial","EBF1",0.377724034187891,451546992,3.51488741099207e-38,5.40648009453208e-37
0.484948516480957,0.0301029670380859,-0.0655165139161929,0.0348684210526316,0.0651203228340182,"Mesothelial","DOCK2",0.0782915636361349,518031471.5,2.03338146398162e-06,6.58549362700337e-06
0.715623313080817,0.431246626161634,1.09697895294816,0.500657894736842,0.0802232859403281,"Mesothelial","GFPT2",1.26813350664883,764442792,0,0
0.482411478962676,0.0351770420746478,-0.124654632600317,0.0203947368421053,0.0551100208316732,"Mesothelial","F13A1",0.0419689314892862,515321358.5,1.92328415270233e-09,8.40726743544139e-09
0.351566409776897,0.296867180446206,-1.05693485878436,0.0532894736842105,0.334472150443385,"Mesothelial","MLIP",0.0985708831263515,375550101.5,8.06658146146027e-126,4.15405358769703e-124
0.454634049756224,0.0907319004875514,-0.230525389015152,0.501973684210526,0.569850137170307,"Mesothelial","DST",1.21958389740061,485648966.40625,1.77413523386693e-10,8.39722379437364e-10
0.45450387294926,0.090992254101479,-0.277332374290316,0.0960526315789474,0.182447892358305,"Mesothelial","ADGRB3",0.23056359968818,485509909,7.67928454468715e-20,6.27307789429638e-19
0.486083986744597,0.0278320265108055,-0.0282442586016003,0.0434210526315789,0.072425637756554,"Mesothelial","SLC35F1",0.0929698435894619,519244403,2.91938294043482e-05,8.32111544698787e-05
0.305109873243797,0.389780253512405,-1.45448454676971,0.230263157894737,0.546960909308229,"Mesothelial","LAMA2",0.638503977502558,325924322.34375,7.59794933822681e-168,5.28913374485575e-166
0.595799862840926,0.191599725681852,0.40091780851191,0.283552631578947,0.0944198435916992,"Mesothelial","ARHGAP18",0.584182627470186,636445043.5,1.26785988458667e-142,7.39389016137101e-141
0.487820942927536,0.0243581141449278,-0.0740120745010332,0.121710526315789,0.143823921135611,"Mesothelial","AKAP12",0.239859568913335,521099853.5,0.00708360216228994,0.0142237374623476
0.465260425591174,0.0694791488176513,-0.107638385442393,0.0302631578947368,0.100293692442542,"Mesothelial","SYTL3",0.0596086769476964,497000268.5,2.31631402510092e-19,1.84843328545888e-18
0.333613654265558,0.332772691468885,-0.848051746710343,0.339473684210526,0.584988673489135,"Mesothelial","QKI",0.685237926583161,356372617.625,4.58554369792328e-120,2.25588255887779e-118
0.487276610522901,0.0254467789541984,-0.0577480486920742,0.0171052631578947,0.0425085660295741,"Mesothelial","IKZF1",0.0351591002032906,520518387,8.93608992989708e-07,3.00004605118848e-06
0.49597953330791,0.00804093338417933,-0.00992583744021761,0.0164473684210526,0.024522749780869,"Mesothelial","MLXIPL",0.0276484929934704,529815019,0.0428450985294427,0.0733361212604633
0.243031964052085,0.513936071895831,-1.5227683912691,0.0506578947368421,0.547865891834667,"Mesothelial","CD36",0.0973606133993329,259611487.984375,3.79141491670557e-290,3.85979187936523e-288
0.50848261460341,0.0169652292068208,0.0690273100196794,0.0848684210526316,0.0703410475030451,"Mesothelial","SEMA3A",0.182568213391027,543171054.5,0.00985432436100124,0.0192816754411681
0.506930491683957,0.0138609833679131,0.0440143953855617,0.0322368421052632,0.0185834462189944,"Mesothelial","RELN",0.0762094347368791,541513046.5,6.50046899580989e-05,0.000177031482842437
0.715044750820506,0.430089501641011,1.33314725704807,0.644736842105263,0.322566507678122,"Mesothelial","NAMPT",2.03068247908397,763824760.5,3.20598016705918e-267,3.06868058164382e-265
0.538022118337624,0.0760442366752481,0.210134743868198,0.234210526315789,0.172793322481132,"Mesothelial","PLXNA4",0.505473971569614,574725729,7.01451665967439e-15,4.47283372230939e-14
0.435018263307784,0.129963473384431,-0.332062725263153,0.560526315789474,0.630294716951063,"Mesothelial","CALD1",1.37973619915744,464695000.421875,2.31509505914135e-19,1.84829801367169e-18
0.507572506725958,0.0151450134519167,0.0283529982823744,0.0414473684210526,0.0264266281147905,"Mesothelial","KIAA1549",0.0687292797520478,542198859.5,0.000238256620252353,0.000598001367519516
0.638277875225497,0.276555750450993,1.05462502487234,0.609210526315789,0.350174166448484,"Mesothelial","TMSB4X",2.30812864511964,681820885.5,3.26791093481838e-106,1.45339513596013e-104
0.499486752498213,0.00102649500357377,-0.00385478303353025,0.0526315789473684,0.0536984757589901,"Mesothelial","GPM6B",0.0962205243098508,533561499,0.859307169409274,0.922699540765525
0.759177260052433,0.518354520104866,1.60005849429582,0.748026315789474,0.457637995605997,"Mesothelial","SAT1",2.65158411776868,810967968.328125,0,0
0.34472590474662,0.31054819050676,-1.16954573133966,0.207894736842105,0.455958939975184,"Mesothelial","DMD",0.486868841234024,368242940.5,7.95220817457508e-116,3.80582310789718e-114
0.747494216825396,0.494988433650791,1.77929918496083,0.625657894736842,0.195607135132674,"Mesothelial","TIMP1",2.27455569152465,798487913.5,0,0
0.488048509916763,0.0239029801664736,-0.0597706492376158,0.213157894736842,0.233310471615422,"Mesothelial","FLNA",0.346522972414505,521342945,0.0295853378422029,0.0524096731117359
0.436924054711152,0.126151890577697,-0.335257643188521,0.0322368421052632,0.155588693979305,"Mesothelial","F8",0.0480372230983675,466730804,1.56895064775153e-41,2.6442448620287e-40
0.474381826499482,0.0512363470010359,-0.149586806630236,0.128947368421053,0.173924550639179,"Mesothelial","CTSB",0.195237622968191,506743927,1.66195563008897e-07,6.03637091299791e-07
0.311697814330686,0.376604371338627,-1.06441396978851,0.1875,0.554549387002402,"Mesothelial","DLC1",0.449235962372016,332961689.609375,4.70549564791613e-156,3.0922831847425e-154
0.490807374967273,0.0183852500654547,-0.0460267432682799,0.0276315789473684,0.0459577447152435,"Mesothelial","MSR1",0.0597676596398851,524290018.5,0.000627106653143641,0.00148130396662631
0.387641452783975,0.224717094432051,-0.56243221165849,0.323026315789474,0.516772058237618,"Mesothelial","RBPMS",0.68124050777518,414086166.625,2.71900807514872e-58,6.54196314474307e-57
0.502040205649865,0.00408041129972991,0.016190688580098,0.0230263157894737,0.0190231311257072,"Mesothelial","XKR4",0.0631418973430983,536289147.5,0.2448483330457,0.340971680366954
0.469355000178241,0.061289999643519,-0.331887119736095,0.142105263157895,0.185118729154097,"Mesothelial","FABP5",0.255912359493402,501374173,1.03266365236318e-09,4.58926879773413e-09
0.541452492967574,0.0829049859351474,0.192609839970102,0.54078947368421,0.498658178423851,"Mesothelial","ZFPM2",1.48100073198422,578390122.140625,2.20848958361624e-09,9.58972350755652e-09
0.706246893428796,0.412493786857593,1.11001902815807,0.432894736842105,0.0198398920851025,"Mesothelial","PKHD1L1",1.16563025853365,754426717.5,0,0
0.400889411537457,0.198221176925086,-0.490865048576866,0.404605263157895,0.578177114756338,"Mesothelial","NFIB",0.906649567545135,428237894.765625,5.9558009203567e-44,1.06167576730083e-42
0.719431303782953,0.438862607565905,1.22557154804054,0.58421052631579,0.181285359773242,"Mesothelial","BNC2",1.64437479452472,768510562,0,0
0.50081753046415,0.00163506092830068,-0.00149684762598656,0.00657894736842105,0.00493329311188771,"Mesothelial","CCL21",0.0113792955319771,534983062,0.363603877511638,0.476209778999738
0.423517364202444,0.152965271595112,-0.379674574824077,0.0769736842105263,0.226531640238141,"Mesothelial","FRMD3",0.147712048679562,452409515.5,4.72466758622243e-45,8.71317754225648e-44
0.447199687081289,0.105600625837421,-0.356605957177102,0.345394736842105,0.410167677894521,"Mesothelial","GSN",0.74315644314297,477707435.078125,1.34041609457444e-15,8.81202249258866e-15
0.408908032779629,0.182183934440741,-0.462203420595471,0.129605263157895,0.293359477272986,"Mesothelial","STOM",0.18242492387881,436803542.5,9.97340264077929e-53,2.15259273663486e-51
0.425334041826908,0.149331916346183,-0.398671766953548,0.143421052631579,0.281616048356802,"Mesothelial","ENG",0.288849929957419,454350126,5.68242511532831e-37,8.48126026535272e-36
0.437522783238412,0.124954433523177,-0.345382014707704,0.0282894736842105,0.150740776577459,"Mesothelial","EGFL7",0.0422548929530938,467370377.5,7.84958871908884e-42,1.3331432644223e-40
0.584682977427711,0.169365954855421,0.492909207776542,0.517763157894737,0.32268603367218,"Mesothelial","IFITM3",1.52339515714627,624569769.5,4.75594489344282e-43,8.3096926054876e-42
0.496176354744014,0.00764729051197266,-0.0323617403982583,0.0921052631578947,0.0976541600737646,"Mesothelial","PNPLA2",0.1142394850558,530025267.5,0.316543511211085,0.424177457159677
0.436683186148854,0.126633627702291,-0.222883291673078,0.0690789473684211,0.199693785786652,"Mesothelial","PDE3B",0.158724266737353,466473503.5,1.85205889220363e-34,2.57853448296367e-33
0.461573258837285,0.0768534823254307,-0.275311999776225,0.205263157894737,0.261208407799925,"Mesothelial","CD59",0.353080083097802,493061565,1.9202708476287e-11,9.76886486667726e-11
0.359234173140742,0.281531653718517,-1.01364914134752,0.0776315789473684,0.336354684849796,"Mesothelial","MYBPC3",0.157603367703734,383740956,5.9590513582383e-113,2.78384118093615e-111
0.480688548454909,0.0386229030901813,-0.0953664262190188,0.00657894736842105,0.0451153710428358,"Mesothelial","MS4A6A",0.0109702189571685,513480890.5,4.14230036449313e-13,2.36174147036106e-12
0.450198205514911,0.0996035889701772,-0.176704886887175,0.159868421052632,0.263458057759514,"Mesothelial","TMEM135",0.309860005706864,480910511,4.19486108523042e-18,3.13981697548144e-17
0.459442140694078,0.0811157186118449,-0.229281282296788,0.0230263157894737,0.103557890423122,"Mesothelial","GUCY1A2",0.0537864863565308,490785063,3.95602583229532e-25,4.04608170490042e-24
0.459761217432162,0.0804775651356755,-0.142695346528715,0.198026315789474,0.284013682880463,"Mesothelial","SIK2",0.387652346248567,491125907,8.79717169796238e-12,4.5825432695804e-11
0.501695923886506,0.00339184777301216,-0.0645325700939275,0.120394736842105,0.112811194463101,"Mesothelial","TAGLN",0.209928284096782,535921379,0.677026064607645,0.782400462589885
0.454628286515491,0.0907434269690185,-0.189848375354069,0.0263157894736842,0.116055471444671,"Mesothelial","MCAM",0.0378529742151688,485642810,3.27516884439557e-28,3.74560218749966e-27
0.579233704697701,0.158467409395402,0.359693063350005,0.247368421052632,0.0935831616332942,"Mesothelial","NTM",0.540273890946691,618748750,4.9846427496344e-99,2.06078704475495e-97
0.489260826744675,0.0214783465106498,-0.0433291646373794,0.0171052631578947,0.0386367775792002,"Mesothelial","ITGA8",0.0355150041549953,522637965.5,1.41462466694266e-05,4.17886105907315e-05
0.480044702796669,0.0399105944066628,-0.119080376375072,0.00986842105263158,0.0494467653989322,"Mesothelial","MRC1",0.0135210105154846,512793122,7.37891158145649e-13,4.14801757971949e-12
0.454885691940922,0.0902286161181551,-0.345665364010517,0.321710526315789,0.354179710177923,"Mesothelial","NEBL",0.764028054375382,485917775.5,1.07261968417429e-12,5.96494407252211e-12
0.37883908745297,0.242321825094059,-0.638855842080806,0.221052631578947,0.440713684018805,"Mesothelial","SVIL",0.519299223908218,404683308.15625,1.93530844940124e-72,5.73815697152436e-71
0.301763621640709,0.396472756718582,-0.914902579245352,0.104605263157895,0.492353182237299,"Mesothelial","NRP1",0.211240811821106,322349791.0625,4.17666355891891e-181,3.13018717445446e-179
0.364392850623414,0.271214298753172,-0.816102317823597,0.457894736842105,0.616426855783351,"Mesothelial","PRKG1",1.2459558667504,389251555.984375,3.87363530123462e-79,1.25871706504325e-77
0.625269959024902,0.250539918049803,0.556968128917153,0.451315789473684,0.180691998588455,"Mesothelial","BICC1",1.04667743030665,667925575.5,1.10857191778509e-139,6.33901578442564e-138
0.459999396940434,0.0800012061191318,-0.202247788440075,0.272368421052632,0.353086901089394,"Mesothelial","ANK3",0.650302391718468,491380335,2.61227019202308e-10,1.21841373469043e-09
0.403148826095221,0.193702347809559,-0.755726136331821,0.219078947368421,0.356925962184252,"Mesothelial","CTNNA3",0.552016828452993,430651445.5,1.54229589879711e-52,3.32064980068639e-51
0.488248435115659,0.0235031297686827,-0.0595731412241345,0.332894736842105,0.363018942024201,"Mesothelial","LRMDA",0.80043405053194,521556509,0.0655977446296843,0.107290813374629
0.334570887639275,0.330858224721451,-1.07782701399682,0.0328947368421053,0.355466037542546,"Mesothelial","LDB3",0.0724965914270541,357395153,3.98178205527913e-150,2.46926568864704e-148
0.4675977265422,0.0648045469156002,-0.245874954248227,0.0815789473684211,0.139650471843091,"Mesothelial","ACTA2",0.122718561499759,499497019,3.97045846520393e-13,2.2659661208416e-12
0.323688689372223,0.352622621255554,-1.08443782771491,0.105263157894737,0.433122360467631,"Mesothelial","SORBS1",0.236767838650911,345770576.390625,1.35794772320008e-152,8.54149117892853e-151
0.497156395344657,0.00568720931068556,0.016991536559722,0.068421052631579,0.0758136305166938,"Mesothelial","SORCS1",0.161975165695617,531072166,0.40317198358684,0.519586197492421
0.358502684916299,0.282994630167402,-0.913834310352737,0.0532894736842105,0.323268011428962,"Mesothelial","RBM20",0.112863549372599,382959566,5.48925871732351e-117,2.64868012409594e-115
0.4882595915304,0.0234808169391999,-0.0407763707820006,0.0210526315789474,0.0445960021400845,"Mesothelial","GPAM",0.0349884594100026,521568426.5,9.37615372891014e-06,2.82278323886437e-05
0.358103698909542,0.283792602180917,-0.899227832058672,0.286842105263158,0.489135940897242,"Mesothelial","ABLIM1",0.604111306667511,382533361.359375,5.41634834319975e-94,2.12455962183595e-92
0.509827355991398,0.0196547119827954,0.0670427452249994,0.236184210526316,0.227105080423919,"Mesothelial","PTPRE",0.468032202177752,544607533.5,0.0707650327700177,0.114740725202132
0.318444433081624,0.363111133836751,-1.33938711455124,0.191447368421053,0.483782883877651,"Mesothelial","CACNA1C",0.422319343864445,340168559.453125,2.17686670105513e-153,1.38909334561532e-151
0.429893303204195,0.140213393591609,-0.469828978804821,0.0394736842105263,0.174907794233155,"Mesothelial","VWF",0.0695092365939571,459220418,2.31732188552662e-46,4.39791735429901e-45
0.477020297756776,0.0459594044864486,-0.14998495778901,0.0138157894736842,0.0592336676266691,"Mesothelial","CD163",0.0231541137063922,509562393.5,3.36356583941233e-14,2.0519266215355e-13
0.492579640840115,0.0148407183197701,-0.0380388778676456,0.0125,0.0274041799947636,"Mesothelial","CD69",0.0376937312407191,526183187.5,0.00039739820239785,0.000965149792480449
0.537308673689093,0.0746173473781868,0.0863502666125799,0.353947368421053,0.251697553701322,"Mesothelial","MGP",0.808208014021309,573963613.5,4.07439988809854e-11,2.03396629334443e-10
0.504242620936191,0.0084852418723822,-0.0658937061038973,0.308552631578947,0.275760697576468,"Mesothelial","EPS8",0.627650127191697,538641810.5,0.467363539342775,0.586799307470368
0.667010878531783,0.334021757063567,0.829700067998887,0.478947368421053,0.141376484114426,"Mesothelial","MGST1",1.18748466489037,712514040.5,1.83499861714781e-301,1.88994126869623e-299
0.384986747386904,0.230026505226192,-0.498709180027235,0.0526315789473684,0.280217309640625,"Mesothelial","ABCC9",0.0951695302243571,411250358.5,1.37223343548964e-85,4.86273144181963e-84
0.491764507823261,0.0164709843534782,-0.0657691277076912,0.281578947368421,0.289812116520769,"Mesothelial","SOX5",0.671820045808364,525312446.5,0.165477161129897,0.243392664257537
0.386078940614191,0.227842118771617,-0.537790521532037,0.246052631578947,0.447411408471547,"Mesothelial","PPFIBP1",0.466657118964315,412417060.625,8.72142858759015e-64,2.2925641833528e-62
0.522082983935736,0.0441659678714728,-0.000794566817024833,0.286184210526316,0.215881020410486,"Mesothelial","DCN",0.715307396021237,557699234.5,3.49270710179427e-05,9.83902070966101e-05
0.476059133894127,0.0478817322117462,-0.124338300245418,0.246710526315789,0.284015105808963,"Mesothelial","BTG1",0.460223722630997,508535659.5,4.90518910411197e-05,0.000135620393252151
0.492527362259772,0.0149452754804555,-0.0488547381822831,0.101315789473684,0.114012146117682,"Mesothelial","ELK3",0.158245609653446,526127342.5,0.0676903513693528,0.110409107616097
0.369479948746864,0.261040102506271,-0.576481726354415,0.0651315789473684,0.321234646601478,"Mesothelial","ACACB",0.118169740087972,394685693.5,3.17239480859124e-100,1.32713105389332e-98
0.424009792481605,0.151980415036789,-0.424443011880873,0.0309210526315789,0.180427333887327,"Mesothelial","FLT1",0.0598430058128294,452935537,7.39381173253276e-53,1.60171970766749e-51
0.373853939904014,0.252292120191971,-0.550876428716563,0.175,0.428213257140255,"Mesothelial","STARD13",0.381444812444075,399358076.234375,1.67039546285961e-79,5.45807140851271e-78
0.343283034959074,0.313433930081852,-0.794399113107777,0.251315789473684,0.559116987489613,"Mesothelial","LHFPL6",0.600388197431162,366701638.828125,2.21818577107047e-108,9.96599178573802e-107
0.429614538873059,0.140770922253883,-0.438485881712616,0.0309210526315789,0.168101927214361,"Mesothelial","RNASE1",0.0439761920007087,458922636.5,3.31891300617477e-48,6.59736973642778e-47
0.457078727600859,0.0858425447982827,-0.190645943133148,0.0289473684210526,0.113902580623129,"Mesothelial","RHOJ",0.0498710151689266,488260419,8.18674264432464e-26,8.57223016955086e-25
0.516822393397192,0.0336447867943848,0.109198329698611,0.107894736842105,0.0764610629845072,"Mesothelial","NRXN3",0.269576875737642,552079769,8.49448668508599e-07,2.86215610288377e-06
0.482902412698843,0.0341951746023139,-0.0892787370802852,0.0361842105263158,0.0701845253679693,"Mesothelial","FMN1",0.0850422881881573,515845783.5,1.87767993478152e-07,6.78352800233273e-07
0.463593164820654,0.0728136703586918,-0.106488365019666,0.0677631578947368,0.143767003995583,"Mesothelial","FRMD5",0.147877419146467,495219268,8.01513319865709e-16,5.31685596590391e-15
0.619850481200718,0.239700962401436,0.784999560444893,0.669736842105263,0.405685453117352,"Mesothelial","B2M",2.24465661032638,662136383.5,6.95591181358193e-74,2.10856314734604e-72
0.496976308296632,0.0060473834067365,-0.0729297828076408,0.169078947368421,0.166550935148611,"Mesothelial","FBN1",0.359239751516509,530879793.5,0.529581894739809,0.649557513068982
0.542954776865527,0.0859095537310532,0.219900556324204,0.486184210526316,0.418141769212381,"Mesothelial","RORA",1.2649985153913,579994891.125,1.00444656188642e-10,4.86131158228733e-10
0.396518582490774,0.206962835018452,-0.544972760439046,0.376315789473684,0.519522579029449,"Mesothelial","TPM1",0.867305226193025,423568889.859375,1.30621982394548e-49,2.67813079619649e-48
0.4901985296056,0.0196029407887996,-0.0297999376810925,0.0171052631578947,0.0368965360228579,"Mesothelial","NTRK3",0.0390319072233347,523639638,5.09547411853759e-05,0.000140550493618926
0.495694714041548,0.0086105719169034,-0.0172518756660388,0.00197368421052632,0.0105808963311212,"Mesothelial","PLIN1",0.00322548567519698,529510769.5,0.00103728216370122,0.00238058554431925
0.639988545612797,0.279977091225594,0.662050139009508,0.316447368421053,0.0409490363928193,"Mesothelial","MCTP2",0.738788119280599,683648257,0,0
0.441237520636208,0.117524958727584,-0.387378686781621,0.0269736842105263,0.141154507268319,"Mesothelial","SLC9A3R2",0.0250959441595799,471338532.5,3.09346414734494e-39,4.93497197128977e-38
0.484401340091595,0.0311973198168107,-0.0701100261958519,0.0236842105263158,0.0549250401265837,"Mesothelial","MYH11",0.0526807988525402,517446967,9.65994457690353e-08,3.592291889536e-07
0.736895019948709,0.473790039897417,2.04814399799717,0.483552631578947,0.0176371987660364,"Mesothelial","HP",2.07473284177168,787165644.5,0,0
0.452137392119903,0.0957252157601932,-0.205324868802051,0.222368421052632,0.324288251163955,"Mesothelial","ZFHX3",0.504957424552898,482981987.984375,8.04677810864809e-15,5.11624029059603e-14
0.714772928414564,0.429545856829128,1.27335043679331,0.430921052631579,0.00209312782451307,"Mesothelial","KRT19",1.27663223851305,763534394.5,0,0
0.429818618180653,0.140362763638695,-0.350579501267913,0.0276315789473684,0.166414334012545,"Mesothelial","PECAM1",0.0519641146804653,459140638,2.52958799871535e-48,5.05114555933955e-47
0.531460544738969,0.062921089477938,0.158899408064317,0.257894736842105,0.20615672703678,"Mesothelial","PRKCA",0.53033032239571,567716528,1.94012313719457e-09,8.47456564788462e-09
0.484484115680642,0.0310317686387157,-0.166251914905925,0.230263157894737,0.24555761722085,"Mesothelial","ABCA8",0.437267211769975,517535389.5,0.00558355873453573,0.0114292929373133
0.45388369471099,0.0922326105780206,-0.266067164157643,0.0690789473684211,0.157017314193996,"Mesothelial","ABCA9",0.128194713114274,484847422.5,8.33785320519363e-23,7.73282099262087e-22
0.459016793196215,0.0819664136075701,-0.267521804728608,0.0973684210526316,0.173073639395768,"Mesothelial","ABCA6",0.20280439740301,490330698.5,4.83056816614432e-17,3.43048252186023e-16
0.507195544882011,0.0143910897640216,0.0104615209528436,0.0421052631578947,0.0275066308468132,"Mesothelial","FASN",0.0602501867264863,541796181.5,0.000616131875242786,0.00145635680939148
0.342281502682145,0.315436994635709,-1.0240631637701,0.0315789473684211,0.339476589980307,"Mesothelial","MYOM1",0.067849804247172,365631782.5,1.64733072345824e-140,9.48130349723742e-139
0.307847684291404,0.384304631417192,-0.990084389888815,0.160526315789474,0.522818081437044,"Mesothelial","PTPRM",0.352979836065159,328848905.546875,4.46902204367747e-166,3.07454750911124e-164
0.458940047266689,0.0821199054666217,-0.157063815332928,0.0894736842105263,0.172409131785946,"Mesothelial","BCL2",0.176341059367062,490248717,3.76432347807216e-17,2.69501077625231e-16
0.456690141741653,0.086619716516695,-0.300380997311457,0.0697368421052632,0.152052716655094,"Mesothelial","CDH19",0.167207924567984,487845324,8.20390190656868e-21,7.00034497957788e-20
0.4994903346271,0.0010193307458003,0.0136593137947915,0.342105263157895,0.36601278358965,"Mesothelial","DSTN",0.71707337215015,533565325.5,0.936511132606207,0.966842827643899
0.593012776063107,0.186025552126215,0.433184029181467,0.242105263157895,0.0593716916912359,"Mesothelial","SLC24A3",0.551193555456954,633467823,7.10831580405154e-205,5.66478090230568e-203
0.501216976918752,0.00243395383750333,0.043287297279946,0.232236842105263,0.24314006169818,"Mesothelial","RALGAPA2",0.484979828226239,535409758.5,0.827309326750234,0.90004809416692
0.594042342532741,0.188084685065482,0.471342608368613,0.374342105263158,0.177543057816431,"Mesothelial","ID1",0.967970412545365,634567626,9.78138734890011e-81,3.25651784477937e-79
0.433846443847047,0.132307112305905,-0.306286437930126,0.217763157894737,0.339065363643608,"Mesothelial","MYL9",0.393506937866975,463443240,3.507355773829e-26,3.72117770413714e-25
0.715507954769447,0.431015909538893,1.54491688898605,0.436184210526316,0.00806515874190354,"Mesothelial","SLPI",1.55880950942035,764319564,0,0
0.502282787811254,0.0045655756225087,0.0201593447931145,0.157894736842105,0.154477386820267,"Mesothelial","TSHZ2",0.408297174009814,536548278.5,0.624361665076753,0.738067255070059
0.50332176292753,0.00664352585506012,-0.0837304901850176,0.189473684210526,0.171915375596207,"Mesothelial","CFD",0.419040426668833,537658132,0.495472749683481,0.615149021673784
0.471919526428425,0.056160947143149,-0.0744684154455683,0.00789473684210526,0.0640687786720093,"Mesothelial","PLIN4",0.0113047506791409,504113650,4.13731217891456e-19,3.26462106160588e-18
0.787704130795138,0.575408261590277,1.82754332926841,0.646052631578947,0.105878686807745,"Mesothelial","C3",2.08565373757403,841440928.5,0,0
0.466973280454564,0.0660534390908715,-0.0956370253692206,0.0197368421052632,0.0864187166323267,"Mesothelial","ZNF536",0.0441291957552211,498829973.5,5.70665258962083e-20,4.67250420308703e-19
0.696894338721689,0.393788677443378,0.998746079834005,0.397368421052632,0.0044694184206632,"Mesothelial","HAS1",1.00653471487549,744436136,0,0
0.408547618315732,0.182904763368535,-0.493377781634665,0.400657894736842,0.527163705078147,"Mesothelial","TIMP3",0.862591383375008,436418540.734375,6.52297694283441e-39,1.02665478031456e-37
0.490348193599757,0.0193036128004851,-0.0619632755838501,0.105921052631579,0.123793356631416,"Mesothelial","NCAM2",0.250947723138409,523799512,0.0228261364489552,0.0413281933122103
0.448850225428735,0.10229954914253,-0.229465741454123,0.305263157894737,0.396823454415063,"Mesothelial","APP",0.575794439131521,479470572.359375,5.64179304613594e-15,3.61320942285623e-14
0.538694254529256,0.0773885090585127,0.0958066551690271,0.361842105263158,0.255501041583662,"Mesothelial","COL6A2",0.704375510395147,575443718,9.80625345139656e-12,5.09312107891466e-11
0.432685256691949,0.134629486616102,-0.408327752505877,0.0604082437629425,0.191941137500363,"Myeloid","KAZN",0.13681090704369,14339332909,0,0
0.451890124030806,0.0962197519383877,-0.313354825863426,0.0212207869046445,0.115748227867275,"Myeloid","PLA2G2A",0.0313140010468955,14975788582,0,0
0.358336384594036,0.283327230811927,-0.783410361066575,0.0156986490484173,0.296076598361973,"Myeloid","PLA2G5",0.0227588040969871,11875386629.5,0,0
0.330619331463356,0.338761337073288,-0.830920395411161,0.309890543338921,0.601879462844501,"Myeloid","NFIA",0.668936085601875,10956834296.25,0,0
0.41490175199938,0.170196496001241,-0.562634161352726,0.0296814909772212,0.195764629561913,"Myeloid","NEGR1",0.0506513880916596,13749981665.5,0,0
0.524551878221087,0.0491037564421744,0.0447928523852344,0.171324326989449,0.115630417187507,"Myeloid","ST6GALNAC3",0.365794518354006,17383823214.5,5.46886039102551e-235,1.76632256018231e-234
0.310403743574123,0.379192512851755,-1.16937458441981,0.0252637806922394,0.396310536711797,"Myeloid","NEXN",0.0380348572691069,10286883009,0,0
0.709248421445829,0.418496842891659,1.03655643214062,0.464845675968839,0.0535533690029391,"Myeloid","VAV3",1.14673102390771,23504727912.5,0,0
0.37307799791239,0.25384400417522,-0.8026096711495,0.218913322157578,0.406732956849161,"Myeloid","PDE4DIP",0.369038201378576,12363928584,0,0
0.499587139708123,0.000825720583754963,-0.00610072521234935,0.00319495118824573,0.00401474316506806,"Myeloid","ITLN1",0.00529981664028107,16556483500.5,0.00432384537678487,0.00524821259654963
0.438119596166124,0.123760807667753,-0.394514512407761,0.0362686125628636,0.156109860753897,"Myeloid","RGS5",0.0552097102539376,14519428721.5,0,0
0.504124981259183,0.00824996251836696,-0.00758388874663354,0.0370574893994675,0.0283204634090739,"Myeloid","CD247",0.0565653460166319,16706869074.5,1.37524710572147e-26,2.26829481419429e-26
0.498796618681576,0.0024067626368478,-0.00867275705661381,0.00313578542550044,0.00553404193142194,"Myeloid","PRG4",0.00392571979118504,16530285371.5,8.7251780862599e-13,1.26392364250049e-12
0.445855759752806,0.108288480494388,-0.267726627676963,0.0119909279163791,0.119401888948899,"Myeloid","KCNT2",0.0174094713559237,14775807748.5,0,0
0.796075170916994,0.592150341833988,1.3860125659937,0.638201360812543,0.0375785468282152,"Myeloid","PTPRC",1.49384226311594,26382195186.5,0,0
0.328112231862937,0.343775536274125,-1.13347298164041,0.0466423429642047,0.37694521497389,"Myeloid","TNNT2",0.0871139330361138,10873748184,0,0
0.4693807277168,0.0612385445664002,-0.121142426080739,0.00420076915491569,0.0653053668119665,"Myeloid","LMOD1",0.00482018596709102,15555432989,0,0
0.514760999153314,0.0295219983066279,0.180525342147714,0.128310817473622,0.107059307732206,"Myeloid","G0S2",0.354169234344633,17059350235,9.85068897293977e-94,2.24292610460782e-93
0.315545578009394,0.368908843981211,-1.94628353131294,0.0348091904151464,0.391803130704064,"Myeloid","RYR2",0.0797740341355481,10457285107.5,0,0
0.455915444113164,0.0881691117736718,-0.190076504718979,0.289005029089833,0.378758275435249,"Myeloid","SMYD3",0.621954169930523,15109189024.5469,0,0
0.463592413903379,0.0728151721932428,-0.121183553513852,0.0901291785819939,0.161339430928516,"Myeloid","LPIN1",0.128117310125253,15363606349.5,0,0
0.442488101446966,0.115023797106067,-0.549431149829178,0.438950793807317,0.426300239752383,"Myeloid","SLC8A1",1.13227116909989,14664202435.3438,0,0
0.48558540163469,0.0288291967306203,-0.0667796379904946,0.0151267133418795,0.0439051333326193,"Myeloid","NRXN1",0.0275286933338276,16092461257,4.695515932944e-214,1.45236084669845e-213
0.219824888800117,0.560350222399766,-1.31313309618632,0.0607237944975841,0.603560942546639,"Myeloid","SPTBN1",0.101515690622159,7285069720.85938,0,0
0.448242217357496,0.103515565285009,-0.225127633119402,0.184380238635243,0.27964583355646,"Myeloid","EHBP1",0.317143725035725,14854895745,0,0
0.615459386672212,0.230918773344424,0.702005279453064,0.525332807415442,0.272829644227047,"Myeloid","TMSB10",1.64316530090103,20396528194.5,0,0
0.501906049648434,0.00381209929686799,-0.0075725528063279,0.0669756434276699,0.0624442503033243,"Myeloid","IL18R1",0.117283656479223,16633332945,0.000657042079006984,0.000818490953138422
0.580150346205097,0.160300692410195,0.3541090099436,0.188087959767281,0.0264110123915415,"Myeloid","CXCR4",0.425580535986966,19226374883,0,0
0.638101303772242,0.276202607544484,0.599729336552306,0.397929198303915,0.113751566346538,"Myeloid","ARHGAP15",0.880776110392063,21146888836.5,0,0
0.786858187814034,0.573716375628069,1.61839286295793,0.784044965979686,0.379512569787528,"Myeloid","ZEB2",2.42693387716303,26076741309.6094,0,0
0.41871276846158,0.162574463076839,-0.465601185770931,0.0124445320974263,0.173507591138801,"Myeloid","SCN7A",0.0187514420603792,13876280015,0,0
0.389582358481077,0.220835283037846,-1.29251797706352,0.287861157676758,0.410160176624219,"Myeloid","TTN",0.696533927398788,12910888567,0,0
0.422762877250391,0.154474245499219,-0.422222347730492,0.113499654866384,0.254489428404002,"Myeloid","TFPI",0.208566555068521,14010501963.5,0,0
0.422808289605212,0.154383420789577,-0.371297268938372,0.012996745883049,0.165886617165781,"Myeloid","MYO1B",0.015855792878819,14012006944,0,0
0.576379802436832,0.152759604873665,0.308685783957092,0.349511882457351,0.198169803439766,"Myeloid","ANKRD44",0.702669055377331,19101417812,0,0
0.42235507229699,0.15528985540602,-0.329776791173173,0.443092397199487,0.523700601752472,"Myeloid","CFLAR",0.821178773911075,13996987172.0938,0,0
0.642706173529994,0.285412347059989,0.54870475695031,0.318962626959866,0.0347357904255108,"Myeloid","NRP2",0.610370725439912,21299495747.5,0,0
0.619665675234776,0.239331350469552,0.480171728844108,0.298530716891825,0.0578909440307471,"Myeloid","DOCK10",0.602554344864689,20535925992.5,0,0
0.621060576453063,0.242121152906126,0.647051506219344,0.402603293560793,0.161161949904451,"Myeloid","PID1",1.06419416096884,20582153481.5,0,0
0.429885189436557,0.140229621126886,-0.392659181782607,0.0312395227295139,0.170051301196008,"Myeloid","COL6A3",0.0694217888536085,14246537751.5,0,0
0.472150135970026,0.0556997280599484,-0.0946089563152683,0.00694211616211419,0.0625268707800444,"Myeloid","CHL1",0.0090329223426316,15647212097,0,0
0.507310679235868,0.0146213584717367,0.0611633184240706,0.195187851296716,0.186705447290431,"Myeloid","PPARG",0.408811480907085,16812444162,6.9622202976312e-16,1.04534206207912e-15
0.772838935956629,0.545677871913259,1.24563677484657,0.568819643033231,0.0306873870662234,"Myeloid","STAB1",1.2967080235955,25612138653.5,0,0
0.452615951468214,0.0947680970635718,-0.216444187368299,0.0189922098412385,0.113108962638714,"Myeloid","CADM2",0.0324151346448918,14999842744,0,0
0.453014444492891,0.0939711110142177,-0.246057762296866,0.0229760378660882,0.115168354521406,"Myeloid","CCDC80",0.0306453904490604,15013048935,0,0
0.33376638416445,0.332467231671101,-0.69462400157104,0.0208460704072577,0.350131810260545,"Myeloid","KALRN",0.0308888710709373,11061128666.5,0,0
0.499074037284254,0.00185192543149282,-0.00679351493656359,0.00167636327778326,0.00352514034005976,"Myeloid","CPA3",0.00260678267843631,16539479116,4.87243881726442e-12,6.99774871154375e-12
0.418547448193907,0.162905103612187,-0.508019068505438,0.0354600138053446,0.193070284015539,"Myeloid","TM4SF1",0.0498724553232114,13870801246.5,0,0
0.46114543863336,0.07770912273328,-0.201942264779824,0.0165072478059363,0.0935432097443202,"Myeloid","KCNAB1",0.0279032165210274,15282512777.5,0,0
0.450152406388161,0.0996951872236778,-0.231361285437709,0.0286756730105512,0.126940242445199,"Myeloid","RARRES1",0.041765625267738,14918200043,0,0
0.453111763087454,0.0937764738250928,-0.185960719774874,0.20599546395819,0.298452702072091,"Myeloid","TNIK",0.412428744525788,15016274105.5,0,0
0.443084435007369,0.113831129985262,-0.293166209764528,0.603786608815699,0.673289564880789,"Myeloid","LPP",1.61260726957566,14683965127.3125,0,0
0.322598086714893,0.354803826570214,-1.43659311671582,0.0196824770732669,0.36824864479468,"Myeloid","FGF12",0.0343414064312214,10691007585,0,0
0.401628175452851,0.196743649094299,-0.537442255450831,0.0207474608026822,0.215240111935446,"Myeloid","LDB2",0.0349515376848261,13310090936.5,0,0
0.791208856536713,0.582417713073427,1.78193767627975,0.718568188541564,0.2588101733347,"Myeloid","RBPJ",2.21956412102449,26220923914,0,0
0.829513237697259,0.659026475394517,1.89612204175008,0.669421161621142,0.0201609263285449,"Myeloid","RBM47",1.92863604929235,27490343809.5,0,0
0.498494865560814,0.00301026887837286,-0.0100077921140051,0.00291884429543438,0.00592113416494413,"Myeloid","KIT",0.00428375427551749,16520285173,4.32170564108272e-18,6.63301784320251e-18
0.251952731832977,0.496094536334047,-1.43556568120878,0.0781579725865299,0.547720210345614,"Myeloid","IGFBP7",0.128154437654227,8349797094.32812,0,0
0.662153234069679,0.324306468139357,0.768597601274595,0.483068730894389,0.210746476007167,"Myeloid","BMP2K",1.11492221616804,21943977783.5,0,0
0.290758385941395,0.41848322811721,-1.43444164673427,0.0597376984518292,0.455468328052253,"Myeloid","SPARCL1",0.0950384392074854,9635829341.57031,0,0
0.497214363137308,0.00557127372538357,-0.0134368452673437,0.00155803175229267,0.00712372110387077,"Myeloid","MMRN1",0.00181060747486692,16477848898,1.72905344655837e-49,3.27829575850856e-49
0.537498937772776,0.0749978755455518,0.138325777234332,0.0870722808401538,0.0122905609165365,"Myeloid","HPGDS",0.157954284702788,17812893062,0,0
0.367330687137061,0.265338625725878,-0.921180474044881,0.345449166748841,0.493836359435794,"Myeloid","PDLIM5",0.660164908518478,12173460798.7812,0,0
0.470785040367756,0.0584299192644878,-0.0926501169308289,0.0425599053347796,0.10037775917967,"Myeloid","SMAD1",0.0548145287441713,15601972376,0,0
0.304757665241296,0.390484669517409,-1.32095799098386,0.0655556651217829,0.434640317874634,"Myeloid","PALLD",0.115448016286536,10099770100.5,0,0
0.456073787050337,0.0878524258993267,-0.152911465927829,0.017453900009861,0.105258487341472,"Myeloid","TENM3",0.0299229772205249,15114436562,0,0
0.727511617792227,0.455023235584454,1.27924151347342,0.575742037274431,0.191573935381607,"Myeloid","ACSL1",1.5919972231592,24109976296.5,0,0
0.303883763169298,0.392232473661405,-1.45232130311936,0.0156592052065871,0.402715153666437,"Myeloid","SORBS2",0.0276409087898076,10070808696,0,0
0.455502006879358,0.0889959862412849,-0.261438178984324,0.00704072576668968,0.0955704714416202,"Myeloid","EGFLAM",0.0100148626804392,15095487577.5,0,0
0.411276808825889,0.177446382348222,-0.550743046616145,0.02538211221773,0.199110758869079,"Myeloid","C7",0.0390527186703958,13629849846.5,0,0
0.372766566176961,0.254466867646078,-0.492131158304576,0.0136672911941623,0.266493877669674,"Myeloid","GHR",0.0181447364583694,12353607633,0,0
0.332766047796512,0.334467904406975,-0.99548429809565,0.0299181540282023,0.356527247162216,"Myeloid","CMYA5",0.0497536966302093,11027977187.5,0,0
0.525570419079252,0.0511408381585039,0.119087661031278,0.387101863721526,0.350087440004529,"Myeloid","FER",0.815541574509311,17417577996.3438,3.57511670690258e-112,8.66927653063034e-112
0.402401837459825,0.19519632508035,-0.544061497833268,0.0133517404595208,0.206433381120609,"Myeloid","PDGFRB",0.0163745403886398,13335730352,0,0
0.715325834674421,0.430651669348841,1.23829975069453,0.589803766886895,0.157378238072434,"Myeloid","CD74",1.68870868003737,23706135402.5,0,0
0.305432039361406,0.389135921277189,-1.31231419765652,0.01725668080071,0.400853132922577,"Myeloid","SGCD",0.0289597841776879,10122119082.5,0,0
0.350357023229978,0.299285953540045,-0.87179746057602,0.0233310324425599,0.317407981444053,"Myeloid","EBF1",0.0392210347657329,11610947947.5,0,0
0.76877328489729,0.53754656979458,1.25380657971202,0.560891430825362,0.026588493415607,"Myeloid","DOCK2",1.30720686320411,25477401629,0,0
0.464353805016258,0.0712923899674835,-0.158182691203199,0.0152844887092003,0.0862389475987277,"Myeloid","GFPT2",0.0267275296685688,15388839103.5,0,0
0.798773729200327,0.597547458400654,2.00721874830474,0.604831870624199,0.0123823614462255,"Myeloid","F13A1",2.02906582399409,26471626303,0,0
0.324776305848349,0.350447388303302,-1.2190653424263,0.0120500936791243,0.358831440457411,"Myeloid","MLIP",0.0219245811386717,10763194489.5,0,0
0.342094895548296,0.315810208903407,-0.76912151806541,0.355290405285475,0.586337633168143,"Myeloid","DST",0.735862292672802,11337138295.9531,0,0
0.413735040214401,0.172529919571199,-0.499804733249477,0.0249087861157677,0.194468712084469,"Myeloid","ADGRB3",0.0434755873538654,13711316450,0,0
0.473688256937874,0.0526234861242519,-0.0747719156375527,0.0229168721033429,0.0761990296684012,"Myeloid","SLC35F1",0.0517643504012776,15698185936,0,0
0.224141579647783,0.551716840704434,-2.1172510105394,0.056661078789074,0.584261411188343,"Myeloid","LAMA2",0.125027579242699,7428126287.20312,0,0
0.725190894125347,0.450381788250695,1.01947232620457,0.502376491470269,0.0632107847262279,"Myeloid","ARHGAP18",1.13020663351537,24033066744.5,0,0
0.435168193038411,0.129663613923178,-0.293751297324738,0.0246326792229563,0.153019242921032,"Myeloid","AKAP12",0.0411089093891644,14421618243,0,0
0.512055294864248,0.0241105897284961,0.0369248854996237,0.122177300069027,0.0984331179590906,"Myeloid","SYTL3",0.201281278817149,16969682297.5,9.77282954332193e-68,2.02065125518885e-67
0.553082241159473,0.106164482318946,0.264259873546526,0.670229760378661,0.577804773933546,"Myeloid","QKI",1.77669420257686,18329328904.5156,0,0
0.618268232868112,0.236536465736224,0.405580341726199,0.265141504782566,0.0251778252760518,"Myeloid","IKZF1",0.469163558267498,20489614289,0,0
0.496459352739088,0.00708129452182449,-0.0159993915147896,0.0180258357163988,0.0250079942961271,"Myeloid","MLXIPL",0.0227053753743777,16452827603,2.96010181360927e-23,4.7471601840545e-23
0.289509127231266,0.420981745537468,-1.23804764807168,0.232758110639976,0.571155355566402,"Myeloid","CD36",0.46792679380035,9594428493.59375,0,0
0.468961185445928,0.0620776291081447,-0.101813302224556,0.0128586924366433,0.0748342617936905,"Myeloid","SEMA3A",0.0192065091634868,15541529219,0,0
0.495204903781462,0.00959019243707682,-0.0206963429261724,0.00976235085297308,0.0192995313582959,"Myeloid","RELN",0.0130836975454945,16411254748.5,1.87270152818838e-53,3.6208166993582e-53
0.722539895866953,0.445079791733907,1.34591745564345,0.642086579232817,0.29852767250467,"Myeloid","NAMPT",1.94943203755404,23945211783,0,0
0.421421508085387,0.157156983829225,-0.27371255936141,0.0280051276994379,0.184168692653357,"Myeloid","PLXNA4",0.0417858061643012,13966048544.5,0,0
0.176804568100946,0.646390863798109,-1.75447594429054,0.0455576373138744,0.675495837610983,"Myeloid","CALD1",0.0829178541785337,5859362024.98438,0,0
0.496083575449662,0.00783284910067683,-0.0149693336518528,0.0192288728922197,0.0270199559051456,"Myeloid","KIAA1549",0.0265458391649338,16440374219,3.48585098734978e-26,5.7333589455738e-26
0.645336080252333,0.290672160504665,1.0566472158469,0.61613253130855,0.330143774929581,"Myeloid","TMSB4X",2.23635478011531,21386651728.5,0,0
0.477840653960709,0.0443186920785811,-0.0865487429909172,0.0127009170693226,0.056876548177683,"Myeloid","GPM6B",0.0197492246304485,15835797750.5,0,0
0.793117705853493,0.586235411706986,1.61678169890575,0.818361108371956,0.430328752996905,"Myeloid","SAT1",2.55536215851045,26284183813.4375,0,0
0.277199396647642,0.445601206704716,-1.65950999018774,0.065595108963613,0.485666112293468,"Myeloid","DMD",0.113855047163306,9186479939.46875,0,0
0.585788902057383,0.171577804114767,0.43231397963053,0.356000394438418,0.184164102626872,"Myeloid","TIMP1",0.900286580597808,19413238494,0,0
0.504023189670761,0.00804637934152264,-0.00557690240238901,0.244709594714525,0.232379270828393,"Myeloid","FLNA",0.4009892260501,16703495667.5,4.51904407456435e-05,5.80393817846039e-05
0.426760184002751,0.146479631994498,-0.380184471504185,0.0215757814811163,0.165698426079918,"Myeloid","F8",0.0297578015690162,14142974035,0,0
0.871257688579701,0.742515377159402,2.1691801165104,0.78483384281629,0.12642615947894,"Myeloid","CTSB",2.35751402258783,28873768756.5,0,0
0.222308200602519,0.555383598794962,-1.52990965568274,0.0517503204812149,0.592702469893251,"Myeloid","DLC1",0.0915872042713827,7367367497.59375,0,0
0.773376201264815,0.54675240252963,1.32861750703322,0.551306577260625,0.00671061872027002,"Myeloid","MSR1",1.33866024963963,25629943804,0,0
0.235757011091932,0.528485977816137,-1.27538106776427,0.032698944877231,0.553875435861265,"Myeloid","RBPMS",0.0588974482084479,7813065537.57812,0,0
0.494668308397169,0.0106633832056622,-0.0335324091874455,0.00919041514643526,0.0197952542186168,"Myeloid","XKR4",0.0158678702141658,16393471799.5,2.80451719594372e-64,5.69833373961246e-64
0.482371687492999,0.0352566250140022,-0.25233896759134,0.169214081451533,0.186252564677298,"Myeloid","FABP5",0.352911099075428,15985957704.5,3.49798563548431e-85,7.72689364256235e-85
0.241028618264763,0.517942763470475,-1.34061894065844,0.0258357163987772,0.535437299473218,"Myeloid","ZFPM2",0.0447039946199257,7987768347.64062,0,0
0.491409819431996,0.0171803611360086,-0.0546783859538494,0.00485159254511389,0.0219632767281067,"Myeloid","PKHD1L1",0.00726497818734604,16285484394.5,8.89897152068072e-151,2.39682958284491e-150
0.200466917020244,0.599066165959512,-1.44818310049489,0.0315156296223252,0.62018295845567,"Myeloid","NFIB",0.0525324556250088,6643540115.90625,0,0
0.537075501726749,0.0741510034534987,0.169282108635271,0.251592545113894,0.176768039951591,"Myeloid","BNC2",0.578543087996917,17798860251,0,0
0.498421980955278,0.00315603808944442,-0.0102713720998764,0.00201163593333991,0.00516377979500942,"Myeloid","CCL21",0.00334101649172983,16517869753,1.54977526164399e-22,2.46898615179321e-22
0.432372661585544,0.135254676828912,-0.372768975086542,0.109279163790553,0.235280167566567,"Myeloid","FRMD3",0.180635324973588,14328973403.5,0,0
0.374810634004162,0.250378731991676,-0.760366978504644,0.229582881372646,0.424026646633751,"Myeloid","GSN",0.393367567887773,12421348718.7188,0,0
0.455890812825361,0.0882183743492775,-0.293918457002637,0.241573809289025,0.296996133667691,"Myeloid","STOM",0.370872697090062,15108372735.5,0,0
0.488461467269525,0.0230770654609491,-0.179732938062353,0.301370673503599,0.279762114227399,"Myeloid","ENG",0.519868023161748,16187775026,7.91174081292296e-28,1.31491534582617e-27
0.45134253427857,0.097314931442861,-0.310903659395286,0.0674884133714624,0.156914645397504,"Myeloid","EGFL7",0.0983710104951457,14957641276,0,0
0.481446444429073,0.0371071111418544,-0.290650727051898,0.341800611379548,0.321656815959828,"Myeloid","IFITM3",0.761824083692863,15955294842.5,3.10781978737074e-63,6.28559050243151e-63
0.492236695737437,0.0155266085251252,-0.0363734690641851,0.0843506557538704,0.0986733293451103,"Myeloid","PNPLA2",0.112776580894761,16312887349.5,9.67208275512187e-30,1.62853462221039e-29
0.501036697033019,0.00207339406603779,0.0169036252218814,0.197357262597377,0.199571291526352,"Myeloid","PDE3B",0.396813203067012,16604522311,0.264232652780098,0.291072396845326
0.435900322962534,0.128199354074931,-0.419022871363276,0.16540775071492,0.268510429305177,"Myeloid","CD59",0.23894211899967,14445881271.5,0,0
0.326304532527769,0.347390934944462,-1.22820260548553,0.019288038654965,0.360350739223765,"Myeloid","MYBPC3",0.0292853307388171,10813840428.5,0,0
0.789514122999201,0.579028245998403,1.40203584158677,0.581323340893403,0.0034272197750581,"Myeloid","MS4A6A",1.40722867178245,26164759882.5,0,0
0.463395070676157,0.0732098586476865,-0.156164166367853,0.201577753673208,0.268017766462512,"Myeloid","TMEM135",0.341262228531486,15357066329.5,3.64770128996661e-276,1.26837739622689e-275
0.44861655203915,0.1027668959217,-0.292445179739921,0.00865792328172764,0.110732858928596,"Myeloid","GUCY1A2",0.0111820203025034,14867301320.5,0,0
0.461206640480134,0.0775867190397314,-0.167031439894028,0.219919140124248,0.288786106295833,"Myeloid","SIK2",0.375033531176902,15284541027,4.79949924801591e-294,1.71911288907985e-293
0.461144983432725,0.0777100331345492,-0.233643835391109,0.0434079479341288,0.118213072089426,"Myeloid","TAGLN",0.0574986713533042,15282497692,0,0
0.442229682130802,0.115540635738396,-0.234464483273612,0.00930874667192585,0.124128086219057,"Myeloid","MCAM",0.00970714597043628,14655638333.5,0,0
0.459101410824429,0.0817971783511411,-0.164467997133767,0.0184202741347007,0.0997718756837227,"Myeloid","NTM",0.0287298029446015,15214773018,0,0
0.482499063858569,0.035001872282862,-0.0768851190330074,0.00623212700917069,0.0411006271506187,"Myeloid","ITGA8",0.00740079531850693,15990178999.5,0,0
0.792300835575328,0.584601671150657,1.68124753718712,0.588837392762055,0.00750928332856481,"Myeloid","MRC1",1.6925523974111,26257112461.5,0,0
0.316697671005852,0.366604657988297,-1.15868875492263,0.0189527659994083,0.380110803239335,"Myeloid","NEBL",0.0336771505497402,10495465851.5,0,0
0.310582105999201,0.378835788001599,-1.01999906601569,0.121644808204319,0.464955912795617,"Myeloid","SVIL",0.21021091972634,10292793998.9219,0,0
0.556630181659387,0.113260363318775,0.294385819608246,0.527758603687999,0.488704709826176,"Myeloid","NRP1",1.39736070637582,18446908829.375,0,0
0.189073141416918,0.621853717166164,-2.08030860984856,0.0496400749432995,0.660028978367205,"Myeloid","PRKG1",0.12975775955011,6265946613.60938,0,0
0.413524254650372,0.172951490699256,-0.487172753257015,0.0235085297307958,0.193515516584531,"Myeloid","BICC1",0.0388120431088139,13704330946.5,0,0
0.34655678562792,0.30688642874416,-0.746560212890274,0.0731091608322651,0.374619601555101,"Myeloid","ANK3",0.159301243998752,11485006813,0,0
0.31556283082406,0.36887433835188,-1.36724567164371,0.0204910758307859,0.382705698211879,"Myeloid","CTNNA3",0.0372996149681017,10457856871.5,0,0
0.705140668316039,0.410281336632077,1.20413395371959,0.626782368602702,0.342486356146275,"Myeloid","LRMDA",1.97732230325874,23368595611.4219,0,0
0.314584307001861,0.370831385996279,-1.21109192938137,0.0153436544719456,0.381102248959977,"Myeloid","LDB3",0.0240967316696931,10425428267.5,0,0
0.434866286403795,0.130267427192409,-0.367388399592302,0.0206291292771916,0.148748988281662,"Myeloid","ACTA2",0.0271241883509978,14411612957,0,0
0.27862559645933,0.442748807081341,-1.36324783437646,0.0316339611478158,0.463506994435358,"Myeloid","SORBS1",0.0537629138639265,9233744674.23438,0,0
0.475030898132996,0.0499382037340085,-0.101163699853374,0.0297406567399665,0.0793707379691581,"Myeloid","SORCS1",0.0511397671584081,15742681510.5,0,0
0.329968908303009,0.340062183393982,-1.08698992734201,0.0096242974065674,0.346972342030413,"Myeloid","RBM20",0.0159923300146337,10935279057,0,0
0.48364439515444,0.032711209691121,-0.0621463458163572,0.0142983926634454,0.04689171056517,"Myeloid","GPAM",0.0180046378977869,16028135658.5,4.55661608814943e-259,1.53502529733144e-258
0.248133410640501,0.503733178718998,-1.55797336271521,0.0323439503007593,0.524102994074276,"Myeloid","ABLIM1",0.0555896208883369,8223223523.3125,0,0
0.670195227501564,0.340390455003128,0.709608021698291,0.515294349669658,0.204768731515581,"Myeloid","PTPRE",1.05965473615716,22210492113,0,0
0.247990461364338,0.504019077271324,-1.8424291352413,0.0239424119909279,0.518777033343482,"Myeloid","CACNA1C",0.0490302976173616,8218486136.89062,0,0
0.41734250978485,0.165314980430301,-0.540674418986374,0.0245932353811261,0.186254094686126,"Myeloid","VWF",0.0365750671947467,13830869188,0,0
0.869429309397175,0.738858618794351,2.27246873636282,0.741307563356671,0.00621336585112096,"Myeloid","CD163",2.28168027680152,28813175664,0,0
0.517091063342287,0.0341821266845737,0.0404571227244938,0.0599151957400651,0.0248473433691712,"Myeloid","CD69",0.113194971814195,17136569335,0,0
0.382530464419397,0.234939071161206,-0.712785109246715,0.0415343654471946,0.268239617742594,"Myeloid","MGP",0.0605751617736861,12677186459,0,0
0.54410410170954,0.0882082034190794,0.129696076998309,0.384399960556158,0.267408822948908,"Myeloid","EPS8",0.813760376095957,18031790385.5,0,0
0.460516719518026,0.0789665609639476,-0.2573723639625,0.0757124543930579,0.147255699665387,"Myeloid","MGST1",0.120732112380341,15261676817.5,0,0
0.355176565854437,0.289646868291125,-0.621794023955145,0.0130361897248792,0.300415703398609,"Myeloid","ABCC9",0.0157737432142837,11770669188.5,0,0
0.390106669996149,0.219786660007703,-0.590079521704428,0.0959274233310325,0.304834368894309,"Myeloid","SOX5",0.189849822810621,12928264424.5,0,0
0.279624349873133,0.440751300253735,-0.99934573282162,0.0502908983334977,0.477751376625443,"Myeloid","PPFIBP1",0.0758880313925888,9266843693.60938,0,0
0.39931099167209,0.20137801665582,-0.70729746490228,0.0346711369687408,0.230102617692104,"Myeloid","DCN",0.0597238702117127,13233298697.5,0,0
0.536671062141185,0.0733421242823709,0.190026958248929,0.34107090030569,0.279502012726613,"Myeloid","BTG1",0.760639858690479,17785456989,6.48535939812448e-263,2.20247107057016e-262
0.495098336546807,0.00980332690638552,-0.0534913746734735,0.108786115767676,0.114388050019049,"Myeloid","ELK3",0.15735458715237,16407723075,2.4671643245074e-11,3.5132356147497e-11
0.34211870821122,0.31576258357756,-0.695630905293431,0.0336455970811557,0.342949948821205,"Myeloid","ACACB",0.0478575740367826,11337927455.5,0,0
0.43648613847887,0.127027723042261,-0.393011018971627,0.0698353219603589,0.18865926856398,"Myeloid","FLT1",0.118653360006106,14465295392,0,0
0.567151141593071,0.134302283186143,0.367957474496361,0.480662656542747,0.423555403914681,"Myeloid","STARD13",1.27259913787154,18795576930.9062,0,0
0.237919401278111,0.524161197443778,-1.31215139129701,0.0973276797160044,0.59422635868609,"Myeloid","LHFPL6",0.175388326814586,7884727865.51562,0,0
0.673853498328848,0.347706996657695,0.910912002139686,0.50357952864609,0.141756847937013,"Myeloid","RNASE1",1.32684765569913,22331728421.5,0,0
0.443376269343494,0.113247461313012,-0.244385539665958,0.00903263977911449,0.121840723020972,"Myeloid","RHOJ",0.0133142323326303,14693636614,0,0
0.469705871943242,0.0605882561135159,-0.137257550133569,0.0206488511981067,0.0808640265854334,"Myeloid","NRXN3",0.0332383691983173,15566208376.5,0,0
0.789074028580358,0.578148057160715,1.78125039440793,0.593610097623509,0.0294985702067501,"Myeloid","FMN1",1.8271396169559,26150175007.5,0,0
0.432421727389016,0.135156545221967,-0.24058333666131,0.0183808302928705,0.153317594642521,"Myeloid","FRMD5",0.0308731533594382,14330599460.5,0,0
0.627438690942093,0.254877381884186,0.84311001611557,0.674391085691746,0.385453594067238,"Myeloid","B2M",2.24376247980707,20793526311,0,0
0.420358221004653,0.159283557990693,-0.432638454274475,0.0212996745883049,0.177825276051843,"Myeloid","FBN1",0.0305210041073437,13930810858,0,0
0.31968869707599,0.360622605848021,-0.937020542564675,0.107011142885317,0.442437242862891,"Myeloid","RORA",0.176011744478663,10594589447.4531,0,0
0.276743072597635,0.446513854804729,-1.22560813313138,0.159353120993985,0.547131156946776,"Myeloid","TPM1",0.27372998417666,9171357209.10938,0,0
0.483107788228319,0.0337844235433618,-0.0673854492295034,0.00560102553988759,0.0392783866362909,"Myeloid","NTRK3",0.00623342172349818,16010352327,0,0
0.495849137813947,0.0083017243721063,-0.0196323662663694,0.00287940045360418,0.0111583543837048,"Myeloid","PLIN1",0.00222117253508754,16432604878,1.88432597810471e-69,3.92789077126052e-69
0.528218388691319,0.0564367773826373,0.0979614152835513,0.0941130066068435,0.037465326174932,"Myeloid","MCTP2",0.169075599095969,17505332587.5,0,0
0.43765512587475,0.124689748250499,-0.402535994605894,0.0284587318804852,0.149631803375505,"Myeloid","SLC9A3R2",0.0380827291635841,14504036022,0,0
0.47843337627274,0.0431332474545206,-0.108991631995661,0.0151858791046248,0.0579353142867634,"Myeloid","MYH11",0.0214946129621475,15855440764.5,0,0
0.49462313089214,0.0107537382157198,-0.01840896363481,0.00865792328172764,0.0194173420380636,"Myeloid","HP",0.0139254833776192,16391974602,1.21777505222131e-66,2.50495844659211e-66
0.577308385235176,0.154616770470353,0.328006424037968,0.465279558228971,0.313113246663433,"Myeloid","ZFHX3",1.01423113431503,19132191353.9062,0,0
0.49854337960457,0.00291324079086075,-0.00609405015734867,0.000315550734641554,0.00322831862739848,"Myeloid","KRT19",0.000374609754329869,16521892944.5,1.05380241921807e-30,1.7856040222502e-30
0.539976541900422,0.0799530838008446,0.0436159425799586,0.264766788285179,0.158461484322765,"Myeloid","PECAM1",0.442262862806022,17895001684.5,0,0
0.508365204243759,0.0167304084875188,0.0491851518202383,0.217631397298097,0.205386855082154,"Myeloid","PRKCA",0.417417970432236,16847391470.5,6.1036543766004e-19,9.43706091481751e-19
0.375063200842309,0.249873598315382,-0.62706169916027,0.0157972586529928,0.263346649510168,"Myeloid","ABCA8",0.0212432285783422,12429718867.5,0,0
0.455031925932004,0.0899361481359925,-0.268341585517601,0.0783157479538507,0.162918400039168,"Myeloid","ABCA9",0.144665021248946,15079908939,0,0
0.467590986032333,0.0648180279353333,-0.236545722442938,0.120974262893206,0.176939400940343,"Myeloid","ABCA6",0.250232962328481,15496120356,5.4130964760832e-299,1.94960030951665e-298
0.498404865993789,0.00319026801242195,-0.0213990789076894,0.0248298984321073,0.0277482401073454,"Myeloid","FASN",0.0299527674148456,16517302557.5,2.35444648764883e-05,3.03828484323499e-05
0.324101667714586,0.351796664570827,-1.14630595216859,0.01725668080071,0.363758068884057,"Myeloid","MYOM1",0.0259239100178693,10740836758,0,0
0.368292061186054,0.263415877627892,-0.673320091591224,0.33704762843901,0.5363874349555,"Myeloid","PTPRM",0.716082274820032,12205321053.6094,0,0
0.509279990215596,0.0185599804311916,0.0396961563954563,0.188502120106498,0.17096777648407,"Myeloid","BCL2",0.369904178338455,16877707781,2.99203004799317e-26,4.9239051770936e-26
0.429188235035483,0.141623529929034,-0.454448501471328,0.0222068829503994,0.161934604362667,"Myeloid","CDH19",0.0452096528774008,14223440451.5,0,0
0.371558737044533,0.256882525910935,-0.526520020270139,0.149689379745587,0.382739358406098,"Myeloid","DSTN",0.214829735270445,12313579774.9688,0,0
0.476355521146941,0.0472889577061174,-0.0978008375726924,0.0160141997830589,0.0631602944348989,"Myeloid","SLC24A3",0.0281846408500157,15786579956.5,0,0
0.537971452567227,0.0759429051344538,0.143338356352173,0.308332511586629,0.238057133589661,"Myeloid","RALGAPA2",0.574804825149921,17828552359,0,0
0.417862494004664,0.164275011990673,-0.493124763694309,0.0295237156099004,0.189483943322353,"Myeloid","ID1",0.040022248184659,13848101637.5,0,0
0.334397432480976,0.331205135038049,-0.6963235983287,0.0366827729020807,0.36224183013536,"Myeloid","MYL9",0.0529397910246379,11082041817,0,0
0.495898032421185,0.00820393515763085,-0.0167120467892108,0.0013805344640568,0.00957938527305303,"Myeloid","SLPI",0.00171795282047202,16434225261.5,2.68983808988966e-79,5.81055175262317e-79
0.42689186020459,0.146216279590821,-0.381805970838139,0.020510797751701,0.16487834134803,"Myeloid","TSHZ2",0.0338630582653027,14147337828,0,0
0.529051659335302,0.0581033186706048,-0.0419444402327153,0.248930085790356,0.165981477713126,"Myeloid","CFD",0.463665513754555,17532947453,9.21183760067262e-242,3.01223326815905e-241
0.468736166530075,0.0625276669398498,-0.085634738404775,0.00603490780001972,0.0684403549008478,"Myeloid","PLIN4",0.00614288808792851,15534072017.5,0,0
0.454596149680567,0.0908077006388668,-0.242529143519265,0.0242776846464846,0.113465454695674,"Myeloid","C3",0.0369860520954301,15065467169.5,0,0
0.457793791774291,0.0844124164514188,-0.137904931731468,0.00804654373335963,0.0923436828230499,"Myeloid","ZNF536",0.011583197915644,15171438089,0,0
0.501263358660253,0.00252671732050591,0.00160206743475841,0.00767182723597278,0.00513470962727455,"Myeloid","HAS1",0.0114308407307056,16612033952.5,4.83085097513824e-14,7.10250833743507e-14
0.240533739490178,0.518932521019644,-1.34425292558152,0.0605462972093482,0.563069258909624,"Myeloid","TIMP3",0.107429420198067,7971367900.92188,0,0
0.441294917074058,0.117410165851884,-0.309671674088931,0.0159747559412287,0.132116262310834,"Myeloid","NCAM2",0.0254000611074694,14624659909.5,0,0
0.48076606935014,0.0384678612997197,-0.0697503554495081,0.358761463366532,0.399563335480446,"Myeloid","APP",0.740036194512161,15932746986.7344,3.61171358524684e-60,7.202978107051e-60
0.372939578808811,0.254120842382378,-0.620004148653541,0.0238240804654373,0.273721639373859,"Myeloid","COL6A2",0.0334079776877565,12359341329,0,0
0.489345971720401,0.0213080565591974,-0.0754666837349898,0.163097432988229,0.182667498512001,"Neuronal","KAZN",0.441030405929479,2405759120,4.68709393302237e-06,9.22851854090442e-06
0.493790467857104,0.0124190642857911,-0.0924235841148898,0.0999858176145228,0.109033410063894,"Neuronal","PLA2G2A",0.230610904741813,2427609483,0.000890925766760223,0.00149366821553366
0.428662417984047,0.142675164031906,-0.416476920982023,0.142958445610552,0.27723540505848,"Neuronal","PLA2G5",0.337461018123125,2107422112.5,1.82255849254377e-151,3.51191467950558e-150
0.465110343909916,0.0697793121801674,-0.191606817804098,0.483761168628563,0.581839955826144,"Neuronal","NFIA",1.25034673748313,2286610121.125,9.45456958091602e-26,4.14832783904068e-25
0.793882744641174,0.587765489282347,2.00025864811253,0.742731527442916,0.178155454682357,"Neuronal","NEGR1",2.55301256188209,3902945489.5,0,0
0.5672998604607,0.134599720921401,0.307513617523727,0.257268472557084,0.118248248463596,"Neuronal","ST6GALNAC3",0.628661447978785,2789001835,1.10006077619764e-261,3.75470356402961e-260
0.361408023963479,0.277183952073042,-0.867303070220106,0.112608140689264,0.372196286814534,"Neuronal","NEXN",0.264601492334353,1776781050.5,0,0
0.475451991722037,0.0490960165559267,-0.126240754311969,0.0357396114026379,0.0836434825635179,"Neuronal","VAV3",0.0598234029933935,2337452500.5,8.5239778019844e-50,6.27872425966329e-49
0.478135559231015,0.0437288815379704,-0.146343282566146,0.391717486881293,0.393226197391161,"Neuronal","PDE4DIP",0.968986710987378,2350645655,6.92888372752841e-13,1.95782929904108e-12
0.498933430384058,0.00213313923188496,-0.00620526008816983,0.00184371011204085,0.00397708122682845,"Neuronal","ITLN1",0.00481819033839755,2452893698.5,0.00452176146496367,0.00716291265703725
0.456923947347655,0.0861521053046896,-0.280151569193201,0.0660899163239257,0.148305115131697,"Neuronal","RGS5",0.1439747377665,2246363548.5,7.41763311902682e-91,8.76186146829648e-90
0.491140820240144,0.0177183595197119,-0.043049003851401,0.0114877322365622,0.029126060423524,"Neuronal","CD247",0.0209852188249836,2414583088,1.06610617427826e-18,3.77640022956329e-18
0.499439515937769,0.00112096812446194,-0.00388201358739847,0.00425471564317118,0.00537257348564708,"Neuronal","PRG4",0.00813094230223668,2455381754,0.199664384667424,0.255949424467769
0.491629354292187,0.0167412914156251,-0.0620355888932894,0.0971493405190753,0.111815789284972,"Neuronal","KCNT2",0.204446896149068,2416984855.5,9.39748088707676e-06,1.8163787684723e-05
0.471092621934651,0.057814756130699,-0.156049376536435,0.023968231456531,0.0813946317291626,"Neuronal","PTPRC",0.0531270147494314,2316020642,4.09464888599633e-70,3.9689023764539e-69
0.368314009590305,0.263371980819391,-0.874815885854033,0.116721032477663,0.355556511699618,"Neuronal","TNNT2",0.272926059203294,1810732771.5,0,0
0.500535162347561,0.00107032469512269,0.0012087480380439,0.0619770245355269,0.0608953811070714,"Neuronal","LMOD1",0.118437745814544,2460768252.5,0.708652172732633,0.772277833436491
0.458782362598734,0.0824352748025311,-0.145571614975611,0.0272301801162956,0.109412043112536,"Neuronal","G0S2",0.0425263745479902,2255500028,4.08068920822879e-108,5.71296489152031e-107
0.36267559618841,0.27464880762318,-1.51471674158477,0.131470713373989,0.36847449605232,"Neuronal","RYR2",0.386384784484951,1783012783.5,0,0
0.536037834897683,0.0720756697953659,0.224884281730185,0.396397674088782,0.3720528652052,"Neuronal","SMYD3",1.02097920175059,2635309136.0625,2.71549126788713e-33,1.45719781261512e-32
0.486827546027818,0.0263449079443641,-0.0110019273749147,0.125372287618777,0.156524607562621,"Neuronal","LPIN1",0.229684607216461,2393377848,1.60314503677765e-09,3.85823864276142e-09
0.333933853605951,0.332132292788098,-1.31641296247081,0.135158133598071,0.430164432875101,"Neuronal","SLC8A1",0.338912834862635,1641710487.5,0,0
0.948646739058861,0.897293478117723,3.79320589346137,0.90199971635229,0.0331346944044059,"Neuronal","NRXN1",3.84473113884015,4663807768,0,0
0.55064854036771,0.10129708073542,0.213166892395901,0.586299815628989,0.564259334953997,"Neuronal","SPTBN1",1.53114403347529,2707139374.71875,7.13025975133002e-53,5.48376134237661e-52
0.823114154552511,0.646228309105023,1.89903629437105,0.762303219401503,0.267836986998831,"Neuronal","EHBP1",2.40608779958234,4046655124.5,0,0
0.479586926726312,0.0408261465473766,-0.29476649327356,0.28449865267338,0.291074156143106,"Neuronal","TMSB10",0.699884640205054,2357780976,1.78175906997967e-13,5.16889157313159e-13
0.482380771946706,0.0352384561065889,-0.0793341971467684,0.0283647709544745,0.0631184160517465,"Neuronal","IL18R1",0.0457710823223937,2371516286,7.3464260766902e-34,4.00078095431873e-33
0.48662573416784,0.0267485316643208,-0.076783774222095,0.0117713799461069,0.0383165171496389,"Neuronal","CXCR4",0.020950146810352,2392385685.5,1.64877658012183e-31,8.46596301140109e-31
0.635867815493081,0.271735630986162,0.690055006523643,0.399375975039002,0.131529089487913,"Neuronal","ARHGAP15",1.00737019330183,3126100723.5,0,0
0.657271800496262,0.314543600992524,0.839102172434456,0.627712381222522,0.406420985449878,"Neuronal","ZEB2",1.75575696365724,3231328589.0625,0,0
0.836911157052877,0.673822314105755,2.16758535473875,0.785136860019855,0.155609577695071,"Neuronal","SCN7A",2.59671694984976,4114484976,0,0
0.372814469038308,0.254371061923384,-1.32000611350365,0.202666288469721,0.403364670954973,"Neuronal","TTN",0.58920753982463,1832858265.5,0,0
0.459244529632392,0.0815109407352163,-0.235204513632518,0.176003403772515,0.245030082682558,"Neuronal","TFPI",0.367541695304749,2257772168,3.64295292358917e-55,2.91634940410239e-54
0.457397783583278,0.0852044328334437,-0.231002149233231,0.0750248191745852,0.155687025364112,"Neuronal","MYO1B",0.131732440993497,2248693057.5,2.11753202186309e-85,2.37692632052599e-84
0.545587143420884,0.0911742868417684,0.226011999230923,0.289178839880868,0.208255347833258,"Neuronal","ANKRD44",0.639956057122996,2682256158,6.45737116259493e-77,6.74538676842361e-76
0.369831553599256,0.260336892801487,-0.564723008535873,0.273010920436817,0.520373756713924,"Neuronal","CFLAR",0.568144323386113,1818193434.40625,0,0
0.497280767171647,0.00543846565670658,-0.012432426358796,0.0499219968798752,0.0552517407797833,"Neuronal","NRP2",0.0888613914149437,2444768752.5,0.0467442115209655,0.0662849479313401
0.48558369827151,0.0288326034569801,-0.072464805210886,0.0473691674939725,0.0754971351533536,"Neuronal","DOCK10",0.0852127107559991,2387262751,7.20885912749175e-20,2.65945594791338e-19
0.468039466132373,0.0639210677352546,-0.187799967347839,0.118990214154021,0.179146498002854,"Neuronal","PID1",0.277806577857694,2301010490,1.17518527884988e-43,7.83991027693338e-43
0.482743017586531,0.0345139648269375,-0.13906853037287,0.13388171890512,0.160322411777783,"Neuronal","COL6A3",0.296135656063764,2373297185,5.08304863123249e-15,1.57139990333977e-14
0.832351994414014,0.664703988828028,1.9147921580721,0.687420224081691,0.0521653077469182,"Neuronal","CHL1",1.99245299092464,4092070881,0,0
0.47221997945011,0.05556004109978,-0.090136534892525,0.129343355552404,0.187902387252687,"Neuronal","PPARG",0.262817406365634,2321563041,3.35357484073527e-32,1.74639740079922e-31
0.472750546142969,0.0544989077140616,-0.115521515951319,0.0157424478797334,0.0699725347618126,"Neuronal","STAB1",0.026384488181096,2324171452.5,1.22069120953895e-71,1.20712035836047e-70
0.872481177538481,0.744962355076962,2.5394266819006,0.785562331584172,0.099464320289138,"Neuronal","CADM2",2.7472800915494,4289356960.5,0,0
0.490894947882685,0.0182101042346294,-0.0755634160306826,0.0934619202949936,0.10868346133712,"Neuronal","CCDC80",0.184181581066439,2413374312,1.05794240109577e-06,2.17643751525509e-06
0.38429576276131,0.23140847447738,-0.480994802004434,0.0975748120833924,0.328739539186369,"Neuronal","KALRN",0.199324834198992,1889303457,0,0
0.500076328834035,0.000152657668070155,-0.000704104349364855,0.00354559636930932,0.00339048684465288,"Neuronal","CPA3",0.0082141508642994,2458512501,0.826366764440886,0.87050490192792
0.425416602373827,0.149166795252347,-0.458617343339393,0.038434264643313,0.183172342576856,"Neuronal","TM4SF1",0.0672913267165785,2091464792,3.91347099171088e-226,1.13736057930713e-224
0.478102904931471,0.0437941901370582,-0.122034026648456,0.0455254573819316,0.0884265932348027,"Neuronal","KCNAB1",0.0944945813295843,2350485117.5,4.64019562939835e-38,2.77686460839157e-37
0.481861302986501,0.0362773940269989,-0.0948486112668945,0.0849524890086513,0.120218861375843,"Neuronal","RARRES1",0.162571272251012,2368962434,1.32398287322425e-20,4.99849654088433e-20
0.395663289342024,0.208673421315951,-0.427089983021264,0.0899163239256843,0.29383789055497,"Neuronal","TNIK",0.162187223328335,1945189338,0,0
0.505125068317865,0.010250136635729,0.0103663737567961,0.648844135583605,0.668482384240834,"Neuronal","LPP",1.89492989880579,2483333490.15625,0.13075292241556,0.173379044540193
0.358037686624331,0.283924626751338,-1.17798986240324,0.0804141256559353,0.345811013345381,"Neuronal","FGF12",0.201312097924659,1760211547,0,0
0.434177297701926,0.131645404596148,-0.388098593890006,0.0770103531413984,0.202494101786316,"Neuronal","LDB2",0.14948806364199,2134534775,5.72149792117785e-163,1.1785616536583e-161
0.466866936607046,0.0662661267859088,-0.131760459815975,0.219685151042405,0.292640320117032,"Neuronal","RBPJ",0.43547369656979,2295246013,7.27793068689473e-33,3.85384591874895e-32
0.479011700301734,0.0419765993965314,-0.119870083262701,0.0259537654233442,0.0673178007730425,"Neuronal","RBM47",0.0503531716471767,2354953005,1.09148470716095e-44,7.42209600869446e-44
0.499265735059409,0.00146852988118196,-0.00475026311026269,0.00425471564317118,0.00571965378023507,"Neuronal","KIT",0.00886834037748255,2454527399.5,0.103301560600458,0.139178938593579
0.559360558373506,0.118721116747011,0.349182025813541,0.614806410438236,0.512894319787162,"Neuronal","IGFBP7",1.80605439837428,2749970046.64062,1.69662044562074e-74,1.72821742557967e-73
0.524921760598317,0.0498435211966333,0.147799206065966,0.262090483619345,0.230031050778421,"Neuronal","BMP2K",0.547978463284029,2580659463.5,1.39236129840656e-22,5.58212319315646e-22
0.481440426744762,0.0371191465104768,-0.15104106244489,0.46801872074883,0.426563116264728,"Neuronal","SPARCL1",1.27668014205162,2366893290.86719,2.49798852837721e-09,5.95890206715149e-09
0.498036466635495,0.003927066729011,-0.00871025358598489,0.00283647709544745,0.00676232888009236,"Neuronal","MMRN1",0.00565703053217297,2448483978.5,5.94411517719587e-05,0.00010900432788502
0.494231158567561,0.0115376828648783,-0.0183064619818266,0.0062402496099844,0.0177900164217743,"Neuronal","HPGDS",0.011463928158263,2429776039.5,2.5668908333626e-13,7.38814861205786e-13
0.350521939660455,0.298956120679089,-0.958537206275683,0.241809672386895,0.485594016450459,"Neuronal","PDLIM5",0.566085136408142,1723262071.89062,0,0
0.48016816135894,0.0396636772821205,-0.047954150301955,0.0560204226350872,0.0966217039921405,"Neuronal","SMAD1",0.0933203431285364,2360638485,3.30470620121372e-29,1.60293268013704e-28
0.384411988269178,0.231176023461644,-0.799956036792921,0.223230747411715,0.409937683310744,"Neuronal","PALLD",0.549357774983801,1889874853.5,0,0
0.75011530311226,0.500230606224521,1.36104043963,0.5600624024961,0.0942738922473449,"Neuronal","TENM3",1.51924025185655,3687772733,0,0
0.440066614404939,0.119866771190122,-0.227696300190254,0.10041128917884,0.220433276681798,"Neuronal","ACSL1",0.179436528708625,2163488272.5,6.99715510531175e-127,1.13266448267234e-125
0.496013232773885,0.00797353445222959,-0.081024059512895,0.465324067508155,0.373934556719661,"Neuronal","SORBS2",1.29519107583891,2438537205.46875,0.184396604516274,0.237988641267816
0.492309476507373,0.0153810469852538,-0.0836743864079944,0.0767267054318536,0.0893229782931394,"Neuronal","EGFLAM",0.169794406067738,2420328523,6.73100279254984e-06,1.31484495543908e-05
0.484673791795671,0.030652416408657,-0.135479525723338,0.164090199971635,0.186831027830963,"Neuronal","C7",0.416022453935005,2382789401,6.70758365529517e-11,1.73420380706193e-10
0.4397475426156,0.1205049147688,-0.227664619870341,0.127074173876046,0.249517744838615,"Neuronal","GHR",0.249460089670585,2161919628,5.56560723206506e-117,8.42832971376868e-116
0.379681408432016,0.240637183135967,-0.726523594208176,0.115728265494256,0.335210722199514,"Neuronal","CMYA5",0.254319155518169,1866618024.5,0,0
0.552520751001999,0.105041502003999,0.275265774414827,0.414692951354418,0.352125866804351,"Neuronal","FER",0.977537470298542,2716343676.10938,6.45842878427038e-71,6.32624292261234e-70
0.46115386982679,0.0776922603464191,-0.269827123524221,0.125655935328322,0.193208986798041,"Neuronal","PDGFRB",0.254141169318377,2267159008.5,5.27477316971368e-60,4.50530092458765e-59
0.431284623073106,0.137430753853788,-0.42850090836202,0.0581477804566728,0.189828539466041,"Neuronal","CD74",0.115347922334546,2120313592.5,9.58671134212793e-187,2.27855816676865e-185
0.359278208793344,0.281443582413313,-0.976407390425376,0.125372287618777,0.375743103213361,"Neuronal","SGCD",0.280163223957813,1766310294.5,0,0
0.451115401253521,0.0977691974929585,-0.306454164636522,0.215572259254006,0.297051968820142,"Neuronal","EBF1",0.544868291080336,2217807141.48438,8.55029767388595e-69,8.18412188219997e-68
0.477490041267519,0.0450199174649625,-0.108461141848863,0.0209899305063112,0.0655006489827822,"Neuronal","DOCK2",0.0362913886181823,2347472111.5,1.91974574763648e-52,1.46619957100493e-51
0.494377036203305,0.01124592759339,-0.0442442206905816,0.0713373989505035,0.0812296968784287,"Neuronal","GFPT2",0.129720762160001,2430493214,0.00058787574500225,0.00100122498994098
0.484562457186394,0.0308750856272113,-0.112741184241961,0.0249609984399376,0.055339227961477,"Neuronal","F13A1",0.0547420511343422,2382242049.5,1.23288834490173e-29,6.04499708530327e-29
0.364759078205213,0.270481843589574,-0.949039332400141,0.0808395972202524,0.336424069014478,"Neuronal","MLIP",0.213686577376636,1793255753,0,0
0.782195111760638,0.564390223521276,1.36585435378454,0.852503191036732,0.566843792354194,"Neuronal","DST",2.80179198845184,3845485878.0625,0,0
0.838339539257155,0.676679078514309,2.31334465723603,0.782867678343497,0.176187710202296,"Neuronal","ADGRB3",2.79748224214645,4121507295,0,0
0.805185778789595,0.610371557579191,1.86568106857446,0.642178414409304,0.0666006927263731,"Neuronal","SLC35F1",1.96815610581614,3958514308,0,0
0.442432119946651,0.115135760106698,-0.31337928075928,0.555665862998156,0.546182475313555,"Neuronal","LAMA2",1.77960756921346,2175117747.0625,1.46720683259759e-68,1.39980751547718e-67
0.470054051975794,0.0598918960484122,-0.127897222341965,0.0364487306764998,0.0954183966898293,"Neuronal","ARHGAP18",0.05751328306586,2310914747,3.42094784771751e-65,3.12823123021811e-64
0.585822499217469,0.171644998434938,0.3908334043839,0.310736065806269,0.142087788367073,"Neuronal","AKAP12",0.700632520497882,2880064211.5,0,0
0.466770305916371,0.0664593881672589,-0.109872007291219,0.0341795490001418,0.10080961498469,"Neuronal","SYTL3",0.058242726046225,2294770950,4.12242859049707e-76,4.27586645087364e-75
0.60882483334441,0.217649666688821,0.532937581424164,0.705573677492554,0.58323401386887,"Neuronal","QKI",2.05906154379268,2993150000.09375,2.10246246277955e-234,6.35138402992684e-233
0.485784453131924,0.0284310937361524,-0.0676270992817292,0.014466033186782,0.0427367711493091,"Neuronal","IKZF1",0.0258324617287455,2388249717,5.08758375505452e-32,2.63847247037751e-31
0.493128663984414,0.0137426720311719,-0.0222010399105531,0.0109204368174727,0.024642700915747,"Neuronal","MLXIPL",0.0155741325831497,2424355873.5,1.12377803378056e-13,3.28606653344566e-13
0.26615615890641,0.46768768218718,-1.37613821097563,0.112040845270174,0.551189323695401,"Neuronal","CD36",0.254481471718605,1308496735.71875,0,0
0.480767507164996,0.0384649856700078,-0.0602770508898088,0.0321940150333286,0.0707584851809622,"Neuronal","SEMA3A",0.054016284693356,2363585033.5,3.80327058638853e-36,2.18542256337601e-35
0.648632126774687,0.297264253549374,0.722618901993711,0.310310594241952,0.0156630739553529,"Neuronal","RELN",0.747674494298656,3188853581.5,0,0
0.439172516342581,0.121654967314839,-0.251921358489151,0.196567862714509,0.32454302289726,"Neuronal","NAMPT",0.451013129380171,2159092641,1.1181649135177e-99,1.44695962210681e-98
0.485785736725833,0.0284285265483331,-0.0106582506244364,0.138136434548291,0.173277685748912,"Neuronal","PLXNA4",0.285241190589242,2388256027.5,4.29353000892191e-10,1.06548753722887e-09
0.403582433787472,0.192835132425056,-0.513796413501439,0.469720607006098,0.631766452251361,"Neuronal","CALD1",1.202429688085,1984122025.85938,2.18497256578801e-180,5.08345268542384e-179
0.493317177359927,0.0133656452801463,-0.0188592708790015,0.0131896184938307,0.0265932348026877,"Neuronal","KIAA1549",0.021767009563202,2425282657,3.47918347961384e-12,9.54742590261124e-12
0.418384345319189,0.163231309361623,-0.710026881960338,0.22592540065239,0.351995353139858,"Neuronal","TMSB4X",0.552861186846244,2056892286,4.36434370149877e-169,9.41970848906818e-168
0.813707569332945,0.627415138665889,1.80324296083381,0.653382498936321,0.0476317506758743,"Neuronal","GPM6B",1.88525693404062,4000409769.5,0,0
0.550676545287927,0.101353090575855,0.271281453875879,0.506027513827826,0.457781697968433,"Neuronal","SAT1",1.32354438578163,2707277054.59375,1.4243223660305e-57,1.17660250987473e-56
0.465422910922995,0.0691541781540109,-0.262278319600332,0.494823429300808,0.455025134637036,"Neuronal","DMD",1.39423793595873,2288146786.35938,8.40545193361984e-28,3.91528218605958e-27
0.497507641098466,0.00498471780306886,-0.0525545817071332,0.19784427740746,0.196522025973653,"Neuronal","TIMP1",0.447068124745314,2445884127,0.298460555754012,0.36745804319746
0.461177070219713,0.0776458595605736,-0.120632212423579,0.152035172315984,0.234088448106476,"Neuronal","FLNA",0.286740112420037,2267273068,6.39206264499164e-52,4.84202181950937e-51
0.448127036181693,0.103745927636614,-0.282414616721159,0.0564458941994043,0.156322383093461,"Neuronal","F8",0.102984072169939,2203115518.5,2.21501608404597e-125,3.56263591527101e-124
0.445055544442296,0.109888911115408,-0.231160225293575,0.0663735640334704,0.174914126311411,"Neuronal","CTSB",0.115655609626574,2188015222,3.98762325943636e-128,6.49075978236535e-127
0.636008438635555,0.272016877271109,0.712197618103462,0.715784995036165,0.552118695723885,"Neuronal","DLC1",2.21642024322359,3126792065.46875,0,0
0.483820926174709,0.0323581476505819,-0.0794001923560972,0.0140405616224649,0.0462405610653357,"Neuronal","MSR1",0.0270897847233468,2378596479.5,3.87377679258281e-38,2.32294711852123e-37
0.438657570157324,0.122684859685352,-0.298587535694744,0.396964969507871,0.517561258954887,"Neuronal","RBPMS",0.946860635754077,2156561024.20312,2.81860189451466e-79,3.00673631533569e-78
0.887518143044615,0.775036286089229,2.84273362608234,0.778612962700326,0.0113503861626831,"Neuronal","XKR4",2.86125998939561,4363282810.5,0,0
0.430549806291888,0.138900387416224,-0.485069263738418,0.0536094171039569,0.186354868087975,"Neuronal","FABP5",0.106870172209023,2116701031.5,1.47263276904794e-193,3.61729544330157e-192
0.372854342034405,0.254291315931191,-0.651300049978166,0.267479790100695,0.501087852906797,"Neuronal","ZFPM2",0.644026964929093,1833054292.09375,0,0
0.494205457704005,0.0115890845919904,-0.0408924438700142,0.0093603744149766,0.0208463309166792,"Neuronal","PKHD1L1",0.0175238024995874,2429649687,1.08272289410743e-11,2.90065646653789e-11
0.41777491278167,0.164450174436659,-0.406541301391755,0.41001276414693,0.579499315161815,"Neuronal","NFIB",0.993983991835151,2053896148.35938,3.33009389434054e-135,5.68310209952767e-134
0.461331664211723,0.0773366715765532,-0.205310514119329,0.11118990214154,0.182872591413348,"Neuronal","BNC2",0.218193189542054,2268033094.5,4.33409669161818e-62,3.80329401757745e-61
0.498293410079414,0.00341317984117162,-0.0102462495990733,0.0015600624024961,0.00497099297951222,"Neuronal","CCL21",0.00272924255069436,2449747183,4.72917780573221e-05,8.72972220045652e-05
0.447519808187602,0.104960383624796,-0.266766368689098,0.125230463764005,0.22723002674813,"Neuronal","FRMD3",0.262471556414855,2200130219,1.74199382890193e-95,2.14695558534785e-94
0.514455924233208,0.0289118484664168,0.059416205770048,0.4507162104666,0.409616418905837,"Neuronal","GSN",1.15781414466794,2529206539.10938,2.68686023968711e-06,5.37433078266545e-06
0.399339408732506,0.201321182534988,-0.468689161577872,0.102113175436108,0.294936500082467,"Neuronal","STOM",0.179633905114028,1963262150,2.06031880082079e-287,7.6553448776489e-286
0.441907251661708,0.116185496676585,-0.320172184671226,0.180116295560913,0.282341214350766,"Neuronal","ENG",0.369694482235805,2172537350.5,8.96077323631727e-100,1.16127401205313e-98
0.432922938937729,0.134154122124542,-0.359250694908095,0.0194298681038151,0.151801733967257,"Neuronal","EGFL7",0.031237423021455,2128368003,7.66420694968648e-214,2.07664635073659e-212
0.476993689608863,0.0460126207822739,-0.23774235792679,0.312721599773082,0.323212070362642,"Neuronal","IFITM3",0.796187517521696,2345031910.5,1.08589426364057e-15,3.44776812173026e-15
0.48802872051594,0.0239425589681196,-0.0145597819498656,0.0720465182243653,0.0979010247473987,"Neuronal","PNPLA2",0.132117364959267,2399283151.5,1.72870511582758e-11,4.59214999999328e-11
0.47213052919658,0.0557389416068397,-0.0793079273687695,0.138278258403063,0.20003011853796,"Neuronal","PDE3B",0.302612592626753,2321123279,6.58078322962209e-31,3.32570313457975e-30
0.514325698671144,0.0286513973422877,0.062065038384662,0.291164373847681,0.260783512251791,"Neuronal","CD59",0.68924158854899,2528566314.5,7.95767551078868e-08,1.74511992399465e-07
0.352684181032491,0.294631637935017,-1.04242401865189,0.0588568997305347,0.338596906395887,"Neuronal","MYBPC3",0.137076989696065,1733892244,0,0
0.48113896506505,0.0377220698699006,-0.092575294120115,0.0078003120124805,0.0454087157311992,"Neuronal","MS4A6A",0.0144823425582079,2365411222.5,3.97181878686411e-52,3.01385921905432e-51
0.483861233525367,0.0322775329492663,-0.0301139015525735,0.220252446461495,0.263669155031589,"Neuronal","TMEM135",0.456371112257231,2378794641.5,1.6418349509719e-09,3.94703755890214e-09
0.468369299119048,0.0632614017619046,-0.193613899372331,0.0422635087221671,0.104002180008462,"Neuronal","GUCY1A2",0.0908973874258911,2302632039.5,3.01647391845419e-67,2.83037499476905e-66
0.474807552217444,0.0503848955651123,-0.0651904264140086,0.222096156573536,0.284452380440161,"Neuronal","SIK2",0.465501952077691,2334284259,4.87896236048274e-20,1.81092276275705e-19
0.479786089120721,0.0404278217585571,-0.13516563416634,0.0747411714650404,0.113212715759884,"Neuronal","TAGLN",0.140509146242841,2358760113,1.73306599154879e-26,7.76858188932482e-26
0.520875103516774,0.0417502070335476,0.0970925145815822,0.155580768685293,0.115460132378145,"Neuronal","MCAM",0.323412103000888,2560764986.5,1.58330502423604e-27,7.30743398502233e-27
0.734635272129979,0.469270544259958,1.2866837243474,0.53198127925117,0.0894850447116867,"Neuronal","NTM",1.45515930999457,3611668651.5,0,0
0.492287680328151,0.0154246393436989,-0.0400631068507274,0.0235427598922139,0.0387424793293606,"Neuronal","ITGA8",0.0390886380689512,2420221367,2.24972945924364e-11,5.94660591868514e-11
0.482256880674845,0.0354862386503095,-0.107406893242956,0.0146078570415544,0.0497127982273089,"Neuronal","MRC1",0.0260127913976452,2370907202.5,1.3211912320087e-42,8.64690448834533e-42
0.348556728726759,0.302886542546482,-0.968198950995418,0.0686427457098284,0.35699646465733,"Neuronal","NEBL",0.150441500243392,1713600555.5,0,0
0.365297853146013,0.269404293707974,-0.713742477778411,0.202524464614948,0.442643547103242,"Neuronal","SVIL",0.450179392694598,1795904518.5,0,0
0.368711739534008,0.262576520931985,-0.607699521754653,0.237554956743724,0.494084575723024,"Neuronal","NRP1",0.522553274174874,1812688121.07812,0,0
0.313963890189069,0.372072219621862,-1.1819970967046,0.30662317401787,0.61921419300246,"Neuronal","PRKG1",0.890133253557925,1543532665.6875,0,0
0.531639470224496,0.0632789404489913,0.157516990885478,0.247624450432563,0.18060509576978,"Neuronal","BICC1",0.64685136362739,2613685568,2.56754210242578e-42,1.66738759247503e-41
0.839939672855879,0.679879345711757,2.05185490547509,0.832364203659056,0.348064166828016,"Neuronal","ANK3",2.88342662547351,4129373991,0,0
0.404249286624327,0.191501426751345,-0.729239135542088,0.215714083108779,0.358053481918121,"Neuronal","CTNNA3",0.584173549669199,1987400457.45312,1.25412229038486e-229,3.70597345272789e-228
0.544049798849515,0.0880995976990295,0.244605752333743,0.423486030350305,0.362341788037204,"Neuronal","LRMDA",1.10203552446175,2674698150.09375,1.34631066715345e-49,9.88791637610781e-49
0.349488779918095,0.301022440163809,-0.991556018480415,0.074599347610268,0.357603138064812,"Neuronal","LDB3",0.16636831792167,1718182775,0,0
0.470631824332258,0.0587363513354842,-0.198199218341706,0.0858034321372855,0.140068412107652,"Neuronal","ACTA2",0.171847908896435,2313755234.5,3.30591416237764e-45,2.26463478132225e-44
0.540283677418906,0.0805673548378121,0.273216948916538,0.572542901716069,0.430997712425331,"Neuronal","SORBS1",1.589346911026,2656182863.35938,4.64354927603633e-38,2.77792764434619e-37
0.818839660924995,0.63767932184999,1.88606268766369,0.674939724861722,0.0697387575385983,"Neuronal","SORCS1",2.0122008301361,4025640540.5,0,0
0.364633385365924,0.270733229268151,-0.870177526712675,0.0656644447596086,0.325284512617516,"Neuronal","RBM20",0.163259819803889,1792637812.5,0,0
0.488565188832077,0.0228696223358456,-0.0414868058816273,0.0218408736349454,0.0447747922179435,"Neuronal","GPAM",0.0346053630780002,2401920577,2.07210797814564e-20,7.78122936270811e-20
0.392377051736408,0.215245896527183,-0.653522245595309,0.350588568997305,0.490096020767449,"Neuronal","ABLIM1",0.85441887730935,1929033291.875,1.54638209675261e-245,4.96986888467281e-244
0.491511810001162,0.0169763799976754,0.0240294146377059,0.196284215004964,0.227436553865571,"Neuronal","PTPRE",0.424922993678518,2416406975.5,0.000813185099156356,0.0013694603142419
0.315553359986997,0.368893280026007,-1.34384441191442,0.160260955892781,0.486417256488035,"Neuronal","CACNA1C",0.428425188325572,1551346935.51562,0,0
0.429998865431536,0.140002269136927,-0.462998148232642,0.0404197986101262,0.175972577788295,"Neuronal","VWF",0.0799613569298219,2113992455,6.04388535048934e-206,1.57696161174546e-204
0.477702122895805,0.0445957542083907,-0.142759803074952,0.0154588001701886,0.0595773365172931,"Neuronal","CD163",0.0314848010880246,2348514763,3.87437534231795e-56,3.14449301976515e-55
0.490203589110213,0.019592821779574,-0.0610155530279305,0.00808395972202525,0.0275670675300648,"Neuronal","CD69",0.0152458132649718,2409975402.5,1.11112393197973e-23,4.61426896723107e-23
0.459013689490908,0.0819726210181843,-0.290689130094159,0.183094596511133,0.252614217384133,"Neuronal","MGP",0.434265186742119,2256637294.5,1.4076556595591e-54,1.11322997198719e-53
0.461261725989122,0.0774765480217556,-0.232042594227395,0.211033895901291,0.276486744257757,"Neuronal","EPS8",0.463682103219948,2267689259,5.4616161026606e-46,3.80799615202132e-45
0.487665907373221,0.0246681852535575,-0.0992167256188815,0.122961282087647,0.142298618132794,"Neuronal","MGST1",0.261351816141937,2397499462.5,4.10901588953558e-09,9.69041079894224e-09
0.399352452349185,0.20129509530163,-0.441486505166231,0.084101545880017,0.281704422405324,"Neuronal","ABCC9",0.155735804075396,1963326276,1.41184974377379e-296,5.38214235656799e-295
0.46508015445952,0.0698396910809594,-0.204358082398437,0.23074741171465,0.290391469282677,"Neuronal","SOX5",0.535135062977285,2286461701.5,1.7305521294649e-36,1.00159329951153e-35
0.406667513114903,0.186664973770194,-0.425657770743044,0.273578215855907,0.448730360203372,"Neuronal","PPFIBP1",0.5818906559977,1999289122.67188,5.36789656812234e-193,1.31122599664037e-191
0.493112534087664,0.0137749318246723,-0.131918093583712,0.220252446461495,0.215990075224634,"Neuronal","DCN",0.585502841300817,2424276574.5,0.00561944224293562,0.00881375160589385
0.493719961012877,0.0125600779742466,-0.00765509248244023,0.263934193731386,0.284136852899626,"Neuronal","BTG1",0.576715223839799,2427262852,0.0223249481035232,0.032902676652657
0.484705996974646,0.0305880060507077,-0.0577587940734278,0.0839597220252446,0.114288377829888,"Neuronal","ELK3",0.149814363568086,2382947730.5,1.03945574885908e-15,3.30210942440588e-15
0.414338272419836,0.171323455160329,-0.381025815609686,0.156148064104382,0.322345803842265,"Neuronal","ACACB",0.316196105303272,2037000681,1.01288447663777e-196,2.53393769922506e-195
0.430025720726157,0.139948558547685,-0.399968994691696,0.045667281236704,0.18146419120969,"Neuronal","FLT1",0.0874052529557647,2114124483,9.89105241550473e-201,2.53937631402142e-199
0.772791850758554,0.545583701517108,1.47871730941278,0.759608566160828,0.424309962782092,"Neuronal","STARD13",2.39504560453892,3799256865.82812,0,0
0.332681448820704,0.334637102358592,-0.841188327342995,0.236845837469862,0.561704996091761,"Neuronal","LHFPL6",0.560306010133725,1635553321.79688,0,0
0.433492650312236,0.133014699375528,-0.409562796191854,0.0399943270458091,0.169098380052923,"Neuronal","RNASE1",0.0760532479199192,2131168860.5,3.37181922458219e-192,8.22499725531046e-191
0.499511653793448,0.000976692413103386,-0.0258774875302684,0.115444617784711,0.113701783447712,"Neuronal","RHOJ",0.214487092128471,2455736403.5,0.797631218861136,0.84743478886875
0.917274398141595,0.83454879628319,3.10049465910294,0.856899730534676,0.0686372795789141,"Neuronal","NRXN3",3.23006853440667,4509572728.5,0,0
0.47820563363397,0.0435887327320603,-0.121622427862725,0.0275138278258403,0.0705419185508681,"Neuronal","FMN1",0.0537235301875282,2350990160,4.46563128000311e-46,3.11850507943754e-45
0.766362450435144,0.532724900870288,1.62769609694115,0.606580626861438,0.138921039232981,"Neuronal","FRMD5",1.86553651748977,3767648169,0,0
0.469879517579703,0.0602409648405932,-0.374307042582197,0.395972202524465,0.406359314157864,"Neuronal","B2M",1.09079152377692,2310056688,1.08516828935263e-22,4.37045138625166e-22
0.525101725427559,0.0502034508551175,0.0783585774075153,0.225783576797617,0.165957446808511,"Neuronal","FBN1",0.509586235589861,2581544220,4.27047273350888e-29,2.06455025480534e-28
0.44788918521511,0.104221629569781,-0.251612720248812,0.303786696922422,0.419446536009581,"Neuronal","RORA",0.796478824095053,2201946177.85938,1.49565823849785e-63,1.33645524588656e-62
0.32440345732643,0.351193085347139,-0.949891961330987,0.205502765565168,0.522385961892878,"Neuronal","TPM1",0.470719637338463,1594856443.34375,0,0
0.494910023631624,0.0101799527367521,-0.0206109783407397,0.0268047085519784,0.0369554460770604,"Neuronal","NTRK3",0.0483628979013713,2433113526.5,6.38195326167681e-06,1.24818390721435e-05
0.496595475086466,0.00680904982706831,-0.0142208029721599,0.00382924407885406,0.0106304096838271,"Neuronal","PLIN1",0.00636169602532322,2441399668.5,2.62549122795727e-08,5.94575691227766e-08
0.486848475697246,0.0263030486055071,-0.0530448052693424,0.015600624024961,0.0418059649047322,"Neuronal","MCTP2",0.0256530542758732,2393480744,3.42938202596903e-28,1.61579123171125e-27
0.446838661212712,0.106322677574577,-0.343806068499896,0.0391433839171749,0.141937195677273,"Neuronal","SLC9A3R2",0.0712745136111041,2196781513.5,1.06583319699451e-142,1.93520147066674e-141
0.505342548616175,0.0106850972323504,0.0135634196949792,0.0656644447596086,0.0547483309310214,"Neuronal","MYH11",0.136067145410013,2484402683,8.9097297454046e-05,0.000161571417088206
0.494402326796848,0.0111953464063035,-0.0156291872115519,0.00751666430293575,0.0187552438525913,"Neuronal","HP",0.0155363974162061,2430617549.5,4.68308730039507e-12,1.27636232644008e-11
0.508214337587552,0.0164286751751033,0.0414784376454796,0.333286058715076,0.323975073324298,"Neuronal","ZFHX3",0.750902344378302,2498521185.875,0.00424148203026281,0.00673406486225446
0.499191548599647,0.00161690280070503,-0.00346034108979567,0.00141823854772373,0.00303480125350487,"Neuronal","KRT19",0.00260422743388093,2454162678.5,0.0137973139578329,0.0208582226116182
0.434192206247019,0.131615587505962,-0.33857195587841,0.0391433839171749,0.167398833982316,"Neuronal","PECAM1",0.0666046297573892,2134608069.5,8.84389221044055e-190,2.13076100698056e-188
0.714812271075194,0.429624542150387,1.15367565206191,0.564600765848816,0.202644694476117,"Neuronal","PRKCA",1.51389957398893,3514213337,0,0
0.689431850163606,0.378863700327213,1.10379628275423,0.587859878031485,0.24206268958544,"Neuronal","ABCA8",1.69590604390717,3389436221,0,0
0.558015550756996,0.116031101513993,0.272745902259933,0.274570982839314,0.155636827800845,"Neuronal","ABCA9",0.663702985174997,2743357620,4.32205307448038e-155,8.50502779304453e-154
0.627301321790821,0.254602643581642,0.684157593925873,0.430151751524606,0.170308858435701,"Neuronal","ABCA6",1.14705704886887,3083985489,0,0
0.499748000441948,0.000503999116103104,-0.00590712845664722,0.0270883562615232,0.027542685856478,"Neuronal","FASN",0.0439632539171126,2456898348.5,0.796960935726506,0.846975380160223
0.365525330171785,0.26894933965643,-0.882888231668534,0.0845270174443341,0.341383588265244,"Neuronal","MYOM1",0.215653581198869,1797022858,0,0
0.365509708904588,0.268980582190824,-0.684156790907431,0.294851794071763,0.524333627347632,"Neuronal","PTPRM",0.663620029268372,1796946059.5625,0,0
0.765232413248317,0.530464826496634,1.50060068405677,0.633668983122961,0.16756376883305,"Neuronal","BCL2",1.81864344904353,3762092596,0,0
0.915488385580879,0.830976771161757,3.12380279991456,0.906963551269323,0.144239112507081,"Neuronal","CDH19",3.55946975623107,4500792200.5,0,0
0.393499172893518,0.213001654212963,-0.415765491829506,0.157566302652106,0.368068612897905,"Neuronal","DSTN",0.291840446985003,1934549947.5,2.90876803406811e-279,1.05193475597551e-277
0.489704754270439,0.0205904914591226,-0.0491170822104837,0.0397106793362644,0.0599688775107746,"Neuronal","SLC24A3",0.0703190662111208,2407522993.5,4.09198003171011e-13,1.16728137866016e-12
0.460230572520138,0.0795388549597249,-0.134544227916306,0.159835484328464,0.243958723260834,"Neuronal","RALGAPA2",0.30858870314997,2262619825.5,8.39953665801065e-53,6.44867653098882e-52
0.443279172006444,0.113441655987111,-0.366911875355182,0.0730392852077719,0.1790288922832,"Neuronal","ID1",0.134406479950427,2179282087.5,7.31174480599889e-134,1.23940759887635e-132
0.420281934033873,0.159436131932255,-0.341969037376527,0.182101829527727,0.340388242296467,"Neuronal","MYL9",0.360586910260949,2066221353,7.45923896456623e-165,1.54919948872571e-163
0.497679717230679,0.00464056553864167,-0.00948667618715998,0.00439653949794355,0.00903556138803433,"Neuronal","SLPI",0.00783513343045803,2446730100.5,3.99477093787487e-05,7.40588481661602e-05
0.472063901102414,0.0558721977951722,-0.169334894865011,0.10338959012906,0.155001470071496,"Neuronal","TSHZ2",0.220541723934163,2320795717,7.9804331812277e-38,4.74675410968532e-37
0.491324217139751,0.0173515657204979,-0.118062169581254,0.162388313714367,0.172049996773014,"Neuronal","CFD",0.385710010963767,2415484717.5,0.000133864230986355,0.000239376265217959
0.474109375782525,0.0517812484349494,-0.0675079525171536,0.0126223230747412,0.064466579179485,"Neuronal","PLIN4",0.0187803472753902,2330851832,7.14951231201401e-70,6.90714266808507e-69
0.48707610934568,0.0258477813086391,-0.0947613765782454,0.0843851935895618,0.107273626917368,"Neuronal","C3",0.168241901098692,2394599853.5,3.16697459737755e-12,8.71920534766507e-12
0.781472639069963,0.562945278139926,1.61595169526466,0.604453269039853,0.0810346434897346,"Neuronal","ZNF536",1.73933355004048,3841934004,0,0
0.498530383727079,0.00293923254584261,-0.00640325525870369,0.00241100553113034,0.00534675759596698,"Neuronal","HAS1",0.00360496273394566,2450912210.5,0.000733839172940006,0.00124060158003908
0.556153429733636,0.112306859467272,0.296708151836376,0.594951070770104,0.526202410917253,"Neuronal","TIMP3",1.64864204842669,2734202921.90625,3.29296113990103e-66,3.04598905440845e-65
0.835044266786816,0.670088533573632,2.18778788599582,0.740745993476103,0.1175153640399,"Neuronal","NCAM2",2.47866230270846,4105306831,0,0
0.533796000199232,0.0675920003984642,0.176888481894601,0.427031626719614,0.396318367288399,"Neuronal","APP",0.979882529188491,2624287661.3125,1.70102929183389e-28,8.10785599127971e-28
0.463027721563379,0.0739445568732426,-0.208214637038115,0.194724152602468,0.256347481875094,"Neuronal","COL6A2",0.40264550980632,2276371378,2.81473626018804e-44,1.90008183267274e-43
0.411711927699929,0.176576144600142,-0.503569753359643,0.0121818102431996,0.188195358625639,"NK/T","KAZN",0.0285473916142129,6425153238,0,0
0.446515445334699,0.106969109330603,-0.320059072841664,0.00567611229969873,0.11241383460059,"NK/T","PLA2G2A",0.0124581253498908,6968294981,0,0
0.359565470214902,0.280869059570197,-0.765558102678422,0.00471553944898048,0.285005862989494,"NK/T","PLA2G5",0.00910549503589055,5611358549,0,0
0.236818518395862,0.526362963208276,-1.30230294914113,0.077107802471292,0.597790115249203,"NK/T","NFIA",0.180081937250974,3695776507.59375,0,0
0.408006136659772,0.183987726680457,-0.577726353659983,0.00650569794350085,0.189767138787748,"NK/T","NEGR1",0.01384006281543,6367320871,0,0
0.449430018003463,0.101139963993074,-0.280506629878249,0.0222678251757412,0.122912915160561,"NK/T","ST6GALNAC3",0.0528416416715496,7013779638.5,0,0
0.311988823857797,0.376022352284406,-1.14561504907553,0.00790289481727285,0.381754728915618,"NK/T","NEXN",0.0148608350835584,4868880076,0,0
0.583406856841997,0.166813713683995,0.450851950667128,0.239269964633454,0.0779168556178299,"NK/T","VAV3",0.620991005764352,9104614666.5,0,0
0.312587334724709,0.374825330550582,-1.06651937038381,0.0385102388333406,0.405133307797409,"NK/T","PDE4DIP",0.0820276606859361,4878220403,0,0
0.498586664019106,0.00282667196178754,-0.00897727249162216,0.0012225472645505,0.00404759074425478,"NK/T","ITLN1",0.00227598640041136,7780915497.5,2.03755012025514e-11,2.95109644061953e-11
0.428858397729216,0.142283204541569,-0.413068153716778,0.0105663013579007,0.152084039607099,"NK/T","RGS5",0.0216860017756336,6692740087,0,0
0.773869414797221,0.547738829594442,1.47328653939447,0.554075885255207,0.0112989126686068,"NK/T","CD247",1.48897997902238,12076962657,0,0
0.497793105705939,0.0044137885881218,-0.0101058157519602,0.00109156005763437,0.00550489952200859,"NK/T","PRG4",0.00219690668520954,7768531271,2.31629823325904e-19,3.68049841971836e-19
0.444183905552029,0.111632188895942,-0.266826107958827,0.00375496659826224,0.115296165355382,"NK/T","KCNT2",0.00771223060718214,6931909102,0,0
0.896663338757096,0.793326677514191,2.49567885321039,0.822250360214819,0.0558987251116463,"NK/T","PTPRC",2.62213599445219,13993277743,0,0
0.323323294676831,0.353353410646339,-1.14220705607566,0.0144959175653844,0.364548799297909,"NK/T","TNNT2",0.0339201721497456,5045765191.5,0,0
0.469316799534032,0.0613664009319356,-0.117991911656305,0.00152818408068812,0.0629020257032285,"NK/T","LMOD1",0.00308616610230618,7324131635,0,0
0.452775373331201,0.0944492533375975,-0.15763188366872,0.0167227000829586,0.111677108511534,"NK/T","G0S2",0.0341347587713702,7065987066,0,0
0.314540673480529,0.370918653038942,-1.92154008502859,0.0100860149325416,0.378068163306638,"NK/T","RYR2",0.0268835397361289,4908704098,0,0
0.493406998056261,0.0131860038874775,0.0555889859234741,0.304588918482295,0.37457238333825,"NK/T","SMYD3",0.85212761785744,7700081921.17188,8.90464523454398e-05,0.00011307037625868
0.495022962526187,0.00995407494762524,0.0453085160948988,0.136445007204296,0.156877161931514,"NK/T","LPIN1",0.284411518287905,7725300572,4.87123893695953e-05,6.23399652359623e-05
0.28550131825064,0.428997363498721,-1.65628217839808,0.0171593241060123,0.440993670319478,"NK/T","SLC8A1",0.0397250979349218,4455517550,0,0
0.480924363895696,0.0381512722086087,-0.0815113643640367,0.00489018905820198,0.0430749949001531,"NK/T","NRXN1",0.0106399097481495,7505278633,6.83280199646534e-177,2.51440260680626e-176
0.234874375138796,0.530251249722407,-1.23841063965669,0.0621752608828538,0.58136347159422,"NK/T","SPTBN1",0.121972476521728,3665436317.03125,0,0
0.417130248126788,0.165739503746424,-0.298906789379547,0.104396803912151,0.278447239698676,"NK/T","EHBP1",0.236876906712812,6509711242.5,0,0
0.661160756568167,0.322321513136335,1.20860507172434,0.593241060123128,0.280849671188286,"NK/T","TMSB10",2.16100254977714,10318037662,0,0
0.537930224636815,0.0758604492736303,0.1904737388356,0.133912587870585,0.0603792525018602,"NK/T","IL18R1",0.308590755607496,8394908896.5,0,0
0.747583754270657,0.495167508541314,1.46298005621467,0.512290966248963,0.0221105881627783,"NK/T","CXCR4",1.5123706178932,11666750114,0,0
0.717915701310206,0.435831402620412,1.33974378900751,0.526699559009737,0.121018266991296,"NK/T","ARHGAP15",1.62040027809518,11203752144.5,0,0
0.448150374788162,0.103699250423676,-0.21393771653764,0.289045103261581,0.412656132364142,"NK/T","ZEB2",0.718074715420994,6993809598.29688,5.34738215670563e-198,2.10031432970338e-197
0.417828440148013,0.164343119703974,-0.459211851228091,0.00314369296598699,0.167248562870473,"NK/T","SCN7A",0.006553450967637,6520607188,0,0
0.302595725808966,0.394808548382067,-1.88327831386208,0.0272016766362485,0.413931460992408,"NK/T","TTN",0.0739625327429868,4722291915,0,0
0.377119580054335,0.24576083989133,-0.605282835197527,0.00702964677116535,0.252315477264956,"NK/T","TFPI",0.0147918347119821,5885307002,0,0
0.427329395562797,0.145341208874406,-0.341020007103719,0.0146705671746059,0.159592188355325,"NK/T","MYO1B",0.0304915534145521,6668878565,0,0
0.678396229352479,0.356792458704958,1.02891783658967,0.497707723878968,0.199363656509533,"NK/T","ANKRD44",1.41166521779348,10587013483,0,0
0.450134322225077,0.0997313555498465,-0.22058304814616,0.392743308736847,0.52210398404445,"NK/T","CFLAR",0.913803746641588,7024770970.65625,5.94973389279535e-164,2.09951339050114e-163
0.473728050275017,0.0525438994499667,-0.0973736200833797,0.00440990263284286,0.0569054862612325,"NK/T","NRP2",0.00696222402944718,7392973366.5,8.29574488546015e-257,3.89716348153439e-256
0.659484404166618,0.318968808333237,0.868925598593772,0.37213465484871,0.0652354808458555,"NK/T","DOCK10",0.997621049738288,10291876600.5,0,0
0.412839626744373,0.174320746511253,-0.456885949071774,0.0105663013579007,0.184190327755055,"NK/T","PID1",0.0216979257250401,6442752046,0,0
0.41991070538951,0.160178589220979,-0.436775869371082,0.00550146269047723,0.165252651553509,"NK/T","COL6A3",0.0112395576924293,6553102902.5,0,0
0.470345683151998,0.0593086336960036,-0.0979086081653915,0.00113522245993975,0.0604540991762463,"NK/T","CHL1",0.00210589467729187,7340188335,0,0
0.408135091275757,0.183729817448487,-0.34421210751703,0.00930009169104484,0.193299608302404,"NK/T","PPARG",0.0190328721552838,6369333329.5,0,0
0.471043603706144,0.057912792587712,-0.119199467592944,0.0134916823123608,0.0713098021259391,"NK/T","STAB1",0.0254262498380111,7351080044,1.07201073782371e-251,4.96456826572474e-251
0.448174881136903,0.103650237726195,-0.227325301057103,0.00602541151814173,0.109704678504182,"NK/T","CADM2",0.0133437555699442,6994192043,0,0
0.445561122762769,0.108877754474462,-0.26132646628255,0.00331834257520849,0.112067485283823,"NK/T","CCDC80",0.00616010880285619,6953401876.5,0,0
0.337361758078894,0.325276483842211,-0.673855304901569,0.011876173427062,0.336997885214553,"NK/T","KALRN",0.0235619915174871,5264848663.5,0,0
0.499442274170183,0.00111545165963489,-0.00349131017906852,0.00231410732218487,0.00342827120325568,"NK/T","CPA3",0.0055334298609526,7794268101.5,0.00429315991199069,0.00516681238007244
0.40884471019313,0.182310579613741,-0.527118022761755,0.00593808671353098,0.187631807194967,"NK/T","TM4SF1",0.0113405882102893,6380407602.5,0,0
0.457118619534413,0.0857627609311743,-0.210539245994915,0.00506483866742348,0.0907846132848444,"NK/T","KCNAB1",0.0116141538733575,7133767522.5,0,0
0.443170067419413,0.113659865161175,-0.242295249003812,0.00973671571409859,0.123567456665977,"NK/T","RARRES1",0.0220542642860818,6916087201,0,0
0.469651760049111,0.0606964799017781,-0.0792815909624646,0.21145701436493,0.294496714818027,"NK/T","TNIK",0.508297997918811,7329359010,1.37363796990792e-84,3.43107529797452e-84
0.290151215625088,0.419697568749824,-1.14032536180165,0.304414268873073,0.680516236591805,"NK/T","LPP",0.781424183134864,4528083587.46875,0,0
0.324574784952038,0.350850430095924,-1.4011897796703,0.00475920185128586,0.354528150421269,"NK/T","FGF12",0.0118841217221324,5065295878.5,0,0
0.413663840172265,0.172672319655469,-0.460037387486498,0.0338820241889709,0.206862999766654,"NK/T","LDB2",0.0886238084499267,6455614674.5,0,0
0.455586362838797,0.0888272743224057,-0.140770180090871,0.189494826005327,0.29535231503699,"NK/T","RBPJ",0.429722572726591,7109855210.5,7.20268436513722e-179,2.66667389192341e-178
0.472808550332478,0.0543828993350438,-0.14500122335245,0.0146269047723006,0.0686608168854097,"NK/T","RBM47",0.0287372567771591,7378623702,6.40861376665399e-230,2.78894256630368e-229
0.500210863022802,0.000421726045603421,0.000937781512560609,0.00611273632275248,0.0056912824170486,"NK/T","KIT",0.0144783324269949,7806262656,0.404557929476581,0.43535831931697
0.264956264067177,0.470087471865645,-1.34618114217775,0.0757542679998253,0.528642061189358,"NK/T","IGFBP7",0.157963498240973,4134892587.42188,0,0
0.414825380521285,0.170349238957429,-0.282138109516506,0.0606034143998603,0.236057605522804,"NK/T","BMP2K",0.12869567551973,6473741608,0,0
0.287720536174998,0.424558927650003,-1.42414468430145,0.0232720604287648,0.440547525436862,"NK/T","SPARCL1",0.0483761430429188,4490150540.38281,0,0
0.500546249112908,0.00109249822581647,0.00355373329001994,0.00777190761035672,0.00668777049367986,"NK/T","MMRN1",0.0177182515944062,7811496672.5,0.0465839292028699,0.0535987561978797
0.492909591412225,0.0141808171755504,-0.0220778071386119,0.00392961620748374,0.018136376511059,"NK/T","HPGDS",0.00822725756084164,7692319421,9.35939958607848e-58,2.01858615613537e-57
0.267051454709387,0.465897090581227,-1.47159152602787,0.0467624328690565,0.497821374742623,"NK/T","PDLIM5",0.0912891837049852,4167590015,0,0
0.452071494470354,0.0958570110592925,-0.139540449642262,0.00340566737981924,0.0993347451470737,"NK/T","SMAD1",0.00579167041734225,7055002372,0,0
0.295285522665566,0.409428954668869,-1.35268215634996,0.0169846744967908,0.421213602135625,"NK/T","PALLD",0.0326108309601367,4608209295,0,0
0.450512754916463,0.0989744901670744,-0.171538995707002,0.00314369296598699,0.102156905045987,"NK/T","TENM3",0.00586503428950539,7030676770,0,0
0.399117040647664,0.201765918704673,-0.372262056483589,0.0234030476356809,0.225813884204857,"NK/T","ACSL1",0.0446967990674384,6228598137.5,0,0
0.309991665259659,0.380016669480681,-1.39926955621669,0.0100423525302362,0.387111402670705,"NK/T","SORBS2",0.0216372570694024,4837712531,0,0
0.454654248792202,0.090691502415597,-0.258051550821142,0.00152818408068812,0.0921435940786007,"NK/T","EGFLAM",0.00297112037872561,7095308691,0,0
0.405637773375463,0.188724453249073,-0.559315353378307,0.00449722743745361,0.192724316216926,"NK/T","C7",0.00901865912212047,6330360326.5,0,0
0.373978172179226,0.252043655641548,-0.482001251359583,0.00440990263284286,0.256489280048372,"NK/T","GHR",0.00851841062347239,5836282367,0,0
0.330847115210237,0.338305769579527,-0.990265632536981,0.00685499716194385,0.343976236914673,"NK/T","CMYA5",0.0155060333258077,5163181512.5,0,0
0.37674313226572,0.24651373546856,-0.477947061478741,0.103610880670654,0.361126398422056,"NK/T","FER",0.24262279387833,5879432178.9375,0,0
0.408967832832484,0.182064334335032,-0.503206164077215,0.0181198969567306,0.198395052488065,"NK/T","PDGFRB",0.0344245373661576,6382329047.5,0,0
0.539321461986401,0.0786429239728013,0.149711443956251,0.280006985984369,0.185434837164456,"NK/T","CD74",0.684401907849952,8416620468.5,4.9630786110025e-194,1.92151550883658e-193
0.314784478278848,0.370431043442303,-1.23963099691063,0.0179015849452037,0.385180064955173,"NK/T","SGCD",0.0474759547687444,4912508902,0,0
0.35197043892945,0.296059122141099,-0.850652339146241,0.0113085621970921,0.305813238468843,"NK/T","EBF1",0.0252644380045232,5492830917,0,0
0.627536477154597,0.255072954309193,0.6379845466362,0.308081910666725,0.0568864076971733,"NK/T","DOCK2",0.760904609528837,9793299044.5,0,0
0.462578263863562,0.0748434722728762,-0.161694578619073,0.00881980526568572,0.0835611754156559,"NK/T","GFPT2",0.0170856025771242,7218970425.5,0,0
0.477074829034761,0.045850341930478,-0.14652199405402,0.0108719381740383,0.0565195122344961,"NK/T","F13A1",0.0245972908522103,7445203008,1.36081987567887e-196,5.31413739477966e-196
0.328948971193465,0.34210205761307,-1.18287498476702,0.00366764179365149,0.3449639195002,"NK/T","MLIP",0.00881560668247128,5133559183.5,0,0
0.215388236615131,0.569223526769739,-1.44615956966594,0.023184735624154,0.58807325581566,"NK/T","DST",0.0504798603723328,3361336732.8125,0,0
0.408268265533982,0.183463468932035,-0.512695755890624,0.00515216347203423,0.188214437189698,"NK/T","ADGRB3",0.0112740360397572,6371411639.5,0,0
0.465533871281968,0.0689322574360643,-0.112907007494555,0.00550146269047723,0.0746103937081831,"NK/T","SLC35F1",0.0119177611202458,7265095469,0,0
0.220534503841152,0.558930992317696,-2.1364719438548,0.00886346766799109,0.564340989707849,"NK/T","LAMA2",0.022853462096496,3441649090.32812,0,0
0.492394918313162,0.0152101633736754,-0.0179402424821722,0.0790726105750338,0.095357598331653,"NK/T","ARHGAP18",0.166773229375605,7684287461.5,1.20759115024785e-14,1.82464784987689e-14
0.429031434074914,0.141937131850172,-0.310494603339255,0.00654936034580623,0.148388668507014,"NK/T","AKAP12",0.0133142817278236,6695440482.5,0,0
0.733763462548974,0.467526925097947,1.34846473211496,0.517399467318692,0.0861177029995906,"NK/T","SYTL3",1.47162876960429,11451071417,0,0
0.253990533873166,0.492018932253668,-1.27030502038891,0.13858446491726,0.599445547576802,"NK/T","QKI",0.302463447654202,3963762017.42188,0,0
0.76224874437151,0.52449748874302,1.41300127005527,0.542112387023534,0.0256592010777921,"NK/T","IKZF1",1.45983440302255,11895611126.5,0,0
0.488469280653883,0.0230614386922338,-0.0347276454062282,0.00218312011526874,0.0252556160688472,"NK/T","MLXIPL",0.00395457146985015,7623024180.5,3.38290070594836e-109,9.50991974990623e-109
0.225689444705471,0.548621110589059,-1.62007499579883,0.0232720604287648,0.564389419908922,"NK/T","CD36",0.0494508103196384,3522096808.15625,0,0
0.466438418780629,0.0671231624387415,-0.106009708379982,0.00528315067895036,0.0725601818627429,"NK/T","SEMA3A",0.0111274980546473,7279211786.5,0,0
0.492101620609705,0.0157967587805907,-0.0267808811357697,0.00331834257520849,0.0191269942602874,"NK/T","RELN",0.006380036768938,7679710274,8.64637103543748e-68,1.97612103135381e-67
0.385513611169382,0.228972777661236,-0.503332008513516,0.101427760555386,0.33071810247537,"NK/T","NAMPT",0.213448242347898,6016303780.5,0,0
0.420135553468371,0.159728893063258,-0.267880626576981,0.0174212985198446,0.178152696021239,"NK/T","PLXNA4",0.0366233199375083,6556611869,0,0
0.179033455465185,0.64193308906963,-1.74178410947566,0.0124874470593372,0.650904837590054,"NK/T","CALD1",0.0259392360930264,2793986058.45312,0,0
0.48855679842984,0.0228864031403198,-0.0331692526372483,0.00427891542592673,0.0272045647665884,"NK/T","KIAA1549",0.00834685065526684,7624389978,5.72637155421981e-100,1.53856378051746e-99
0.716941977668892,0.433883955337784,1.90666478178076,0.676068637296424,0.339798031385705,"NK/T","TMSB4X",3.10044164870372,11188556268,0,0
0.490626824808922,0.0187463503821562,-0.0258928333585144,0.0351045714535214,0.0543210746221344,"NK/T","GPM6B",0.0750161636440427,7656694693.5,3.65710783034837e-35,6.71276530568999e-35
0.475425726354747,0.0491485472905051,-0.0726536285562127,0.362266951927695,0.461491386028327,"NK/T","SAT1",0.984687837923215,7419467204.125,1.99225024197618e-43,3.90164697672461e-43
0.267053371094594,0.465893257810811,-1.69366666122844,0.00633104833427935,0.470518481992037,"NK/T","DMD",0.0153001593070177,4167619922,0,0
0.440003886835713,0.119992226328575,-0.330676598862264,0.0848797100816487,0.200288233075479,"NK/T","TIMP1",0.179173233384062,6866675964.5,0,0
0.506143316241769,0.0122866324835385,0.082131497749267,0.226869842378728,0.23348199937481,"NK/T","FLNA",0.48562528938703,7898844188,1.91660537211362e-05,2.47744982118643e-05
0.424882339697667,0.150235320604667,-0.372336220306649,0.0103479893463738,0.160195364495966,"NK/T","F8",0.0223430991590687,6630689948.5,0,0
0.435797973690765,0.12840405261847,-0.25655438492938,0.0492511898004628,0.178014743327272,"NK/T","CTSB",0.0962901003444445,6801038720,0,0
0.219149532350356,0.561700935299288,-1.53564783608542,0.0120508230362835,0.571965077422281,"NK/T","DLC1",0.0256426238585824,3420035302.96875,0,0
0.480633021056374,0.0387339578872518,-0.092555882708871,0.00855783085185347,0.0471739510091827,"NK/T","MSR1",0.0161490105782164,7500731953,6.36431613007485e-167,2.26945405310545e-166
0.237533411913093,0.524933176173813,-1.26336186024793,0.00973671571409859,0.533382350567147,"NK/T","RBPMS",0.0201802886919964,3706933095.70312,0,0
0.491918911058645,0.0161621778827108,-0.0415245729432228,0.00340566737981924,0.0195569957425451,"NK/T","XKR4",0.00681191578837078,7676858919,2.19587013999496e-69,5.06266067621301e-69
0.421750368259158,0.156499263481684,-0.525269007380057,0.0376806531895385,0.18997847057425,"NK/T","FABP5",0.0788954201865402,6581812578,0,0
0.245484691083524,0.509030617832952,-1.31502398564114,0.0076409204034406,0.515256247129043,"NK/T","ZFPM2",0.0165458557066252,3831020312.20312,0,0
0.489978955825258,0.0200420883494835,-0.0570517291781068,0.00135353447146662,0.0213826675648268,"NK/T","PKHD1L1",0.00281039098836253,7646584086.5,2.46690560413819e-97,6.54620182312517e-97
0.206571376841743,0.586857246316514,-1.418226674333,0.0116578614155351,0.59683178430069,"NK/T","NFIB",0.0243478748972521,3223741314,0,0
0.447000353268411,0.105999293463177,-0.229560106344589,0.0764965288390167,0.185706339806837,"NK/T","BNC2",0.199353212990536,6975862427,0,0
0.498057368510674,0.00388526297865199,-0.0107876661521304,0.00117888486224512,0.00506315738494525,"NK/T","CCL21",0.0024360506247247,7772655341.5,1.56349511396893e-16,2.41440385332932e-16
0.391642302022147,0.216715395955705,-0.507572560080257,0.0168973496921801,0.233244251114995,"NK/T","FRMD3",0.0355004069348966,6111947786,0,0
0.298750857724594,0.402498284550812,-1.08542226270406,0.0250185565209798,0.422968830029073,"NK/T","GSN",0.0488673605844816,4662289119.45312,0,0
0.445153422238576,0.109693155522849,-0.256262568220909,0.192245557350565,0.296392830569143,"NK/T","STOM",0.395701658326617,6947039325,5.5617979550276e-271,2.71793522707952e-270
0.367063343423164,0.265873313153672,-0.654525473360198,0.0261101165786142,0.289895845716055,"NK/T","ENG",0.0534203290839531,5728369937.5,0,0
0.424736892647645,0.150526214704709,-0.389245075486033,0.00515216347203423,0.155361149879732,"NK/T","EGFL7",0.0103042941247127,6628420110,0,0
0.379515221182476,0.240969557635047,-0.823033654988149,0.109330655372659,0.330292503738665,"NK/T","IFITM3",0.235280312425154,5922693243,0,0
0.48125647453509,0.037487050929821,-0.0366385815519689,0.0593808671353098,0.0989282249744274,"NK/T","PNPLA2",0.111084251277226,7510461533,1.42682245045121e-78,3.45751196991562e-78
0.571697855424538,0.143395710849077,0.557767070120383,0.299524079814871,0.196046921526931,"NK/T","PDE3B",0.92075557942318,8921884647.5,0,0
0.37599180485301,0.248016390293979,-0.607156385351962,0.023534034842597,0.269072326836348,"NK/T","CD59",0.0403856408045149,5867707005.5,0,0
0.328504296904373,0.342991406191254,-1.19521962733945,0.00519582587433961,0.346908465452389,"NK/T","MYBPC3",0.0127125851747101,5126619621.5,0,0
0.484377532023034,0.0312449359539312,-0.0809620485190101,0.0150635287953543,0.0460395102385848,"NK/T","MS4A6A",0.027801583079616,7559168581,2.50742369716736e-111,7.13651359963018e-111
0.418638261046895,0.162723477906209,-0.277745758573309,0.0972798323363751,0.268812564848773,"NK/T","TMEM135",0.217469786133671,6533245207.5,0,0
0.447788112733351,0.104423774533298,-0.287251271668228,0.00248875693140637,0.106775385130167,"NK/T","GUCY1A2",0.00466278934785629,6988156157,0,0
0.396375255188754,0.207249489622492,-0.374302229676104,0.0772387896782081,0.290771992080928,"NK/T","SIK2",0.167909433703805,6185809987.5,0,0
0.445795750576914,0.108408498846172,-0.26791070307993,0.0081648692311051,0.116345486378639,"NK/T","TAGLN",0.0151230655190636,6957063465,0,0
0.4450929950701,0.1098140098598,-0.216183347176105,0.00969305331179321,0.119430343428829,"NK/T","MCAM",0.0181383405319782,6946096302,0,0
0.45547138084771,0.0890572383045797,-0.169268724606341,0.00755359559882985,0.0968178422731082,"NK/T","NTM",0.0175928358866712,7108060808,0,0
0.481092838517954,0.0378143229640919,-0.0773973804918789,0.00200847050604724,0.039819898355281,"NK/T","ITGA8",0.00387016125044392,7507907838.5,1.22128002626117e-187,4.63559996174821e-187
0.479446117678814,0.0411077646423721,-0.116072725841443,0.00978037811640396,0.0506917447053316,"NK/T","MRC1",0.0200462324507066,7482209205.5,2.11038062092975e-175,7.72723981201971e-175
0.319478979621928,0.361042040756143,-1.1319221049122,0.00598174911583635,0.365810919689518,"NK/T","NEBL",0.0138342765112659,4985771026.5,0,0
0.295859388291345,0.40828122341731,-1.07363736525354,0.057197747020041,0.453114428824482,"NK/T","SVIL",0.11805254360899,4617165009.75,0,0
0.253895877352855,0.49220824529429,-1.12642745376391,0.0158057896345457,0.50750594737545,"NK/T","NRP1",0.0343717014316987,3962284813.07812,0,0
0.185808121751256,0.628383756497488,-2.09841796269926,0.0113085621970921,0.636412466814305,"NK/T","PRKG1",0.0301173722157976,2899711120.3125,0,0
0.408836395893078,0.182327208213844,-0.495774817855048,0.00523948827664498,0.187193000221605,"NK/T","BICC1",0.0112586231139556,6380277850,0,0
0.468665935697871,0.0626681286042576,-0.0597885747814699,0.246779897829979,0.356480034282712,"NK/T","ANK3",0.794269382064419,7313974290.5,7.33881775889464e-80,1.79067966707748e-79
0.318158865589754,0.363682268820493,-1.33447611832255,0.00628738593197398,0.368404136819721,"NK/T","CTNNA3",0.0150316766057251,4965169401,0,0
0.329926658218489,0.340146683563022,-0.805238356454458,0.0327904641313365,0.374051391781248,"NK/T","LRMDA",0.0808258097885015,5148816912.34375,0,0
0.318656143297541,0.362687713404919,-1.17466115893428,0.00506483866742348,0.366524164468963,"NK/T","LDB3",0.0115351015405886,4972929889,0,0
0.437054696107049,0.125890607785903,-0.341577180241461,0.0187311705890058,0.143585273109645,"NK/T","ACTA2",0.0375934397760554,6820651059.5,0,0
0.281218969644635,0.43756206071073,-1.33543015962379,0.0121818102431996,0.446539662133306,"NK/T","SORBS1",0.0268619412067076,4388687457.98438,0,0
0.46471249459374,0.0705750108125197,-0.131633262178994,0.00733528358730297,0.0780988357673178,"NK/T","SORCS1",0.0176676195598636,7252277110.5,0,0
0.334616970206266,0.330766059587468,-1.05116348178599,0.00314369296598699,0.333425790989928,"NK/T","RBM20",0.00774493865757574,5222013658,0,0
0.479994182542197,0.040011634915607,-0.066882151337618,0.00576343710430948,0.0458487245979926,"NK/T","GPAM",0.0109696164892672,7490762275,3.7859963561735e-183,1.41870144308357e-182
0.279591157266097,0.440817685467806,-1.35653602260211,0.0840064620355412,0.502301902132837,"NK/T","ABLIM1",0.188975609253277,4363283909.35938,0,0
0.466993530382155,0.0660129392356891,-0.0856727688767091,0.152600096057285,0.2296295970167,"NK/T","PTPRE",0.318247371195535,7287874827,4.88651337993647e-119,1.44083833329049e-118
0.252918855315845,0.49416228936831,-1.79986474393566,0.00716063397808147,0.499151003899365,"NK/T","CACNA1C",0.0174808687791216,3947037462,0,0
0.413785295850608,0.172429408298784,-0.536858110646679,0.00864515565646422,0.180194102375575,"NK/T","VWF",0.0189242152686396,6457510105,0,0
0.476725343605217,0.046549312789567,-0.148563395048755,0.0145832423699952,0.0606331441620328,"NK/T","CD163",0.0290831140878696,7439748958,1.90071893200459e-189,7.24890901482563e-189
0.792551508796823,0.585103017593647,1.79697019734712,0.590708640789416,0.00843712805972471,"NK/T","CD69",1.81418504187326,12368514367.5,0,0
0.374532500970043,0.250934998059914,-0.723982876465989,0.0102170021394577,0.260042295708937,"NK/T","MGP",0.0216044281529925,5844933191,0,0
0.366226928170027,0.267546143659947,-0.680434305620506,0.0192987818189757,0.284454052213627,"NK/T","EPS8",0.0350943585819068,5715316888,0,0
0.429174661618043,0.141650676763913,-0.361099316058622,0.00541413788586648,0.146699481796849,"NK/T","MGST1",0.0102185136483899,6697675683.5,0,0
0.357532491771176,0.284935016457648,-0.604927837607639,0.00427891542592673,0.288984477386765,"NK/T","ABCC9",0.00754621368108303,5579632001.5,0,0
0.354650534303642,0.290698931392716,-0.742010251910218,0.00943107889796096,0.299217925631757,"NK/T","SOX5",0.019566409431104,5534656335,0,0
0.274793979977281,0.450412040045438,-1.0116713971362,0.0120944854385888,0.461594116757877,"NK/T","PPFIBP1",0.0245141325656634,4288419429.8125,0,0
0.391299402288463,0.217401195423074,-0.725623448286111,0.0065930227481116,0.223072441307733,"NK/T","DCN",0.0140733469728023,6106596512,0,0
0.766326736705292,0.532653473410585,1.52620581903742,0.681220800768458,0.270581000978877,"NK/T","BTG1",2.06086881353687,11959252046,0,0
0.486714478303424,0.0265710433931517,-0.0270585542451522,0.0857966205300616,0.114932205056407,"NK/T","ELK3",0.180816273164278,7595638833.5,2.14669237505406e-35,3.95063177737222e-35
0.343132028348876,0.313735943302248,-0.679579945131966,0.0177705977382876,0.33086339307859,"NK/T","ACACB",0.0359266266344588,5354899177.5,0,0
0.410726869947627,0.178546260104746,-0.482954210859058,0.00803388202418897,0.185888319956325,"NK/T","FLT1",0.0161209678028249,6409780482,0,0
0.285843746324091,0.428312507351818,-0.932754519216919,0.0130550582893071,0.441602716787522,"NK/T","STARD13",0.0287100715892883,4460861463.29688,0,0
0.216579951138324,0.566840097723352,-1.4145787116256,0.0116578614155351,0.576831578839231,"NK/T","LHFPL6",0.0244948217236847,3379934562.78125,0,0
0.420576912898688,0.158846174202623,-0.463874411261999,0.0153255032091866,0.172931039796417,"NK/T","RNASE1",0.0327260603705682,6563499699.5,0,0
0.4421670407764,0.1156659184472,-0.244453193696882,0.00183382089682574,0.117479927149237,"NK/T","RHOJ",0.00360168852024779,6900434023.5,0,0
0.465290404271612,0.0694191914567759,-0.146296539796307,0.00930009169104484,0.078788599237151,"NK/T","NRXN3",0.0190750931154267,7261295936.5,0,0
0.470885934357909,0.0582281312841827,-0.146677056180279,0.0138846439331092,0.0720010331776229,"NK/T","FMN1",0.0322210800434084,7348619465,3.82981866718189e-252,1.77642260643686e-251
0.430728009764619,0.138543980470763,-0.24248138178944,0.00912544208182334,0.148123036192036,"NK/T","FRMD5",0.0195398324406061,6721917147.5,0,0
0.786266491225282,0.572532982450564,2.44008966227775,0.8375322010217,0.3917592343919,"NK/T","B2M",3.82209161514993,12270430736,0,0
0.415800110413815,0.16839977917237,-0.438677183220786,0.00392961620748374,0.172022606630828,"NK/T","FBN1",0.00760029755973796,6488953188,0,0
0.482986143988675,0.03402771202265,-0.0926329037112937,0.388944679736279,0.419274926510839,"NK/T","RORA",0.95595197028832,7537454657.42188,1.24909988188499e-22,2.05311685672033e-22
0.24329811294588,0.513403774108241,-1.39431360080968,0.0272016766362485,0.535751027674191,"NK/T","TPM1",0.0621299153773993,3796896696.5,0,0
0.48158826955756,0.0368234608848808,-0.0685847912372117,0.0012225472645505,0.038051462225177,"NK/T","NTRK3",0.00241304860177518,7515639507.5,5.20826133430259e-186,1.96630007759351e-185
0.494879556172983,0.0102408876540341,-0.0198732820806174,0.000654936034580623,0.0108953276596619,"NK/T","PLIN1",0.00121310576152148,7723062580.5,2.77261299131247e-50,5.68598742466176e-50
0.607426362576887,0.214852725153774,0.567038636201217,0.244640440117015,0.0347171162603666,"NK/T","MCTP2",0.626765914049432,9479461725,0,0
0.429893971938972,0.140212056122056,-0.413157052112754,0.00567611229969873,0.145453504805597,"NK/T","SLC9A3R2",0.0119169977668348,6708901200,0,0
0.481727762722272,0.0365444745554566,-0.0821615173306787,0.0194734314281972,0.0560469508785679,"NK/T","MYH11",0.043149807609246,7517816430,5.22998876012128e-126,1.58674525483645e-125
0.491022278332775,0.0179554433344505,-0.0295987306251633,0.00126620966685587,0.0192267898261356,"NK/T","HP",0.00237290476602292,7662866119,6.68608876500852e-87,1.68776544832063e-86
0.349551880889032,0.300896238221936,-0.661638732114235,0.0334454001659171,0.333836713908126,"NK/T","ZFHX3",0.0697162609025515,5455087035.95312,0,0
0.498688360751602,0.00262327849679689,-0.00511460039389629,0.000480286425359123,0.00310393561424905,"NK/T","KRT19",0.00108164689523867,7782502571,1.0943538076214e-12,1.61071028412403e-12
0.434751057135978,0.130497885728043,-0.325222195065575,0.0417412566039383,0.170295262792544,"NK/T","PECAM1",0.0871407058022974,6784700599,0,0
0.512304714023636,0.0246094280472711,0.15746700776273,0.207833034973584,0.206215796170492,"NK/T","PRKCA",0.524120186911001,7994998616,2.86813454193368e-19,4.55323468113719e-19
0.374400635540053,0.251198728919894,-0.618310872451343,0.00270706894293324,0.253686198713518,"NK/T","ABCA8",0.0049563019219687,5842875306.5,0,0
0.420322535494106,0.159354929011788,-0.401880642601799,0.00288171855215474,0.162001957754189,"NK/T","ABCA9",0.00487576859901888,6559529900,0,0
0.412412951334566,0.175174097330867,-0.478250542218036,0.00375496659826224,0.178595905740153,"NK/T","ABCA6",0.00705052705073965,6436093373.5,0,0
0.492952711264841,0.0140945774703179,-0.0261672927311213,0.0138846439331092,0.0279970589659712,"NK/T","FASN",0.0244948850563184,7692992347,1.28100859832206e-37,2.39731414659952e-37
0.327674786808709,0.344650426382582,-1.11111437863908,0.00698598436885997,0.349965438447416,"NK/T","MYOM1",0.0147207990812723,5113674333.5,0,0
0.263028933755041,0.473942132489918,-1.21593813155006,0.0696851940793782,0.53724062325266,"NK/T","PTPRM",0.164530399915033,4104814778.73438,0,0
0.602267594730212,0.204535189460423,0.651044258109387,0.337946993843601,0.166660062548338,"NK/T","BCL2",0.962938853547837,9398954283.5,0,0
0.423509690842455,0.152980618315089,-0.472966838190828,0.00419159062131599,0.156839004803395,"NK/T","CDH19",0.00935421389973271,6609268467.5,0,0
0.393964194166637,0.212071611666726,-0.409501454023372,0.155962101034799,0.3730196817402,"NK/T","DSTN",0.307258660476656,6148183104.5,0,0
0.477684237352114,0.0446315252957729,-0.0820706034483559,0.0162424136575994,0.0612289823934205,"NK/T","SLC24A3",0.0395426672117841,7454713400,1.282813486239e-172,4.65641201971174e-172
0.468926307100684,0.0621473857986312,-0.0531781127803432,0.16482556870279,0.245748048483034,"NK/T","RALGAPA2",0.390337139023194,7318037632,1.38707980531153e-100,3.74165255493134e-100
0.412046084258509,0.175907831482982,-0.496977231541206,0.00851416844954809,0.18366346587065,"NK/T","ID1",0.0168290179180803,6430368066.5,0,0
0.330320337588598,0.339359324822803,-0.700795474447878,0.0103479893463738,0.349843629153807,"NK/T","MYL9",0.0211260454329977,5154960650.5,0,0
0.495511909658073,0.00897618068385464,-0.0173585581432718,0.000305636816137624,0.00928098762388225,"NK/T","SLPI",0.000432759328089087,7732931053.5,1.7033407393441e-45,3.3859184087278e-45
0.437602166421324,0.124795667157352,-0.31528503544474,0.0341439986028031,0.158529659095412,"NK/T","TSHZ2",0.0831490546777096,6829194850.5,0,0
0.419772689706723,0.160454620586554,-0.482920653267402,0.0182945465659521,0.177118050816489,"NK/T","CFD",0.0353736534348968,6550949037.5,0,0
0.467764655672193,0.0644706886556143,-0.0853577631993604,0.00152818408068812,0.0660455860274467,"NK/T","PLIN4",0.00303043532518887,7299908965,0,0
0.446260826772002,0.107478346455997,-0.265221066678283,0.00323101777059774,0.110533862249832,"NK/T","C3",0.00545823872546188,6964321418,0,0
0.456703781985964,0.0865924360280727,-0.139370628165385,0.00244509452910099,0.0890924914109772,"NK/T","ZNF536",0.00472138384571597,7127293591,0,0
0.49740970380815,0.00518059238370017,-0.00979837509561132,0.000305636816137624,0.00548582095794938,"NK/T","HAS1",0.000464370584240104,7762547922.5,2.8668426266331e-26,4.87928414575398e-26
0.23463964748689,0.53072070502622,-1.36581031651902,0.0158494520368511,0.544067814022158,"NK/T","TIMP3",0.0335088312410177,3661773170.46875,0,0
0.438350809412135,0.12329838117573,-0.313531757096664,0.00467187704667511,0.12775740284975,"NK/T","NCAM2",0.00944125199324935,6840878131,0,0
0.311239952608604,0.377520094782791,-0.766375776538986,0.0312622800506484,0.408906460735581,"NK/T","APP",0.0633109469818187,4857193233.3125,0,0
0.377816705879236,0.244366588241529,-0.586866064154032,0.021088940313496,0.263617325097264,"NK/T","COL6A2",0.0409938556006053,5896186308.5,0,0
0.418033284823879,0.163933430352242,-0.479908524536016,0.0410246035224961,0.202923658229391,"Pericyte","KAZN",0.0964580315878369,22885683894,0,0
0.448875002153522,0.102249995692957,-0.316745971184818,0.0203999055872138,0.121745419087474,"Pericyte","PLA2G2A",0.045376524860184,24574147036,0,0
0.809360641850844,0.618721283701687,2.05551821412374,0.739218397005766,0.208897736968269,"Pericyte","PLA2G5",2.54562093366403,44309322913,0,0
0.416914505881216,0.166170988237568,-0.437277957620942,0.3906778613256,0.608356559541706,"Pericyte","NFIA",1.05799698170816,22824435131.8594,0,0
0.401717509089462,0.196564981821075,-0.619440933040502,0.0131953108316193,0.208476821192053,"Pericyte","NEGR1",0.031589987813286,21992459121,0,0
0.435852214028566,0.128295571942869,-0.350734095652003,0.00775533600836227,0.135817657335554,"Pericyte","ST6GALNAC3",0.0177992683591368,23861200428,0,0
0.31473251146984,0.370534977060319,-1.14086021042781,0.0605702981870497,0.414280258400033,"Pericyte","NEXN",0.126481895196395,17230371432.5,0,0
0.454257928847174,0.0914841423056522,-0.203684703018311,0.00325948904699284,0.0947174257506196,"Pericyte","VAV3",0.00684630935024786,24868841174.5,0,0
0.283670367437989,0.432659265124022,-1.22820602362611,0.0187027233592969,0.447361963190184,"Pericyte","PDE4DIP",0.0408134011362613,15529840792.5,0,0
0.498231394092818,0.00353721181436373,-0.0101462905336627,0.000865450540063616,0.00440255149717629,"Pericyte","ITLN1",0.00209677824397984,27276216046,1.26981383483562e-55,1.91899444475072e-55
0.834953045412603,0.669906090825206,2.23222280453367,0.705094918568972,0.0668557266485191,"Pericyte","RGS5",2.37155629163276,45710406700.5,0,0
0.484276317912463,0.0314473641750745,-0.0689145741509798,0.00147238987984849,0.0329224393613131,"Pericyte","CD247",0.00339437967627113,26512230321,0,0
0.497632847344707,0.00473430531058616,-0.0106665112529841,0.00122511829697317,0.00595945232194369,"Pericyte","PRG4",0.00265503945315506,27243447957.5,5.00261492714072e-73,7.95539991844716e-73
0.459547867121445,0.0809042657571107,-0.184625168917749,0.0402940283912736,0.121989192703043,"Pericyte","KCNT2",0.104559238280199,25158444561.5,0,0
0.454791788809258,0.0904164223814848,-0.233173314763043,0.00187701610637174,0.09223418518669,"Pericyte","PTPRC",0.00389668777977227,24898067915,0,0
0.30673687243226,0.38652625513548,-1.24973905822157,0.019556934281957,0.40140251086824,"Pericyte","TNNT2",0.0471194613127898,16792641533.5,0,0
0.564192156965202,0.128384313930404,0.332475750907519,0.169572107765452,0.045194003169057,"Pericyte","LMOD1",0.407716469392959,30887309285,0,0
0.443101758495156,0.113796483009688,-0.192567434737898,0.00886805813130121,0.123008166416122,"Pericyte","G0S2",0.0183994789012346,24258084573.5,0,0
0.300610909824936,0.398778180350128,-2.08208672487901,0.0253902957143339,0.415365863568033,"Pericyte","RYR2",0.0668723358839329,16457269091,0,0
0.453989848231249,0.0920203035375012,-0.13057433443937,0.247889761832507,0.390284808840856,"Pericyte","SMYD3",0.684266948161375,24854164811.5,0,0
0.430931685258822,0.138136629482356,-0.192668338207539,0.0328084432005935,0.174055986673709,"Pericyte","LPIN1",0.072247100323008,23591820763.5,0,0
0.294509898802354,0.410980202395293,-1.60702305772902,0.0959076553034135,0.475114776743997,"Pericyte","SLC8A1",0.238132613224084,16123262649.9688,0,0
0.479675554152673,0.0406488916946545,-0.0845301309468796,0.00623798765890009,0.0469800511924593,"Pericyte","NRXN1",0.0156488410401281,26260356537.5,0,0
0.508922629430627,0.017845258861255,0.0207239471711445,0.486203369637298,0.575798155446309,"Pericyte","SPTBN1",1.3382172142182,27861519277.25,2.31664205504314e-19,3.00247993770106e-19
0.43307697799515,0.133846044009699,-0.208342827401341,0.139989434759641,0.291988786413684,"Pericyte","EHBP1",0.344039866128977,23709267132.5,0,0
0.405679997823296,0.188640004353408,-0.732230191934199,0.143709748120174,0.312306504692642,"Pericyte","TMSB10",0.351969730494667,22209389848.5,0,0
0.502089350548909,0.00417870109781826,0.0356200752881599,0.0650549055310157,0.0624401738918458,"Pericyte","IL18R1",0.155431360268436,27487424041,1.587193422972e-06,1.86283157173016e-06
0.492608430736048,0.0147831385279037,-0.041679825288901,0.025232941070686,0.0399041157112095,"Pericyte","CXCR4",0.0605506331990177,26968380841,6.91073356878192e-103,1.18615962979619e-102
0.640147413603225,0.28029482720645,0.77604903914594,0.368760607388924,0.100296591232276,"Pericyte","ARHGAP15",1.00223736845106,35045561885,0,0
0.586475835919921,0.172951671839843,0.507763185774928,0.483247350260197,0.397848291553244,"Pericyte","ZEB2",1.36867481079523,32107253368.5625,0,0
0.622224449444069,0.244448898888137,0.675892818132085,0.378314282181835,0.13062202900906,"Pericyte","SCN7A",1.0413420757234,34064349845,0,0
0.287148240027227,0.425703519945546,-2.0453657257938,0.0423508783761001,0.453264535001828,"Pericyte","TTN",0.109015968930831,15720240685.5,0,0
0.709586361096317,0.419172722192633,1.16706147872829,0.571579503433703,0.197022711575184,"Pericyte","TFPI",1.62002257764143,38847072099.5,0,0
0.751964914302909,0.503929828605817,1.43911376839931,0.563352103494397,0.0958176573355544,"Pericyte","MYO1B",1.6177380026926,41167131788,0,0
0.504801189322401,0.00960237864480229,0.10978775872998,0.199997752076519,0.210376630236054,"Pericyte","ANKRD44",0.512125452145487,27635886585,6.8536055248568e-11,8.4004245600792e-11
0.26766893416809,0.46466213166382,-1.01114095693138,0.11254228906048,0.576508349246333,"Pericyte","CFLAR",0.24380623934587,14653825037.3906,0,0
0.474529443288827,0.0509411134223465,-0.0896976313588129,0.0105315215070079,0.0616568480071507,"Pericyte","NRP2",0.0228028763881328,25978627137.5,0,0
0.500925071118664,0.00185014223732849,0.0306643473272158,0.0753166762203415,0.0752009100881648,"Pericyte","DOCK10",0.183742679161873,27423684305.5,0.0507210313391322,0.0550908913934503
0.435921069989767,0.128157860020466,-0.335664925215226,0.0673590270987176,0.194620728883111,"Pericyte","PID1",0.170464733129603,23864970022,0,0
0.456131568090799,0.0877368638184013,-0.266355914963794,0.0881860381472615,0.170449762320725,"Pericyte","COL6A3",0.201103715068409,24971415579.5,0,0
0.467647694923592,0.0647046101528155,-0.106051555330308,0.0019556934281957,0.0667045870068663,"Pericyte","CHL1",0.00417614207329947,25601878387,0,0
0.515582042705895,0.0311640854117894,0.174362627309972,0.196479751829248,0.185991142891968,"Pericyte","PPARG",0.504387615369586,28226096053,2.49576329428724e-108,4.33955801549874e-108
0.46142296232318,0.0771540753536401,-0.156455602501226,0.00202313113261625,0.0791760451793768,"Pericyte","STAB1",0.00405830115236156,25261098674.5,0,0
0.44424657847755,0.1115068430449,-0.24311670409006,0.00875566195726698,0.120442042822898,"Pericyte","CADM2",0.0208719580856287,24320758980.5,0,0
0.448208262998561,0.103583474002878,-0.254943665759738,0.01868024412449,0.121522772518588,"Pericyte","CCDC80",0.0362508855587306,24537645680.5,0,0
0.544071408485483,0.0881428169709664,0.319762958499883,0.342695934630385,0.32407264453744,"Pericyte","KALRN",0.954872733324533,29785777167.5,0,0
0.498457172328816,0.00308565534236882,-0.00847211504236864,0.000696856279012262,0.00378174135619388,"Pericyte","CPA3",0.00150934073990201,27288576519.5,1.54811561950162e-49,2.29005646654313e-49
0.435315316652694,0.129369366694613,-0.40708535903255,0.0743275898888402,0.197251858773819,"Pericyte","TM4SF1",0.16565742706355,23831807401,0,0
0.654540319062832,0.309080638125664,0.922437639182132,0.349226152341774,0.0502254905944013,"Pericyte","KCNAB1",1.02121652102575,35833517047,0,0
0.450197576495639,0.0996048470087212,-0.205711167468784,0.0319879511301435,0.132572217933612,"Pericyte","RARRES1",0.0767458463506186,24646552797.5,0,0
0.356546470505026,0.286907058989949,-0.568006493090828,0.0378213125625204,0.328519075285418,"Pericyte","TNIK",0.0887490096377095,19519521803,0,0
0.647707815122149,0.295415630244298,0.643411076818201,0.734407840757101,0.658725063990574,"Pericyte","LPP",2.44679874169727,35459464235.7344,0,0
0.307180642273769,0.385638715452462,-1.54099052730927,0.00813748300007868,0.391594685735181,"Pericyte","FGF12",0.0211854826872756,16816936193,0,0
0.467645966927743,0.0647080661445141,-0.187886765887339,0.144462802486203,0.209447040182018,"Pericyte","LDB2",0.369549486505688,25601783786,0,0
0.444091286392514,0.111817427214971,-0.17982592160171,0.176136044329051,0.308649900459107,"Pericyte","RBPJ",0.408805841853615,24312257347.5,0,0
0.464230185541461,0.0715396289170789,-0.180989157359481,0.00441716963954547,0.0759387315646203,"Pericyte","RBM47",0.0108976912132104,25414783143,0,0
0.497236807047899,0.00552638590420229,-0.0131535486396454,0.00087669015746704,0.00640312030227928,"Pericyte","KIT",0.00207913510814309,27221766303.5,5.15182884081137e-93,8.62408607018058e-93
0.758252256625987,0.516504513251975,1.67779851065698,0.789414528329456,0.474079551456547,"Pericyte","IGFBP7",2.92621686838922,41511339137.4219,0,0
0.412444908262732,0.175110183474536,-0.276546291444829,0.0697081071360331,0.253579815544631,"Pericyte","BMP2K",0.160047672513169,22579742180.5,0,0
0.7099561539679,0.4199123079358,1.46366323798545,0.758415663530813,0.379054970950311,"Pericyte","SPARCL1",2.70497337032181,38867316809.8438,0,0
0.49633922991573,0.00732154016854014,-0.0154619013056413,0.000325948904699284,0.00764799089911835,"Pericyte","MMRN1",0.000771423260040624,27172627473.5,1.02646352650817e-137,1.91809820995883e-137
0.490722531199212,0.0185549376015764,-0.0299529759844426,0.00144991064504164,0.0200203144679641,"Pericyte","HPGDS",0.00341798460170658,26865135233,0,0
0.253671306589125,0.492657386821751,-1.55848307604149,0.0739117240449135,0.542326412871247,"Pericyte","PDLIM5",0.15342011434989,13887509790.0938,0,0
0.44824286458063,0.103514270838739,-0.148760196091092,0.00556361061469468,0.109322715638077,"Pericyte","SMAD1",0.0108265108016955,24539539981.5,0,0
0.286700707980317,0.426598584039365,-1.42061431048444,0.0496678693057288,0.459890301872994,"Pericyte","PALLD",0.100151541063462,15695740060,0,0
0.446407122177805,0.107185755644389,-0.183379127700121,0.00509154668375089,0.112506399057409,"Pericyte","TENM3",0.0116122047259469,24439040280,0,0
0.387238105766442,0.225523788467116,-0.416187633152003,0.021625023884187,0.247804006013083,"Pericyte","ACSL1",0.0412410135514992,21199768540,0,0
0.295879070928358,0.408241858143285,-1.51192110896683,0.0255588899753852,0.425354081176614,"Pericyte","SORBS2",0.054478029051839,16198219457.5,0,0
0.781745885038639,0.563491770077277,1.73294278488702,0.57455800204561,0.0190175923292569,"Pericyte","EGFLAM",1.76665789338223,42797523211.5,0,0
0.448941253818699,0.102117492362603,-0.334183534946135,0.103067291589394,0.19868199731849,"Pericyte","C7",0.258178221215011,24577774055,0,0
0.463326267169949,0.0733474656601022,-0.0633114371111747,0.162637263827539,0.260676878072563,"Pericyte","GHR",0.419531917199155,25365297155,0,0
0.313403064106019,0.373193871787962,-1.09288458333447,0.00864326578323274,0.379914679234551,"Pericyte","CMYA5",0.0187445351929061,17157589400,0,0
0.471446463198761,0.0571070736024786,-0.0381783065923984,0.259826235514943,0.366188599520579,"Pericyte","FER",0.67167210774383,25809846061.0781,6.54081717311495e-229,1.45560869412308e-228
0.867676096920295,0.735352193840591,2.31744144009672,0.785772892290746,0.106754966887417,"Pericyte","PDGFRB",2.54595493351576,47501865515,0,0
0.399032127506783,0.201935744986435,-0.587012177903049,0.0134763012667049,0.213818713687889,"Pericyte","CD74",0.0267017387450936,21845445004.5,0,0
0.289908824144166,0.420182351711669,-1.40521205689254,0.00781153409537939,0.426074025921261,"Pericyte","SGCD",0.0190983620669839,15871371846,0,0
0.709219144033131,0.418438288066262,1.28963787798923,0.623675130098571,0.24889123633852,"Pericyte","EBF1",1.97497730958352,38826968404.5703,0,0
0.463992859611211,0.0720142807775788,-0.158735331557903,0.00212428768924706,0.0741543086986552,"Pericyte","DOCK2",0.00498377215797741,25401790478.5,0,0
0.474449227747296,0.0511015445054077,-0.105738232417852,0.0362028076564274,0.0876268638524357,"Pericyte","GFPT2",0.0811413066368823,25974235651,0,0
0.469580158460504,0.0608396830789927,-0.185222448556922,0.00191073495858201,0.0627164506561573,"Pericyte","F13A1",0.00453052621938962,25707673191.5,0,0
0.311849367154445,0.37630126569111,-1.30219293875943,0.00684492699868496,0.381149798886767,"Pericyte","MLIP",0.0155327603411751,17072530581.5,0,0
0.351262160556904,0.297475678886191,-0.747778055059609,0.314945319261332,0.606539633526998,"Pericyte","DST",0.796297635744941,19230226544.7969,0,0
0.682346401955187,0.364692803910374,1.11783705343152,0.484168998887278,0.138608052655101,"Pericyte","ADGRB3",1.48392244536812,37355791101.5,0,0
0.469876804025436,0.0602463919491282,-0.0844567909981372,0.0189050364725585,0.0800926339739162,"Pericyte","SLC35F1",0.0473654558917744,25723913373.5,0,0
0.25134065958343,0.497318680833139,-1.87008855425054,0.139910757437817,0.605034737740219,"Pericyte","LAMA2",0.456002007019144,13759916001.3281,0,0
0.466137238400833,0.0677255231983336,-0.120237057940738,0.0347978554809994,0.103507902328038,"Pericyte","ARHGAP18",0.0790820994647017,25519186812.5,0,0
0.492665573274238,0.014668853451524,-0.0114314380410769,0.128064200694608,0.146048023402267,"Pericyte","AKAP12",0.303724563257918,26971509171,3.68351925462678e-31,5.07185842486803e-31
0.44603845228787,0.107923095424261,-0.17549161914177,0.00555237099729125,0.113819526266607,"Pericyte","SYTL3",0.0136923199319722,24418857048.5,0,0
0.279845362849122,0.440309274301757,-1.13172142339952,0.224219127580897,0.636546540446106,"Pericyte","QKI",0.542704005465904,15320436783.0781,0,0
0.476262643675108,0.0474747126497832,-0.103819906336472,0.000977846714097852,0.048450818673059,"Pericyte","IKZF1",0.00207778041889806,26073513065.5,0,0
0.486607053029202,0.0267858939415957,-0.0402159021956832,0.00109024288813209,0.0278909519359688,"Pericyte","MLXIPL",0.00241732643044523,26639828933.5,0,0
0.704542979434788,0.409085958869577,1.15151621285205,0.769306852794731,0.514619103725673,"Pericyte","CD36",2.62289219758513,38570966720.6875,0,0
0.468638057035921,0.0627238859281571,-0.0860649251084102,0.0148700138247294,0.0783975947669931,"Pericyte","SEMA3A",0.0384972022412794,25656096831,0,0
0.491319955793931,0.0173600884121374,-0.0278083834014408,0.00341684369064077,0.0208101409824077,"Pericyte","RELN",0.00799457301968194,26897841888,7.87199620624199e-281,1.93174860226186e-280
0.392215010069696,0.215569979860609,-0.456172974824362,0.127850647963943,0.351516678178199,"Pericyte","NAMPT",0.301865997870078,21472234544,0,0
0.404203168858541,0.191593662282919,-0.325095920001721,0.00515898438817143,0.197183602161459,"Pericyte","PLXNA4",0.0117649320013419,22128539251,0,0
0.820915725576351,0.641831451152702,1.60972347205961,0.884861359319329,0.593314102303661,"Pericyte","CALD1",3.11745558029068,44941918457.6875,0,0
0.487405192293987,0.0251896154120254,-0.035044219778893,0.00439469040473862,0.0296493722829399,"Pericyte","KIAA1549",0.00982025392151453,26683523930,0,0
0.482579103033807,0.034841793932387,-0.151196126996802,0.329376988007328,0.353821151424044,"Pericyte","TMSB4X",1.12368359172733,26419314458.5,9.31770764147719e-87,1.53683711352029e-86
0.492387366819273,0.015225266361454,-0.00847057943783311,0.0396196513470681,0.0557315239913867,"Pericyte","GPM6B",0.0926664642393514,26956278458,5.02622073045041e-79,8.12947006196093e-79
0.290498332258635,0.419003335482729,-0.970850507397499,0.0953231951984354,0.510743103238126,"Pericyte","SAT1",0.206772139777034,15903645104.7344,0,0
0.365242308940225,0.269515382119549,-0.989366202756952,0.294792685256994,0.478649494169748,"Pericyte","DMD",0.789507095855011,19995584874.6406,0,0
0.547841805075194,0.0956836101503875,0.340790528250582,0.266716120983242,0.186387681306627,"Pericyte","TIMP1",0.796836334586318,29992191603,0,0
0.522380387730615,0.0447607754612303,0.198708209616124,0.244034573063133,0.231710071913217,"Pericyte","FLNA",0.579770792749501,28598278797.5,5.30275449555231e-187,1.0929445544256e-186
0.428560803542053,0.142878392915893,-0.356439397325298,0.031257375998921,0.173261284686954,"Pericyte","F8",0.0711595371400023,23462024282,0,0
0.422610180911567,0.154779638176865,-0.310445994047107,0.0384956896067258,0.193395360175517,"Pericyte","CTSB",0.0732730460422028,23136251016,0,0
0.882435936016263,0.764871872032526,2.74324044661906,0.891908599431275,0.504863283630602,"Pericyte","DLC1",3.90805018231358,48309908855.4219,0,0
0.47430346060897,0.0513930787820603,-0.118487006675576,0.00102280518371155,0.0524097021898996,"Pericyte","MSR1",0.0021760690933819,25966255471.5,0,0
0.575743139540953,0.151486279081907,0.370819554172622,0.543559137246968,0.512420265713241,"Pericyte","RBPMS",1.56643423619587,31519680307.8125,0,0
0.491069935301939,0.0178601293961216,-0.0446672584605261,0.00342808330804419,0.0212879372689229,"Pericyte","XKR4",0.00796153543590279,26884154246,9.578163551127e-291,2.39175693268749e-290
0.504380529491448,0.00876105898289681,-0.0516933913603684,0.205145496847287,0.182116767561858,"Pericyte","FABP5",0.541920041520327,27612857108,4.19334301487658e-10,5.10741059322312e-10
0.475313049072555,0.0493739018548909,-0.147344715725198,0.407436130874105,0.511952220371348,"Pericyte","ZFPM2",1.16007535387837,26021526482.875,1.83984167462689e-143,3.48123029367521e-143
0.488747465580553,0.0225050688388938,-0.0638157639956407,0.00107900327072866,0.0235729086255231,"Pericyte","PKHD1L1",0.00225269070217612,26757008131.5,0,0
0.540946822893004,0.0818936457860071,0.164324738122602,0.541704600375403,0.583021980254337,"Pericyte","NFIB",1.54002146638305,29614718352.8906,0,0
0.399756187870258,0.200487624259483,-0.464229181794395,0.00704724011194659,0.207474099053346,"Pericyte","BNC2",0.0158633568147561,21885084471.5,0,0
0.502713676841148,0.00542735368229597,0.0131571319172213,0.00967731058434771,0.0042514118555235,"Pericyte","CCL21",0.0243679548231906,27521603458.5,2.27311989080553e-103,3.90691788004947e-103
0.80259108196441,0.605182163928819,1.97731337721301,0.675714558676423,0.161213992605534,"Pericyte","FRMD3",2.25409421303966,43938716042,0,0
0.429146436964189,0.141707126071623,-0.385786386990166,0.291634352766632,0.427146629829765,"Pericyte","GSN",0.761941300058772,23494085416.5156,0,0
0.45509364130402,0.089812717391961,-0.184234916914879,0.211192411010329,0.304835655954171,"Pericyte","STOM",0.482669594957099,24914593156,0,0
0.389449129263077,0.221101741473846,-0.54665930670911,0.0907599105326455,0.308870921870556,"Pericyte","ENG",0.209059347292977,21320813410.5,0,0
0.424951973440886,0.150096053118228,-0.395202925319933,0.0207033752571062,0.169240645187503,"Pericyte","EGFL7",0.0416130474019811,23264454978.5,0,0
0.523633945826084,0.0472678916521687,0.207639160929487,0.352519360240977,0.318854264006826,"Pericyte","IFITM3",1.2129586436556,28666906190,2.89595435266373e-166,5.73137971222762e-166
0.473331733848967,0.053336532302066,-0.0573911470736234,0.0490946488181542,0.104661764108398,"Pericyte","PNPLA2",0.0963902382860457,25913057240,0,0
0.389119162043319,0.221761675913363,-0.422630730859521,0.00540625597104675,0.227463535530004,"Pericyte","PDE3B",0.0118851163271617,21302748998.5,0,0
0.468778056154023,0.0624438876919546,-0.140767222087793,0.204909464881815,0.269210579774916,"Pericyte","CD59",0.504813267758179,25663761234,0,0
0.312348635279449,0.375302729441102,-1.30801368376593,0.0101943329849052,0.382875716084996,"Pericyte","MYBPC3",0.026287513285101,17099863554.5,0,0
0.474565718068302,0.0508685638633958,-0.120074947165107,0.00059569972238145,0.0514573599317434,"Pericyte","MS4A6A",0.001224485186322,25980613039.5,0,0
0.471993972182181,0.0560120556356376,-0.0156182419184406,0.188533342325027,0.274035672205745,"Pericyte","TMEM135",0.472538281429794,25839820032,4.057398371334e-267,9.71172874638954e-267
0.779856690443999,0.559713380887998,1.75831094953035,0.57872790010228,0.0346532320318531,"Pericyte","GUCY1A2",1.81876323969202,42694097212,0,0
0.45993585770044,0.0801282845991208,-0.0651636725426485,0.186049386878871,0.297966115467436,"Pericyte","SIK2",0.473107933167645,25179685525,0,0
0.581311964970745,0.162623929941491,0.589272578916096,0.243427633723348,0.0939438508105473,"Pericyte","TAGLN",0.78915362557519,31824551673.5,0,0
0.602898962388414,0.205797924776828,0.536862956560181,0.28355306785357,0.0916150002031447,"Pericyte","MCAM",0.696334749751627,33006355173.5,0,0
0.450773835894827,0.098452328210347,-0.187076512004672,0.00766541906913489,0.106386056149189,"Pericyte","NTM",0.0179132541716163,24678100741,0,0
0.483090850974586,0.0338182980508281,-0.0695557395670231,0.00904789200975599,0.0428619022467802,"Pericyte","ITGA8",0.0179816255160714,26447330652.5,0,0
0.47222434366024,0.0555513126795196,-0.149486296817672,0.000842971305256769,0.056376711493926,"Pericyte","MRC1",0.00174212067092114,25852431967.5,0,0
0.300748633008419,0.398502733983162,-1.25005606368949,0.00786773218239651,0.404173404298541,"Pericyte","NEBL",0.0168061114254331,16464808895.5,0,0
0.265268587445301,0.469462825109398,-1.23401862928252,0.0361128907172,0.498673058952586,"Pericyte","SVIL",0.0786464872902524,14522415462.2969,0,0
0.614952812109657,0.229905624219314,0.604957037226206,0.564846972609052,0.480913338479665,"Pericyte","NRP1",1.65270400906054,33666256201.5781,0,0
0.714094061903992,0.428188123807985,1.15385668691876,0.785199671803172,0.591632064356234,"Pericyte","PRKG1",3.06839130353987,39093851051.125,0,0
0.423575131359986,0.152849737280028,-0.42337669910952,0.0496791089231323,0.200303904440743,"Pericyte","BICC1",0.121018188812382,23189078271,0,0
0.322678176655937,0.354643646688126,-0.851004539788943,0.0412943543401783,0.397970178361029,"Pericyte","ANK3",0.108613277089293,17665365459,0,0
0.33579396803153,0.32841206393694,-1.21189971881476,0.0924570927605624,0.394825498720189,"Pericyte","CTNNA3",0.247306872279792,18383403630.4531,0,0
0.367283517313582,0.265432965372837,-0.620072262608854,0.123388519854784,0.397593141835615,"Pericyte","LRMDA",0.318137699150048,20107333032.7188,0,0
0.354293414967451,0.291413170065097,-0.955501956623577,0.130357082644907,0.387218136756998,"Pericyte","LDB3",0.313200380926393,19396175843,0,0
0.682290489358927,0.364580978717854,1.12158291439806,0.443166874599589,0.0956210132856621,"Pericyte","ACTA2",1.34796053880581,37352730106,0,0
0.272067048323064,0.455865903353872,-1.39330041289363,0.0449135111440807,0.48844431804331,"Pericyte","SORBS1",0.101575110375296,14894604549.2969,0,0
0.462689913888872,0.0746201722222559,-0.137426259556165,0.0103067291589394,0.0852671352537277,"Pericyte","SORCS1",0.0249545702944037,25330459307,0,0
0.319988851859465,0.36002229628107,-1.14666267020042,0.0105540007418147,0.36781700727258,"Pericyte","RBM20",0.0229164443931307,17518135467,0,0
0.481754164106204,0.0364916717875926,-0.0567828426233531,0.0124422564655899,0.0491870149920774,"Pericyte","GPAM",0.0260671424005016,26374152285.5,0,0
0.227465825795557,0.545068348408885,-1.67516771876369,0.016848186487732,0.556925202128956,"Pericyte","ABLIM1",0.0378482047254285,12452862427.0625,0,0
0.376589757567316,0.246820484865368,-0.432426733093558,0.0106551572984456,0.258424409864706,"Pericyte","PTPRE",0.0233342174397478,20616813211.5,0,0
0.528701007446219,0.0574020148924379,0.347139160520473,0.632408312821032,0.461570714662983,"Pericyte","CACNA1C",2.06210222316962,28944307953.7344,7.07289683323623e-196,1.48277418196591e-195
0.410818661222489,0.178362677555022,-0.564486980733116,0.0209169279877713,0.196839068784789,"Pericyte","VWF",0.0451467228056245,22490711529,0,0
0.466801117131845,0.06639776573631,-0.19526246610086,0.00116892020995605,0.0675171657254297,"Pericyte","CD163",0.00221966532335101,25555531571,0,0
0.484825239966505,0.0303495200669898,-0.0844503173830893,0.000865450540063616,0.0312046479502702,"Pericyte","CD69",0.00186848005167797,26542281652,0,0
0.45900671155946,0.0819865768810794,-0.263753329908402,0.185644760652347,0.261500832893187,"Pericyte","MGP",0.491609719135622,25128818415.5,0,0
0.835063952868191,0.670127905736382,2.0623245810455,0.76424902496319,0.205210254743428,"Pericyte","EPS8",2.49520068552611,45716478449,0,0
0.421961299336359,0.156077401327282,-0.396709727908953,0.00597947645862135,0.161787673180839,"Pericyte","MGST1",0.0129803253604484,23100727293,0,0
0.77583214274696,0.551664285493921,1.65328359377894,0.651009879623698,0.226041522772519,"Pericyte","ABCC9",2.03723305187554,42473768999.5,0,0
0.712413994679837,0.424827989359675,1.32762820024619,0.580481280417215,0.247763377077154,"Pericyte","SOX5",1.89736127678282,39001873955.5,0,0
0.373100720300971,0.253798559398058,-0.563249194493978,0.208551100920525,0.481451265591354,"Pericyte","PPFIBP1",0.511190895896446,20425802096.1875,0,0
0.45640735493876,0.0871852901224792,-0.377863266634121,0.156410515786043,0.224653638321212,"Pericyte","DCN",0.385970991935116,24986513828.5,0,0
0.554261267515405,0.10852253503081,0.31962188925038,0.345236088163559,0.275070897493195,"Pericyte","BTG1",0.863538965506526,30343632011,0,0
0.455368359975056,0.0892632800498887,-0.148555083133709,0.0346180216025447,0.125460528988746,"Pericyte","ELK3",0.0772062184763596,24929632926.5,0,0
0.346420833561198,0.307158332877604,-0.663746179368133,0.0512076968899979,0.359645715678706,"Pericyte","ACACB",0.113509631129173,18965182867,0,0
0.544761587227105,0.0895231744542107,0.239966310634307,0.258938305740073,0.168705968390688,"Pericyte","FLT1",0.69302228300402,29823561748.5,0,0
0.417536190657015,0.16492761868597,-0.339929094147763,0.247035550909847,0.453784585381709,"Pericyte","STARD13",0.634145187302428,22858469936.6875,0,0
0.757185337691524,0.514370675383048,1.36805706259206,0.776994751098673,0.526853288912363,"Pericyte","LHFPL6",2.58830853653985,41452929507.4688,0,0
0.410317225508522,0.179365548982956,-0.523519177482732,0.0123073810567488,0.190289684313168,"Pericyte","RNASE1",0.024130723791183,22463259889,0,0
0.536659742951836,0.0733194859036719,0.212918253609014,0.172101021681222,0.105277698777069,"Pericyte","RHOJ",0.426126620387908,29380017529,0,0
0.4638126545281,0.0723746909438,-0.148496359221469,0.0130379561879714,0.0857091780766262,"Pericyte","NRXN3",0.0308768297481415,25391924956.5,0,0
0.460792521574957,0.0784149568500868,-0.195162663064533,0.001618504906093,0.0800146264169341,"Pericyte","FMN1",0.0036198295630203,25226584514.5,0,0
0.423905871831447,0.152188256337107,-0.264400404560635,0.0099583010194333,0.162926908544265,"Pericyte","FRMD5",0.0231362425371833,23207185015.5,0,0
0.4330798607038,0.1338402785924,-0.549638316824217,0.304784705128637,0.420927152317881,"Pericyte","B2M",0.981146596935592,23709424949.5,0,0
0.436656258985532,0.126687482028936,-0.348272192083074,0.059199064863832,0.182079388940804,"Pericyte","FBN1",0.12773583050731,23905218738,0,0
0.511267479471063,0.0225349589421269,0.1144166862881,0.393116858302143,0.421928249299151,"Pericyte","RORA",1.14553541197871,27989890626.5,6.27036641093003e-34,8.75138229885884e-34
0.383272900098098,0.233454199803805,-0.609682554176216,0.344662867675984,0.544452118799009,"Pericyte","TPM1",0.878438129179597,20982689070.9844,0,0
0.493182067079877,0.013635865840246,-0.0144370658698053,0.0246597205831113,0.0386169910210052,"Pericyte","NTRK3",0.0561542442058386,26999785182.5,1.65699808165926e-90,2.75962649779506e-90
0.494232219801244,0.0115355603975126,-0.0222045171843205,0.000483303548347214,0.0120196644049892,"Pericyte","PLIN1",0.00104062254468661,27057276928,3.0881759835198e-217,6.73380653977351e-217
0.477420818385226,0.0451583632295489,-0.0842275755815636,0.00206808960222994,0.0472514524844594,"Pericyte","MCTP2",0.00457937546085361,26136918591.5,0,0
0.440784596551002,0.118430806897997,-0.377364219260521,0.0407998111744276,0.155382927721123,"Pericyte","SLC9A3R2",0.0819453452141946,24131229039,0,0
0.497440869857193,0.00511826028561313,-0.0128465825508157,0.0503197671151274,0.0555137528948117,"Pericyte","MYH11",0.111415791471745,27232937942.5,3.7620658961841e-10,4.58434266682311e-10
0.489745701736019,0.0205085965279624,-0.0337280921550232,0.00071933551381911,0.0212343070734977,"Pericyte","HP",0.00154176210950099,26811657648.5,0,0
0.620503789520883,0.241007579041767,0.731864405228928,0.46579222443268,0.303576158940397,"Pericyte","ZFHX3",1.3492499594313,33970150458.2031,0,0
0.498471977242546,0.00305604551490757,-0.00602229900356147,0.000348428139506131,0.00340470483078048,"Pericyte","KRT19",0.00076840043612447,27289387030.5,2.12732463504428e-54,3.20171265359766e-54
0.411533118551474,0.176933762897053,-0.432049366407076,0.012284901821942,0.188357372120424,"Pericyte","PECAM1",0.0243167664044923,22529825267.5,0,0
0.454079682936279,0.0918406341274414,-0.102847327159818,0.113857324296681,0.219630276683054,"Pericyte","PRKCA",0.281918827816125,24859082909.5,0,0
0.414906705611226,0.170186588777547,-0.423052771527196,0.0974474828876825,0.266935359362938,"Pericyte","ABCA8",0.233550179598777,22714515936.5,0,0
0.43507056860207,0.12985886279586,-0.332788014779533,0.0443852491261197,0.173085767683744,"Pericyte","ABCA9",0.102939468393071,23818408404.5,0,0
0.424112283703882,0.151775432592235,-0.423948219980858,0.0423621179935035,0.191786454312762,"Pericyte","ABCA6",0.0993563661494328,23218485256.5,0,0
0.492559051840397,0.0148818963192051,-0.0244934355226753,0.0144653875982062,0.0294283508714907,"Pericyte","FASN",0.0284119694681946,26965677540,8.73819874111021e-142,1.64701579867758e-141
0.324790556625158,0.350418886749684,-1.13752453529771,0.0419912106191905,0.381729980091821,"Pericyte","MYOM1",0.095877408123435,17781009983,0,0
0.259352205313387,0.481295589373226,-1.23465211774444,0.1083386721516,0.581853492057043,"Pericyte","PTPRM",0.262244169296361,14198516729.3906,0,0
0.44369981801204,0.112600363975919,-0.185266738325662,0.0689550527700037,0.187162881404136,"Pericyte","BCL2",0.171203197053739,24290825988,0,0
0.417542101615555,0.16491579676889,-0.512324177396519,0.00840723381776084,0.172619347499289,"Pericyte","CDH19",0.0193364064989373,22858793538.5,0,0
0.446918694367419,0.106162611265163,-0.138578832534882,0.232232974789538,0.385297200666315,"Pericyte","DSTN",0.582370835090484,24467046852.3125,0,0
0.507907273898941,0.0158145477978813,0.0687518670618597,0.071854874060087,0.058018120505424,"Pericyte","SLC24A3",0.17901112549541,27805932541.5,4.01049753410301e-77,6.45756834618964e-77
0.401775073730929,0.196449852538142,-0.332528499823218,0.0645940812174754,0.268929427538293,"Pericyte","RALGAPA2",0.151264497190804,21995610559.5,0,0
0.42990097800257,0.14019804399486,-0.417549671530287,0.0593227006552697,0.195122902531183,"Pericyte","ID1",0.132842817651692,23535393581,0,0
0.619039339292464,0.238078678584928,0.735427695912376,0.455991278056895,0.321859180108073,"Pericyte","MYL9",1.34165630218264,33889977548,0,0
0.495113155294588,0.00977368941082413,-0.0186674645049771,0.000449584696136943,0.0102238654369642,"Pericyte","SLPI",0.00091755891859273,27105504693.5,2.80662558205465e-183,5.7450360008306e-183
0.425144152212215,0.14971169557557,-0.375565310434413,0.023614436164593,0.173407548856295,"Pericyte","TSHZ2",0.0600597449467759,23274976013,0,0
0.411055776671918,0.177888446656165,-0.527378861598781,0.0172752919490621,0.194318449599805,"Pericyte","CFD",0.041833089067876,22503692670.5,0,0
0.464303191059993,0.0713936178800139,-0.0945832612506678,0.00152858796686561,0.0729728192418641,"Pericyte","PLIN4",0.00297752733002008,25418779909,0,0
0.441665149679074,0.116669700641853,-0.287112772787034,0.00523766170999539,0.12176492097672,"Pericyte","C3",0.0112116596904164,24179435871.5,0,0
0.452578643507759,0.0948427129844811,-0.151381607980677,0.00328196828179969,0.09827489538049,"Pericyte","ZNF536",0.00730166615143146,24776906884,0,0
0.497793166602411,0.00441366679517774,-0.00828161491188391,0.00146115026244507,0.0058749441352131,"Pericyte","HAS1",0.00270868193325943,27252224808.5,3.19339793135605e-64,4.94436258171804e-64
0.628827214946873,0.257654429893747,0.717467124262321,0.635341852963325,0.511209523422582,"Pericyte","TIMP3",1.98173663210962,34425825377.2344,0,0
0.541930290194112,0.0838605803882244,0.261386252991365,0.191927706780861,0.113897533823589,"Pericyte","NCAM2",0.541143605386253,29668559333,0,0
0.381865134987565,0.23626973002487,-0.463221939195345,0.17554034460667,0.428593019948807,"Pericyte","APP",0.400060054981656,20905619448.8125,0,0
0.617356776312018,0.234713552624036,0.628409313161066,0.441503411223882,0.228869296713119,"Pericyte","COL6A2",1.1578004094827,33797863819.5,0,0
0.453809381077294,0.0923812378454126,-0.314227220021883,0.0981279572104505,0.184254900226616,"Smooth Muscle","KAZN",0.20802066186995,4564453183,2.58447874728059e-177,2.23455275881717e-176
0.522990162379801,0.0459803247596022,0.0832857487534651,0.157100733731057,0.107924600522246,"Smooth Muscle","PLA2G2A",0.403670450069609,5260279339.5,2.59900964810478e-69,9.8906132070919e-69
0.714329256593048,0.428658513186097,1.30334491456491,0.666872385654529,0.267624359697439,"Smooth Muscle","PLA2G5",2.02612655339441,7184784151.5,0,0
0.425776580690674,0.148446838618652,-0.372901025782315,0.452513200301721,0.583571717511487,"Smooth Muscle","NFIA",1.07485548165379,4282496902.92188,1.23201314619062e-223,1.37679032555261e-222
0.426119043315324,0.147761913369352,-0.480131234602344,0.042583830487554,0.186793637353508,"Smooth Muscle","NEGR1",0.102589592967739,4285941421,0,0
0.449908196333649,0.100183607332702,-0.280791071366271,0.0222176506891586,0.121699895463765,"Smooth Muscle","ST6GALNAC3",0.0492494046680524,4525214736.5,2.63092200266171e-296,4.04679461230378e-295
0.471453763249829,0.0570924735003416,-0.240404168138122,0.389357471027909,0.369179644286827,"Smooth Muscle","NEXN",0.887795219370385,4741921873,2.01143590778172e-42,5.76304037869719e-42
0.460740097085834,0.078519805828332,-0.177064169033722,0.00644586161969416,0.0847859906946802,"Smooth Muscle","VAV3",0.011402391832594,4634162911.5,1.7663764723366e-252,2.21104637034771e-251
0.368993456651728,0.262013086696543,-0.771528941714545,0.168346705067544,0.39796553059026,"Smooth Muscle","PDE4DIP",0.358311059096792,3711367433,0,0
0.499832731970977,0.000334536058045454,-0.00490097980329785,0.00363436878557224,0.00396251774288726,"Smooth Muscle","ITLN1",0.00616182580857488,5027359943.5,0.52419201057396,0.569880845075838
0.616818948934999,0.233637897869999,0.61659517702602,0.383528766371803,0.142491152116895,"Smooth Muscle","RGS5",1.02514968437171,6204017220,0,0
0.487380039634681,0.0252399207306375,-0.0563847487302377,0.00425152574915998,0.0294716787997326,"Smooth Muscle","CD247",0.00838598283527419,4902109709.5,2.45373786742264e-72,9.6183466105158e-72
0.498172717263121,0.0036545654737572,-0.00841487249101917,0.00178289789480902,0.00543704410385189,"Smooth Muscle","PRG4",0.00373345546906902,5010663375,2.22362854401058e-09,3.72870093469621e-09
0.484367368836307,0.0312652623273862,-0.0764160556812779,0.081259000205719,0.112311932644448,"Smooth Muscle","KCNT2",0.191027619546333,4871808011.5,2.56826745507913e-32,6.45622700811498e-32
0.460424835671638,0.079150328656723,-0.205489260810583,0.00342864979770966,0.0824560360613762,"Smooth Muscle","PTPRC",0.00637967130533466,4630991985.5,2.89697587521286e-263,3.84198336703681e-262
0.332163498680363,0.335673002639273,-1.08971834189294,0.0313378591510663,0.359970016514115,"Smooth Muscle","TNNT2",0.071828929005608,3340928597,0,0
0.755869719448004,0.511739438896009,1.24670995770411,0.550984022491943,0.0505442118678349,"Smooth Muscle","LMOD1",1.33813695116597,7602601644.5,0,0
0.448501897922826,0.102996204154348,-0.177449108918099,0.00774874854282384,0.110721416009268,"Smooth Muscle","G0S2",0.0128657253670221,4511070068,0,0
0.391344593590292,0.217310812819416,-1.2888273067929,0.219776452033189,0.369195592949531,"Smooth Muscle","RYR2",0.6237959386534,3936177061,0,0
0.433715250396581,0.132569499206838,-0.254084066423865,0.218267846122197,0.375553309854969,"Smooth Muscle","SMYD3",0.54952327310643,4362344715.0625,1.49519774548313e-219,1.6295434835055e-218
0.450949301209398,0.0981013975812044,-0.140937815535285,0.058561338544881,0.158277428437626,"Smooth Muscle","LPIN1",0.102556801984335,4535686257.5,1.36896102076557e-226,1.54949495486653e-225
0.445745815428586,0.108508369142828,-0.469859046830984,0.423506823013097,0.427289321790368,"Smooth Muscle","SLC8A1",1.18201639253018,4483349156.89062,4.16056292551229e-137,2.76304050694278e-136
0.48423815313158,0.0315236937368402,-0.067786701818396,0.0109031063567167,0.0424872374451402,"Smooth Muscle","NRXN1",0.0231174811482891,4870508349,6.18038502829647e-79,2.58609981274311e-78
0.358707689378885,0.282584621242231,-0.665343394863206,0.313447164506617,0.569787723299401,"Smooth Muscle","SPTBN1",0.668544304398504,3607912314.78125,0,0
0.46757374620429,0.0648525075914207,-0.0803238333046199,0.193718713570596,0.274459086605588,"Smooth Muscle","EHBP1",0.447402881438877,4702896333,1.22439835302268e-65,4.49158587657475e-65
0.438453500814874,0.123092998370252,-0.576203589287429,0.202564630048687,0.292878342151011,"Smooth Muscle","TMSB10",0.427427260671907,4410002439,2.41366050504941e-221,2.67186604745004e-220
0.474963585360763,0.0500728292784738,-0.0976678467241193,0.0136460261948845,0.0638091496028058,"Smooth Muscle","IL18R1",0.0286654743421781,4777223961,3.38266137563502e-134,2.19107878439441e-133
0.482291683736579,0.0354166325268418,-0.0929702928681147,0.00342864979770966,0.0387827980623825,"Smooth Muscle","CXCR4",0.00591993657564762,4850930595,2.1833081251277e-108,1.17018937004714e-107
0.47343005119474,0.05313989761052,-0.145187268956712,0.0842076390317493,0.135267857790124,"Smooth Muscle","ARHGAP15",0.182042561372192,4761799544.5,6.14311535526008e-77,2.51727658531504e-76
0.502585113516745,0.00517022703349035,0.0133730433570456,0.405814990056916,0.408696080833622,"Smooth Muscle","ZEB2",0.93815153587383,5055043630.15625,0.229518108933818,0.264945463363859
0.462477353288944,0.0750452934221116,-0.228532741674732,0.0918878145786189,0.163392599530529,"Smooth Muscle","SCN7A",0.227031400700644,4651636381.5,1.38413250509474e-129,8.64751389844927e-129
0.322125624301477,0.355748751397045,-1.74360234635902,0.0761160255091545,0.40823211973676,"Smooth Muscle","TTN",0.188498828566201,3239966806.5,0,0
0.462943144207347,0.0741137115853069,-0.228187562606643,0.186038538023726,0.245571708812216,"Smooth Muscle","TFPI",0.37692871828882,4656321346,5.06295484683907e-92,2.38291717697834e-91
0.525118494729666,0.0502369894593329,0.101587079049514,0.206130425838305,0.153795854217624,"Smooth Muscle","MYO1B",0.459905570749454,5281686286.5,2.81924702272618e-61,9.89489409411189e-61
0.455435873299432,0.0891282534011364,-0.164035717206705,0.118425564012892,0.210981959162724,"Smooth Muscle","ANKRD44",0.255567528683884,4580812579.5,1.59905610035039e-148,1.15373109542692e-147
0.316328433641088,0.367343132717823,-0.802446726216234,0.181924158266475,0.525000978667939,"Smooth Muscle","CFLAR",0.341382216555769,3181658171.9375,0,0
0.493239622883473,0.0135207542330535,-0.0223158135583986,0.0418295275320579,0.0554810479141324,"Smooth Muscle","NRP2",0.0793156044159191,4961045894,1.53226328216206e-12,2.7646983839195e-12
0.520324088285596,0.0406481765711928,0.0953202493013588,0.11431118425564,0.0743889124896877,"Smooth Muscle","DOCK10",0.250298609604853,5233463740.5,1.3274989170394e-75,5.3586777279161e-75
0.432948269722954,0.134103460554093,-0.362410235107229,0.0498525680586985,0.181265250908711,"Smooth Muscle","PID1",0.10882015417636,4354630358.5,0,0
0.444932617125762,0.110134765748476,-0.326830903351752,0.0568470136460262,0.162239946180513,"Smooth Muscle","COL6A3",0.113748299918599,4475169939.5,2.3543544724713e-279,3.35748105013478e-278
0.47227425669002,0.0554514866199607,-0.0909463408310899,0.00418295275320579,0.059674096327023,"Smooth Muscle","CHL1",0.00776738738775328,4750174465.5,4.01375685629803e-175,3.42657710873102e-174
0.487104025354766,0.0257919492904679,0.00319561181236444,0.152986353973805,0.188041982679752,"Smooth Muscle","PPARG",0.355180991109946,4899333534.5,4.37984466097784e-15,8.29171494884893e-15
0.46607179036656,0.0678564192668794,-0.13838855735133,0.0030172118219845,0.0708338105849824,"Smooth Muscle","STAB1",0.00522635627777665,4687789534,5.94624091105138e-223,6.61143907357556e-222
0.454869522430275,0.0902609551394492,-0.199416552126655,0.0180346979359528,0.108200077423508,"Smooth Muscle","CADM2",0.0379891893737306,4575116174.5,4.02803185577201e-267,5.46125458382268e-266
0.473968325992854,0.0520633480142925,-0.162953276307392,0.0608928204073236,0.109538315212269,"Smooth Muscle","CCDC80",0.0994092991686479,4767213558,1.26512062711881e-88,5.78434695867508e-88
0.609166713001781,0.218333426003561,0.639804717556276,0.464650620585613,0.32350267430076,"Smooth Muscle","KALRN",1.30206125735555,6127050383,0,0
0.49872283268535,0.00255433462929988,-0.00714664236932017,0.000891448947404512,0.00344491114420056,"Smooth Muscle","CPA3",0.00191254058765716,5016196482.5,1.52052104948e-07,2.41713301953623e-07
0.456591528463508,0.0868169430729845,-0.336412440206942,0.109373928546938,0.18325303423308,"Smooth Muscle","TM4SF1",0.191870503915121,4592436257,2.3744330784449e-157,1.81740614417956e-156
0.733852345806046,0.467704691612092,1.34877779719255,0.53507508743057,0.0785442640634583,"Smooth Muscle","KCNAB1",1.53615717169722,7381149036,0,0
0.457918560739133,0.0841628785217349,-0.183125676088189,0.0374408557909895,0.121608553122821,"Smooth Muscle","RARRES1",0.0771363990314748,4605783660,2.10989301764083e-209,2.18328060086312e-208
0.40446307391841,0.191073852163181,-0.379952235811887,0.10155660700816,0.295818695602374,"Smooth Muscle","TNIK",0.212916403663218,4068123847,0,0
0.680507708068855,0.361015416137709,0.922153830227723,0.838030583556196,0.66469676517624,"Smooth Muscle","LPP",2.78772722044015,6844604152.46875,0,0
0.336520587370569,0.326958825258862,-1.31953584096038,0.0305835561955702,0.349762872383151,"Smooth Muscle","FGF12",0.0752947957321753,3384752564,0,0
0.440317840010502,0.119364319978997,-0.340354558352451,0.0872248508537338,0.203648474075449,"Smooth Muscle","LDB2",0.200393990399907,4428754120.5,1.11397154776384e-272,1.5423951964793e-271
0.446721894366346,0.106556211267308,-0.229055749621069,0.189604333813344,0.29407304197543,"Smooth Muscle","RBPJ",0.341602076634412,4493166641.5,4.84700060091358e-166,3.93570191716413e-165
0.46848368813579,0.0630326237284207,-0.161460270277433,0.00528012068847288,0.0682066308740012,"Smooth Muscle","RBM47",0.0109060766908557,4712048606,2.36378919999505e-199,2.32575728437502e-198
0.497927131390778,0.0041457372184448,-0.010109572061141,0.00164575190290064,0.00579081444020919,"Smooth Muscle","KIT",0.003670801171395,5008193251.5,4.76805584024576e-11,8.34243984287783e-11
0.745653976422816,0.491307952845631,1.56410518858279,0.81553864088322,0.507537193006366,"Smooth Muscle","IGFBP7",2.99208734523844,7499850836.09375,0,0
0.421017674005208,0.157964651989584,-0.267645532316698,0.0728245217033532,0.233682705705127,"Smooth Muscle","BMP2K",0.139555214445173,4234631416.5,0,0
0.746645566534731,0.493291133069461,1.71171278273,0.834053349790852,0.418371119581623,"Smooth Muscle","SPARCL1",3.10247949928131,7509824333.40625,0,0
0.497162720646051,0.00567455870789846,-0.0121012004353917,0.00116574093122129,0.00684052642185953,"Smooth Muscle","MMRN1",0.00242944654144281,5000504743.5,1.05580798096387e-16,2.07046989875689e-16
0.49351094238287,0.0129781152342593,-0.0202266101640351,0.00493725570870191,0.0179436954211389,"Smooth Muscle","HPGDS",0.00977931417273923,4963774848.5,5.58687199677428e-32,1.39826615897667e-31
0.439603265243535,0.12079346951293,-0.414818240423836,0.456353288075156,0.48372004007464,"Smooth Muscle","PDLIM5",1.10879692425337,4421566866.98438,9.6168694690965e-160,7.51763449133278e-159
0.466600083592317,0.0667998328153666,-0.0883877566561678,0.0299663992319824,0.097615964901343,"Smooth Muscle","SMAD1",0.0542367855344157,4693103152,7.58111966209955e-161,5.95799551489948e-160
0.466867546094956,0.0662649078100886,-0.290819333294994,0.445450181718439,0.407278099731337,"Smooth Muscle","PALLD",1.05650742803989,4695793312.5,1.48529735995409e-53,4.82194600986385e-53
0.454110815355962,0.0917783692880758,-0.157963765974249,0.00891448947404512,0.100840494524534,"Smooth Muscle","TENM3",0.0171327512442861,4567485034.5,2.43253178891289e-294,3.71245666086081e-293
0.40609977708063,0.18780044583874,-0.356343130914196,0.0370979908112185,0.223082644520257,"Smooth Muscle","ACSL1",0.055888499149932,4084585946,0,0
0.469866320808294,0.0602673583834121,-0.311177572804689,0.41308372762806,0.374041086654884,"Smooth Muscle","SORBS2",1.07066957224274,4725955242.5,1.06497059717933e-46,3.21058920875082e-46
0.56579166775973,0.13158333551946,0.281028949217536,0.224027977782349,0.0863460598828788,"Smooth Muscle","EGFLAM",0.527841118249429,5690780505,0,0
0.438969260789617,0.122061478420766,-0.399577942165553,0.0735788246588494,0.18899310292832,"Smooth Muscle","C7",0.158841269728562,4415189996.5,1.62484514463391e-302,2.56193130204504e-301
0.430551121133587,0.138897757732827,-0.244396693493014,0.104916683809916,0.251323376534878,"Smooth Muscle","GHR",0.235509195759997,4330519635,0,0
0.344570548678714,0.310858902642571,-0.916599856082885,0.036206541863814,0.33928895062149,"Smooth Muscle","CMYA5",0.0759482814896143,3465719756.5,0,0
0.496437075297825,0.00712584940434957,0.0426646114913414,0.309538503737228,0.353665945110502,"Smooth Muscle","FER",0.746808703279649,4993206141.14062,0.0840491936549216,0.101730080314101
0.728745073185121,0.457490146370242,1.21530773563749,0.645683329904684,0.182951459520119,"Smooth Muscle","PDGFRB",1.7114107789873,7329779655.5,0,0
0.412258976617829,0.175482046764343,-0.517987258922077,0.0189947198793115,0.192094392885157,"Smooth Muscle","CD74",0.0322970027466937,4146535696.5,0,0
0.34976426484508,0.300471470309839,-1.01939626818655,0.0984708221902215,0.379046066987283,"Smooth Muscle","SGCD",0.248506523674684,3517958593.5,0,0
0.642971007691972,0.285942015383944,0.777647021328382,0.587670575327436,0.290074277271851,"Smooth Muscle","EBF1",1.60979964670844,6467056841.50781,0,0
0.468506826437706,0.0629863471245886,-0.140160848823441,0.00342864979770966,0.0663580358786916,"Smooth Muscle","DOCK2",0.0064079721623856,4712281333,2.80637913244304e-204,2.83894022289413e-203
0.478555559693156,0.0428888806136885,-0.104205268731128,0.0399094836453405,0.0820022241135081,"Smooth Muscle","GFPT2",0.0714744184963314,4813352343,1.958206724871e-78,8.16089371472507e-78
0.474329491623879,0.0513410167522412,-0.159683810436088,0.00486868271274772,0.0560957963674746,"Smooth Muscle","F13A1",0.00997710437826359,4770846192.5,2.90492305223977e-159,2.26278216700782e-158
0.342416189007708,0.315167621984583,-1.10453942204743,0.034766508948776,0.340189325125088,"Smooth Muscle","MLIP",0.0715556138623398,3444051024.5,0,0
0.387257002101431,0.225485995797138,-0.562517096107592,0.394500445724474,0.573408069733353,"Smooth Muscle","DST",0.898742031030302,3895063719.67188,0,0
0.549924882273901,0.0998497645478016,0.277364272253541,0.280874991428376,0.180176392209513,"Smooth Muscle","ADGRB3",0.778918667703697,5531191033,5.53220520424247e-207,5.66142928861815e-206
0.473537389622925,0.0529252207541491,-0.0793059555097585,0.0199547418226702,0.0734711394449575,"Smooth Muscle","SLC35F1",0.0434892822778772,4762879163.5,2.25985229313913e-131,1.43321997071539e-130
0.266222102058112,0.467555795883775,-1.75486289936194,0.131111568264417,0.555055508595604,"Smooth Muscle","LAMA2",0.371322390404242,2677684445.92188,0,0
0.458029415840833,0.0839411683183344,-0.164106720488291,0.0126860042515257,0.096564803041265,"Smooth Muscle","ARHGAP18",0.0234213107753495,4606898650,4.41122334419659e-256,5.6420091167749e-255
0.57854389023483,0.15708778046966,0.362928093887985,0.295138174586848,0.140575862713911,"Smooth Muscle","AKAP12",0.669125295382464,5819043438.5,0,0
0.456945408860581,0.0861091822788381,-0.138981606113513,0.0153603510937393,0.101935152737443,"Smooth Muscle","SYTL3",0.030910875838921,4595995616,1.40344765871404e-256,1.79894615467771e-255
0.287017089933868,0.425965820132265,-1.09606969793443,0.227662346567922,0.592002760568526,"Smooth Muscle","QKI",0.458084705174345,2886842194.875,0,0
0.479635080381888,0.0407298392362242,-0.090423442845009,0.00260577384625934,0.0432962696077934,"Smooth Muscle","IKZF1",0.00423136333223268,4824210253.5,1.11572427071798e-128,6.92882082365485e-128
0.488683252663636,0.0226334946727287,-0.0341386094668892,0.00233148186244257,0.0249741559170264,"Smooth Muscle","MLXIPL",0.00412116582087512,4915217536.5,1.64326257083323e-68,6.19990154188406e-68
0.290524221465135,0.41895155706973,-1.22848078229113,0.156895014743194,0.555036660176044,"Smooth Muscle","CD36",0.413798465021624,2922117220.79688,0,0
0.474041989769174,0.0519160204616528,-0.0764734959556042,0.0190632928752657,0.0714572583088908,"Smooth Muscle","SEMA3A",0.038799824613556,4767954474.5,9.55453431834039e-130,5.9756554834734e-129
0.492852852824943,0.0142942943501142,-0.0235609359985571,0.00459439072893095,0.018909314453983,"Smooth Muscle","RELN",0.00921694211750272,4957155728,1.29787868133587e-36,3.45813000539901e-36
0.439613624473841,0.120772751052318,-0.277915941516894,0.208804772680518,0.325681841577584,"Smooth Muscle","NAMPT",0.428250924040835,4421671061,6.02183382172191e-199,5.90515240914066e-198
0.420700210481893,0.158599579036215,-0.267970274617267,0.0169375300006857,0.17622402361562,"Smooth Muscle","PLXNA4",0.0333709967212328,4231438341.5,0,0
0.778783839573051,0.557567679146102,1.40008112668867,0.884728793801001,0.624761313763841,"Smooth Muscle","CALD1",3.0821736231118,7833073805.0625,0,0
0.489242031763173,0.0215159364736544,-0.0308389830654563,0.00534869368442707,0.0269053939827145,"Smooth Muscle","KIAA1549",0.0102370346620302,4920837784,9.48062724716585e-58,3.21410600725861e-57
0.52679672339235,0.0535934467847008,0.190616289872794,0.405060687101419,0.349584537336544,"Smooth Muscle","TMSB4X",1.44244912494254,5298566052.5,9.86332608766891e-39,2.7016002963612e-38
0.490260419639881,0.0194791607202376,-0.0309933076815846,0.0343550709730508,0.0541051132862509,"Smooth Muscle","GPM6B",0.0697154210296723,4931080815.5,5.63395269032203e-25,1.27000095714772e-24
0.380391688997531,0.239216622004938,-0.567674790616429,0.240005485839676,0.462879487554968,"Smooth Muscle","SAT1",0.499058203596702,3826011819.125,0,0
0.50825076119035,0.0165015223807006,0.0544037110462352,0.554549818281561,0.453327688473321,"Smooth Muscle","DMD",1.70716771790633,5112029194.21875,0.000191451176037611,0.000272207807570388
0.542917199524206,0.0858343990484116,0.181088834767759,0.287046561064253,0.194621530984627,"Smooth Muscle","TIMP1",0.676435809378715,5460707166.5,1.22464540262798e-144,8.55891064725556e-144
0.723178156442324,0.446356312884647,1.18601276126351,0.582527600630872,0.225882359764134,"Smooth Muscle","FLNA",1.56762006425935,7273787135.5,0,0
0.43191748296475,0.136165034070499,-0.344765146017237,0.0233148186244257,0.158113592175296,"Smooth Muscle","F8",0.0449448049878988,4344262618,0,0
0.473671814669358,0.0526563706612835,-0.156911604400086,0.128505794418158,0.174785744215348,"Smooth Muscle","CTSB",0.190838967020655,4764231222,3.40024992718489e-61,1.19245722257229e-60
0.633195554913612,0.266391109827223,0.872590885352836,0.695947335939107,0.550750819543781,"Smooth Muscle","DLC1",2.36587593951437,6368734509.6875,0,0
0.477624705330839,0.0447505893383223,-0.104065121359826,0.00212576287457999,0.0468441221203602,"Smooth Muscle","MSR1",0.00378469719037406,4803989731,6.95952693697392e-144,4.83324875449467e-143
0.673709076216234,0.347418152432469,0.920214953341412,0.730713844887883,0.511821583760202,"Smooth Muscle","RBPMS",2.14362006991166,6776222937.59375,0,0
0.493771219372332,0.0124575612553361,-0.034368827294386,0.00685729959541932,0.0192891826020388,"Smooth Muscle","XKR4",0.0133289574183226,4966392736.5,1.2204460714512e-27,2.86555075461918e-27
0.459495871281479,0.081008257437042,-0.37081772155324,0.12068847287938,0.186386221515326,"Smooth Muscle","FABP5",0.223943555572897,4621648383,2.59397239751183e-135,1.69832869386536e-134
0.431442460073093,0.137115079853813,-0.363857719609188,0.348830830418981,0.501918914099053,"Smooth Muscle","ZFPM2",0.932482818692589,4339484797.53125,2.04740667218738e-202,2.04299865782233e-201
0.491357531898544,0.0172849362029118,-0.0512257971088649,0.00384008777343482,0.0210884817308069,"Smooth Muscle","PKHD1L1",0.00784172823649566,4942115663.5,1.28235027616408e-47,3.91145705988948e-47
0.529664828461746,0.0593296569234918,0.132416624236302,0.603853802372626,0.577251697445169,"Smooth Muscle","NFIB",1.52613007365414,5327413696.15625,2.40175571484033e-37,6.44616300666989e-37
0.43505487636589,0.12989024726822,-0.305816186119481,0.0560927106905301,0.184820352813417,"Smooth Muscle","BNC2",0.121964232172008,4375818786.5,0,0
0.499716963359242,0.000566073281515256,-0.00483872309523194,0.00438867174106837,0.00494843507371907,"Smooth Muscle","CCL21",0.00813437914031595,5026195533,0.334463387133047,0.376827608379428
0.488313156405869,0.0233736871882624,-0.00692668368766414,0.194541589522046,0.226878426243959,"Smooth Muscle","FRMD3",0.519783954824558,4911495077,4.00267972042576e-11,7.01584347493416e-11
0.476875908493234,0.0462481830135326,-0.166773151560223,0.403209216210656,0.410172057073014,"Smooth Muscle","GSN",0.935672796322655,4796458269,6.70645248126665e-27,1.5549505147455e-26
0.469883126542725,0.0602337469145501,-0.190544893709333,0.25330864705479,0.293845411062282,"Smooth Muscle","STOM",0.457031312155127,4726124276,3.23551861589345e-54,1.05937820901869e-53
0.476734681008545,0.0465306379829098,-0.157178264158584,0.251662895151889,0.281944808927771,"Smooth Muscle","ENG",0.532737524924504,4795037791,6.04352047065388e-34,1.55293963421588e-33
0.428562566191137,0.142874867617726,-0.374257540134748,0.0114516903243503,0.153415986069568,"Smooth Muscle","EGFL7",0.0203832650995549,4310518581,0,0
0.532833741814633,0.0656674836292657,0.240036930692163,0.38332304738394,0.321833864230484,"Smooth Muscle","IFITM3",1.2666165160268,5359286895,3.41139051653634e-60,1.18317073212363e-59
0.499051501423535,0.00189699715293079,-0.00751925582509608,0.0961393403277789,0.0976739600384508,"Smooth Muscle","PNPLA2",0.139167819132995,5019502260.5,0.445829754804722,0.491977045214333
0.40594393841452,0.188112123170961,-0.35929341530396,0.0149489131180141,0.203312102280224,"Smooth Muscle","PDE3B",0.0292725714832248,4083018507.5,0,0
0.49992155255944,0.000156894881119363,-0.0744773854861375,0.278200644586162,0.260725838138472,"Smooth Muscle","CD59",0.55486263614217,5028253308.5,0.966462257112177,0.976385778251572
0.33751512398656,0.324969752026881,-1.13744903484137,0.022697661660838,0.342416338390026,"Smooth Muscle","MYBPC3",0.0551676060241269,3394755697.5,0,0
0.477528627396437,0.0449427452071265,-0.106210794351551,0.0010285949393129,0.0459625960363224,"Smooth Muscle","MS4A6A",0.00211921021639189,4803023371,8.66268393545697e-148,6.18682844571242e-147
0.447008524037104,0.105982951925792,-0.162442311984569,0.147843379277241,0.265674273212191,"Smooth Muscle","TMEM135",0.327104714268617,4496049587,2.02137501636701e-176,1.74000277557458e-175
0.554235112340915,0.10847022468183,0.249583035237095,0.213604882397312,0.101053626653405,"Smooth Muscle","GUCY1A2",0.526988160695004,5574543692,0,0
0.443490913365773,0.113018173268454,-0.178910012507865,0.160186518548995,0.286442331810478,"Smooth Muscle","SIK2",0.354834189387286,4460669161,4.06145099436442e-190,3.80075849695782e-189
0.770888049062527,0.541776098125053,2.24189308172981,0.601933758485908,0.102486106539967,"Smooth Muscle","TAGLN",2.46979451159125,7753657275.5,0,0
0.737793999437455,0.47558799887491,1.21006950174602,0.554755537269423,0.106582013098202,"Smooth Muscle","MCAM",1.41230568741471,7420794522,0,0
0.462016030169475,0.0759679396610496,-0.145197911629242,0.0193375848590825,0.0954918930047715,"Smooth Muscle","NTM",0.0391656360192131,4646996354.5,5.94725099473891e-212,6.24585477157672e-211
0.730263511087308,0.460527022174616,1.22795647395149,0.483165329493246,0.02919040238476,"Smooth Muscle","ITGA8",1.28128133042364,7345052232.5,0,0
0.475722321019047,0.0485553579619052,-0.131514975460758,0.00185147089076322,0.0503658768212285,"Smooth Muscle","MRC1",0.0035525346436946,4784855388.5,6.31095364580633e-158,4.86213979046111e-157
0.328223232440336,0.343553535119328,-1.081426292329,0.0226290886648838,0.361118320228849,"Smooth Muscle","NEBL",0.049912894693577,3301297065.5,0,0
0.467445911077396,0.0651081778452086,-0.181740537442882,0.408626482891038,0.440908029861696,"Smooth Muscle","SVIL",0.97879884050811,4701610556.46875,8.00242419750009e-50,2.50201837327129e-49
0.443481813820192,0.113036372359617,-0.259024606819031,0.364945484468216,0.494192511957872,"Smooth Muscle","NRP1",0.870507563852578,4460577637,4.34614247528387e-139,2.92824258893265e-138
0.679254595504833,0.358509191009665,0.966254187313791,0.76925186861414,0.612846212845053,"Smooth Muscle","PRKG1",3.00654402401034,6832000240.1875,0,0
0.444884595806056,0.110230808387888,-0.322357785949286,0.0778989234039635,0.183461816726667,"Smooth Muscle","BICC1",0.175228225159494,4474686937,6.83319433481138e-253,8.56556716190022e-252
0.373382057355415,0.25323588528917,-0.61993039599396,0.110128231502434,0.358046027840566,"Smooth Muscle","ANK3",0.245019440454482,3755508350.5,0,0
0.449382065795988,0.101235868408023,-0.390028423337052,0.325036000822876,0.357296440693448,"Smooth Muscle","CTNNA3",0.924159389594422,4519922871,3.6177107364993e-132,2.30434435772968e-131
0.376446502539557,0.247106994920887,-0.584350153194612,0.118631283000754,0.368119783156182,"Smooth Muscle","LRMDA",0.287627896140344,3786330799.65625,0,0
0.420023312969366,0.159953374061268,-0.588643446698496,0.265240348350819,0.356662843820546,"Smooth Muscle","LDB3",0.571542333609133,4224630049,0,0
0.856809492068902,0.713618984137805,2.59117355627268,0.778646369059864,0.126011833907727,"Smooth Muscle","ACTA2",2.90558415191096,8617862425,0,0
0.497432728203322,0.00513454359335686,-0.039146239681112,0.459781937872866,0.431836140539616,"Smooth Muscle","SORBS1",1.28052956440399,5003220502.375,0.239720638865071,0.276071398135855
0.468562077215337,0.0628758455693252,-0.119250893981414,0.0141260371665638,0.0771016350279029,"Smooth Muscle","SORCS1",0.0282385891171636,4712837050,6.34389010302189e-177,5.47420835347484e-176
0.366725471222293,0.266549057555414,-0.871195259425931,0.0797503942947267,0.32782186213686,"Smooth Muscle","RBM20",0.171569157991727,3688555843.5,0,0
0.484349698474039,0.0313006030519223,-0.0549248977557233,0.013851745182747,0.0451941604696446,"Smooth Muscle","GPAM",0.0218891925490493,4871630281.5,2.0254998046709e-73,8.02544489535747e-73
0.268651007729675,0.462697984540651,-1.4262697567933,0.0497839950627443,0.497979594411009,"Smooth Muscle","ABLIM1",0.104660715063541,2702114584.84375,0,0
0.391010638805937,0.217978722388126,-0.383787166454036,0.0133031612151135,0.231645626514217,"Smooth Muscle","PTPRE",0.0252935947530942,3932818115.5,0,0
0.586887461599636,0.173774923199272,0.614835642610868,0.66769526160598,0.47925006488206,"Smooth Muscle","CACNA1C",2.36092080459676,5902963785.8125,0,0
0.421116387431441,0.157767225137119,-0.502997283947279,0.0225605156689296,0.177830488913505,"Smooth Muscle","VWF",0.0457419068141586,4235624284.5,0,0
0.471124961832308,0.0577500763353834,-0.171174220024687,0.00267434684221354,0.0603294413763406,"Smooth Muscle","CD163",0.00518545263099571,4738614760.5,6.04303727443668e-188,5.5693339862574e-187
0.486541697965357,0.0269166040692865,-0.0753642614577213,0.0010285949393129,0.0279290081526664,"Smooth Muscle","CD69",0.00184672880072677,4893677598,1.72136534307277e-86,7.72006275075061e-86
0.498096824583316,0.00380635083336822,-0.113892417683394,0.272303366934101,0.251487212797207,"Smooth Muscle","MGP",0.610509921107833,5009900040,0.301460753407791,0.341897532939533
0.626076358767152,0.252152717534304,0.606293890254209,0.530069258725914,0.270455972266725,"Smooth Muscle","EPS8",1.28714172323906,6297129032,0,0
0.443792337503346,0.112415324993308,-0.295702503024686,0.0336693410135089,0.144397742249312,"Smooth Muscle","MGST1",0.0699954906558799,4463700910.5,0,0
0.39801679059815,0.203966418803701,-0.434657691937186,0.078790372351368,0.283974638726543,"Smooth Muscle","ABCC9",0.167144640155051,4003286583.5,0,0
0.634927525648445,0.269855051296889,0.819438236175587,0.504217239251183,0.285260680891907,"Smooth Muscle","SOX5",1.53991835771312,6386154818,0,0
0.392976954305166,0.214046091389668,-0.494024234978506,0.255777274909141,0.451019482016433,"Smooth Muscle","PPFIBP1",0.519491913398003,3952595483.29688,0,0
0.458430165002193,0.0831396699956138,-0.405064965712005,0.156483576767469,0.217291830080048,"Smooth Muscle","DCN",0.319422469503519,4610929419,2.6334698270754e-126,1.60932236621971e-125
0.550892461272348,0.101784922544695,0.225596704021259,0.375985736816842,0.281988305280602,"Smooth Muscle","BTG1",0.805219225677852,5540923024.5,1.49607839272205e-154,1.12410122238143e-153
0.464914615181478,0.0701707696370449,-0.126303890875019,0.0451210313378591,0.115440770291411,"Smooth Muscle","ELK3",0.0833062404020376,4676150568,1.04983873523403e-152,7.81808025578929e-152
0.406835347592921,0.186329304814158,-0.407257841750136,0.137831721867928,0.324548036647127,"Smooth Muscle","ACACB",0.294582063760744,4091984376.5,0,0
0.422868165832828,0.154263668334344,-0.426563113444599,0.0312692861551121,0.183251584354652,"Smooth Muscle","FLT1",0.0656392015236917,4253243820,0,0
0.396396693536179,0.207206612927642,-0.452871346714945,0.217444970170747,0.432111617440878,"Smooth Muscle","STARD13",0.48763805777119,3986991510.0625,0,0
0.568022188666269,0.136044377332538,0.339677508563703,0.653980662415141,0.556432893101913,"Smooth Muscle","LHFPL6",1.72571707133848,5713215273.15625,1.06653195631573e-190,1.00394232039726e-189
0.421495667843343,0.157008664313314,-0.464658672640606,0.0159089350613728,0.171017510181771,"Smooth Muscle","RNASE1",0.0264781896316705,4239439119,0,0
0.470412672144098,0.0591746557118045,-0.128326913574278,0.0560927106905301,0.114937662477001,"Smooth Muscle","RHOJ",0.114435705000028,4731450490.5,2.16295053305729e-109,1.16816574020868e-108
0.483590797824103,0.0328184043517934,-0.0608539721417377,0.0436809984228211,0.0772234248158292,"Smooth Muscle","NRXN3",0.10102027305913,4863997194.5,3.720277897127e-49,1.15578645835598e-48
0.466936679883564,0.0661266402328725,-0.167381860781372,0.00548583967633546,0.0714775566068785,"Smooth Muscle","FMN1",0.0102122570439109,4696488666,6.08340654098505e-210,6.30240917646051e-209
0.439533818176159,0.120932363647681,-0.207207939806866,0.0240691215799218,0.146130346970407,"Smooth Muscle","FRMD5",0.0512184255231156,4420868362.5,0,0
0.477901018275967,0.0441979634480665,-0.261928795055019,0.390111773983405,0.406596656870321,"Smooth Muscle","B2M",1.20484586865669,4806768910,7.96258030830044e-25,1.7912500241383e-24
0.463930821515407,0.0721383569691857,-0.230978113530369,0.103133785915107,0.167897371805374,"Smooth Muscle","FBN1",0.20581660758988,4666255488,3.6362266381774e-117,2.07926050492144e-116
0.445571619294365,0.10885676141127,-0.263590016666186,0.299801138311733,0.4207938664343,"Smooth Muscle","RORA",0.787440365783488,4481597077.42188,1.7386370165646e-139,1.17591686389154e-138
0.589624291431721,0.179248582863442,0.481739648061084,0.638688884317356,0.516687375763542,"Smooth Muscle","TPM1",1.8828666869616,5930491052.01562,0,0
0.730557993197424,0.461115986394849,1.16661134769537,0.481245285606528,0.0274577976636659,"Smooth Muscle","NTRK3",1.21122327769368,7348014158.5,0,0
0.495374922762668,0.00925015447466382,-0.0186368118242965,0.00150860591099225,0.0107537482982052,"Smooth Muscle","PLIN1",0.00218920658132893,4982522921,2.98701081335728e-27,6.96600032373521e-27
0.480891569356015,0.0382168612879701,-0.0719660462891254,0.00411437975725159,0.0423350002102324,"Smooth Muscle","MCTP2",0.00769087298535196,4836848126,7.2608708933888e-116,4.11979568860707e-115
0.447255453008102,0.105489093983795,-0.358935586800281,0.0423095385037372,0.142992810052877,"Smooth Muscle","SLC9A3R2",0.0601350521523248,4498533219.5,2.83363868850232e-285,4.16578001518388e-284
0.899067498693903,0.798134997387806,2.68038381405772,0.810121374202839,0.0388886391876041,"Smooth Muscle","MYH11",2.74752388374158,9042897034,0,0
0.491848087372819,0.0163038252543628,-0.0269131290362296,0.00267434684221354,0.01898035849694,"Smooth Muscle","HP",0.00465324270618848,4947049712,4.90175012567045e-47,1.48511307781366e-46
0.79233579533863,0.584671590677259,1.95857858974932,0.762531715010629,0.314797604220886,"Smooth Muscle","ZFHX3",2.62786385149413,7969380523.71875,0,0
0.498843646243675,0.00231270751265067,-0.00491020018038468,0.000754302955496126,0.00306649287457247,"Smooth Muscle","KRT19",0.00122139496875395,5017411635.5,4.70591100972215e-07,7.36489820866233e-07
0.425160743618353,0.149678512763295,-0.369014256519756,0.0207776177741206,0.169187763606022,"Smooth Muscle","PECAM1",0.04041347358077,4276302761.5,0,0
0.44321075386325,0.113578492273499,-0.182587192083436,0.0899677706919015,0.20872739820766,"Smooth Muscle","PRKCA",0.192967267067763,4457851293,2.11912939652229e-242,2.53031233434241e-241
0.395881363706701,0.208237272586597,-0.521602337210199,0.0433381334430501,0.249799554307371,"Smooth Muscle","ABCA8",0.0923581720276904,3981808279,0,0
0.432073617661377,0.135852764677246,-0.348063803430651,0.0247548515394638,0.15962001586167,"Smooth Muscle","ABCA9",0.0528307855930148,4345833034,0,0
0.423777352451538,0.152445295096924,-0.424551075311886,0.0252348625111431,0.176032639663164,"Smooth Muscle","ABCA6",0.0539884280284361,4262388496,0,0
0.496004769567719,0.00799046086456201,-0.0216213763956257,0.0198175958307618,0.0277013772395185,"Smooth Muscle","FASN",0.0286375547832241,4988857973.5,5.40047485865293e-09,8.9627933669992e-09
0.416709837187085,0.166580325625831,-0.593339903847271,0.22059932798464,0.341311531028123,"Smooth Muscle","MYOM1",0.508648515129366,4191302829,0,0
0.317933901507522,0.364132196984956,-0.934747053243929,0.183569910169375,0.529192577202402,"Smooth Muscle","PTPRM",0.425535058378606,3197806103.6875,0,0
0.464545051878062,0.0709098962438751,-0.1174362358477,0.0990879791538092,0.173776628829673,"Smooth Muscle","BCL2",0.218061275510827,4672433469,2.9578185629484e-110,1.60731565969291e-109
0.433062009419577,0.133875981160846,-0.425406665901163,0.0224233696770212,0.154612135772415,"Smooth Muscle","CDH19",0.0503423566929247,4355774362,0,0
0.717411076517506,0.434822153035012,1.36518507954601,0.620242748405678,0.360584764967457,"Smooth Muscle","DSTN",2.04036139147365,7215781357.26562,0,0
0.529231972277373,0.0584639445547463,0.153500711722658,0.115065487211136,0.0585968366552465,"Smooth Muscle","SLC24A3",0.269266776222563,5323059992,1.11118571822471e-190,1.0448586689468e-189
0.431682000258491,0.136635999483019,-0.230576547323186,0.102928066927244,0.246080616140337,"Smooth Muscle","RALGAPA2",0.215983673460163,4341894113,0,0
0.519838910823312,0.0396778216466236,0.0129680992122242,0.232119591304944,0.176822823406257,"Smooth Muscle","ID1",0.510344632579413,5228583784.5,7.24407125784283e-35,1.88564266912693e-34
0.756727805482816,0.513455610965631,1.72810468270675,0.678118356991017,0.331629242887984,"Smooth Muscle","MYL9",2.39145527596134,7611232346.5,0,0
0.496005249778431,0.00798950044313895,-0.0153849335362568,0.00116574093122129,0.00915453239245889,"Smooth Muscle","SLPI",0.0021604581149999,4988862803.5,4.70669178452695e-24,1.04492948076501e-23
0.430555104297507,0.138889791404986,-0.355992469637464,0.0194747308509909,0.157339357094908,"Smooth Muscle","TSHZ2",0.0395599698976366,4330559698,0,0
0.425089213101066,0.149821573797868,-0.45335993492359,0.0269491874099979,0.175019174642206,"Smooth Muscle","CFD",0.0586174485095252,4275583301.5,0,0
0.47274301765699,0.0545139646860195,-0.0715000072586751,0.0104916683809916,0.0650777932270379,"Smooth Muscle","PLIN4",0.0155929059814174,4754889303,5.50979569227388e-156,4.17909223653435e-155
0.450732097828265,0.0985358043434703,-0.245240927683968,0.0109031063567167,0.109077253872263,"Smooth Muscle","C3",0.0218915598453069,4533501607.5,0,0
0.463295526058675,0.0734089478826508,-0.114486845905028,0.0139888911746554,0.0878031877027111,"Smooth Muscle","ZNF536",0.0274435127344243,4659865632.5,9.83868656592923e-214,1.04133983052371e-212
0.499244211920797,0.00151157615840547,-0.00365082468209451,0.00384008777343482,0.00534860151976257,"Smooth Muscle","HAS1",0.00636888084350954,5021440559,0.012998778678459,0.0168062318371032
0.515509794570166,0.0310195891403322,0.0776010822942492,0.561681409860797,0.526155081896383,"Smooth Muscle","TIMP3",1.43089865636605,5185041166.64062,1.11976981324149e-11,1.9846418386645e-11
0.457567451694746,0.0848650966105075,-0.216922855219869,0.0409380785846534,0.125505826336462,"Smooth Muscle","NCAM2",0.100345972907618,4602252175.5,4.43137230820251e-207,4.53751913325945e-206
0.403518388992043,0.192963222015915,-0.408165077527772,0.221833641911815,0.400321583035262,"Smooth Muscle","APP",0.405051251323058,4058622126.01562,0,0
0.633374094901076,0.266748189802151,0.618270931142992,0.527600630871563,0.249982238989261,"Smooth Muscle","COL6A2",1.21424477110138,6370530280,0,0
